[0m11:23:05.699246 [debug] [MainThread]: Sending event: {'category': 'dbt', 'action': 'invocation', 'label': 'start', 'context': [<snowplow_tracker.self_describing_json.SelfDescribingJson object at 0x7a5209b166f0>, <snowplow_tracker.self_describing_json.SelfDescribingJson object at 0x7a520b5de300>, <snowplow_tracker.self_describing_json.SelfDescribingJson object at 0x7a5209553ad0>]}


============================== 11:23:05.701899 | a2be2261-d9bf-48b0-b8a6-e9d6d3c726b8 ==============================
[0m11:23:05.701899 [info ] [MainThread]: Running with dbt=1.11.0-b4
[0m11:23:05.702275 [debug] [MainThread]: running dbt with arguments {'fail_fast': 'False', 'partial_parse': 'True', 'introspect': 'True', 'log_cache_events': 'False', 'empty': 'None', 'printer_width': '80', 'no_print': 'None', 'warn_error_options': 'WarnErrorOptionsV2(error=[], warn=[], silence=[])', 'log_path': '/home/phuoc19/Projects/end_to_end_aws/dbt_snowflake_trans/logs', 'static_parser': 'True', 'use_colors': 'True', 'invocation_command': 'dbt ', 'log_format': 'default', 'warn_error': 'None', 'version_check': 'True', 'debug': 'False', 'quiet': 'False', 'indirect_selection': 'eager', 'write_json': 'True', 'send_anonymous_usage_stats': 'True', 'use_experimental_parser': 'False', 'target_path': 'None', 'profiles_dir': '/home/phuoc19/.dbt', 'cache_selected_only': 'False'}
[0m11:23:05.795767 [debug] [MainThread]: Sending event: {'category': 'dbt', 'action': 'project_id', 'label': 'a2be2261-d9bf-48b0-b8a6-e9d6d3c726b8', 'context': [<snowplow_tracker.self_describing_json.SelfDescribingJson object at 0x7a52089b4800>]}
[0m11:23:05.803126 [info ] [MainThread]: Warning: No packages were found in packages.yml
[0m11:23:05.803629 [info ] [MainThread]: Warning: No packages were found in packages.yml
[0m11:23:05.804598 [debug] [MainThread]: Resource report: {"command_name": "deps", "command_success": true, "command_wall_clock_time": 0.14556906, "process_in_blocks": "656", "process_kernel_time": 0.079963, "process_mem_max_rss": "102132", "process_out_blocks": "8", "process_user_time": 0.998547}
[0m11:23:05.804939 [debug] [MainThread]: Command `cli deps` succeeded at 11:23:05.804868 after 0.15 seconds
[0m11:23:05.805188 [debug] [MainThread]: Sending event: {'category': 'dbt', 'action': 'invocation', 'label': 'end', 'context': [<snowplow_tracker.self_describing_json.SelfDescribingJson object at 0x7a520cdb3890>, <snowplow_tracker.self_describing_json.SelfDescribingJson object at 0x7a520916d7c0>, <snowplow_tracker.self_describing_json.SelfDescribingJson object at 0x7a5209006570>]}
[0m11:23:05.805441 [debug] [MainThread]: Flushing usage events
[0m11:23:07.814044 [debug] [MainThread]: An error was encountered while trying to flush usage events
[0m14:31:10.622226 [debug] [MainThread]: Sending event: {'category': 'dbt', 'action': 'invocation', 'label': 'start', 'context': [<snowplow_tracker.self_describing_json.SelfDescribingJson object at 0x7cd890fdc0b0>, <snowplow_tracker.self_describing_json.SelfDescribingJson object at 0x7cd891419a60>, <snowplow_tracker.self_describing_json.SelfDescribingJson object at 0x7cd89128cdd0>]}


============================== 14:31:10.626740 | c539812a-3d27-4430-b01a-3c4500c9a988 ==============================
[0m14:31:10.626740 [info ] [MainThread]: Running with dbt=1.11.0-b4
[0m14:31:10.627500 [debug] [MainThread]: running dbt with arguments {'partial_parse': 'True', 'warn_error_options': 'WarnErrorOptionsV2(error=[], warn=[], silence=[])', 'introspect': 'True', 'cache_selected_only': 'False', 'log_path': '/home/phuoc19/Projects/end_to_end_aws/dbt_snowflake_trans/logs', 'fail_fast': 'False', 'log_cache_events': 'False', 'profiles_dir': '/home/phuoc19/.dbt', 'debug': 'False', 'indirect_selection': 'eager', 'version_check': 'True', 'printer_width': '80', 'write_json': 'True', 'warn_error': 'None', 'use_colors': 'True', 'log_format': 'default', 'target_path': 'None', 'send_anonymous_usage_stats': 'True', 'use_experimental_parser': 'False', 'static_parser': 'True', 'invocation_command': 'dbt ', 'empty': 'None', 'no_print': 'None', 'quiet': 'False'}
[0m14:31:10.712123 [debug] [MainThread]: Sending event: {'category': 'dbt', 'action': 'project_id', 'label': 'c539812a-3d27-4430-b01a-3c4500c9a988', 'context': [<snowplow_tracker.self_describing_json.SelfDescribingJson object at 0x7cd890a14860>]}
[0m14:31:10.722035 [info ] [MainThread]: Warning: No packages were found in packages.yml
[0m14:31:10.722761 [info ] [MainThread]: Warning: No packages were found in packages.yml
[0m14:31:10.723687 [debug] [MainThread]: Resource report: {"command_name": "deps", "command_success": true, "command_wall_clock_time": 0.14244263, "process_in_blocks": "408", "process_kernel_time": 0.071889, "process_mem_max_rss": "102288", "process_out_blocks": "24", "process_user_time": 1.060366}
[0m14:31:10.724052 [debug] [MainThread]: Command `cli deps` succeeded at 14:31:10.723977 after 0.14 seconds
[0m14:31:10.724326 [debug] [MainThread]: Sending event: {'category': 'dbt', 'action': 'invocation', 'label': 'end', 'context': [<snowplow_tracker.self_describing_json.SelfDescribingJson object at 0x7cd891859670>, <snowplow_tracker.self_describing_json.SelfDescribingJson object at 0x7cd894dfec00>, <snowplow_tracker.self_describing_json.SelfDescribingJson object at 0x7cd8909c5e50>]}
[0m14:31:10.724593 [debug] [MainThread]: Flushing usage events
[0m14:31:12.000453 [debug] [MainThread]: An error was encountered while trying to flush usage events
[0m20:04:36.145831 [debug] [MainThread]: Sending event: {'category': 'dbt', 'action': 'invocation', 'label': 'start', 'context': [<snowplow_tracker.self_describing_json.SelfDescribingJson object at 0x72b2a3ba9dc0>, <snowplow_tracker.self_describing_json.SelfDescribingJson object at 0x72b2a3ccfc80>, <snowplow_tracker.self_describing_json.SelfDescribingJson object at 0x72b2a1f53ec0>]}


============================== 20:04:36.148966 | 99b5f779-a3ee-44c2-ba8c-f31dba193939 ==============================
[0m20:04:36.148966 [info ] [MainThread]: Running with dbt=1.11.0-b4
[0m20:04:36.149568 [debug] [MainThread]: running dbt with arguments {'printer_width': '80', 'write_json': 'True', 'invocation_command': 'dbt ', 'cache_selected_only': 'False', 'use_experimental_parser': 'False', 'static_parser': 'True', 'target_path': 'None', 'empty': 'None', 'indirect_selection': 'eager', 'log_cache_events': 'False', 'no_print': 'None', 'quiet': 'False', 'introspect': 'True', 'use_colors': 'True', 'log_path': '/home/phuoc19/Projects/end_to_end_aws/dbt_snowflake_trans/logs', 'profiles_dir': '/home/phuoc19/.dbt', 'log_format': 'default', 'fail_fast': 'False', 'warn_error_options': 'WarnErrorOptionsV2(error=[], warn=[], silence=[])', 'partial_parse': 'True', 'warn_error': 'None', 'debug': 'False', 'send_anonymous_usage_stats': 'True', 'version_check': 'True'}
[0m20:04:36.236775 [debug] [MainThread]: Sending event: {'category': 'dbt', 'action': 'project_id', 'label': '99b5f779-a3ee-44c2-ba8c-f31dba193939', 'context': [<snowplow_tracker.self_describing_json.SelfDescribingJson object at 0x72b2a1127b60>]}
[0m20:04:36.246413 [info ] [MainThread]: Warning: No packages were found in packages.yml
[0m20:04:36.247100 [info ] [MainThread]: Warning: No packages were found in packages.yml
[0m20:04:36.248063 [debug] [MainThread]: Resource report: {"command_name": "deps", "command_success": true, "command_wall_clock_time": 0.14345796, "process_in_blocks": "416", "process_kernel_time": 0.064976, "process_mem_max_rss": "102240", "process_out_blocks": "8", "process_user_time": 1.053614}
[0m20:04:36.248437 [debug] [MainThread]: Command `cli deps` succeeded at 20:04:36.248362 after 0.14 seconds
[0m20:04:36.248692 [debug] [MainThread]: Sending event: {'category': 'dbt', 'action': 'invocation', 'label': 'end', 'context': [<snowplow_tracker.self_describing_json.SelfDescribingJson object at 0x72b2a11a0260>, <snowplow_tracker.self_describing_json.SelfDescribingJson object at 0x72b2a53b3860>, <snowplow_tracker.self_describing_json.SelfDescribingJson object at 0x72b2a0eb1760>]}
[0m20:04:36.248983 [debug] [MainThread]: Flushing usage events
[0m20:04:39.126501 [debug] [MainThread]: An error was encountered while trying to flush usage events
[0m21:42:49.100719 [debug] [MainThread]: Sending event: {'category': 'dbt', 'action': 'invocation', 'label': 'start', 'context': [<snowplow_tracker.self_describing_json.SelfDescribingJson object at 0x7289bfe324b0>, <snowplow_tracker.self_describing_json.SelfDescribingJson object at 0x7289bff44080>, <snowplow_tracker.self_describing_json.SelfDescribingJson object at 0x7289bf998b60>]}


============================== 21:42:49.105181 | 1db0cea1-2d35-409d-b4d8-c1907dd4c019 ==============================
[0m21:42:49.105181 [info ] [MainThread]: Running with dbt=1.11.0-b4
[0m21:42:49.105908 [debug] [MainThread]: running dbt with arguments {'version_check': 'True', 'use_experimental_parser': 'False', 'empty': 'None', 'use_colors': 'True', 'log_path': '/home/phuoc19/Projects/end_to_end_aws/dbt_snowflake_trans/logs', 'debug': 'False', 'cache_selected_only': 'False', 'partial_parse': 'True', 'indirect_selection': 'eager', 'target_path': 'None', 'warn_error': 'None', 'profiles_dir': '/home/phuoc19/.dbt', 'invocation_command': 'dbt ', 'log_cache_events': 'False', 'no_print': 'None', 'quiet': 'False', 'warn_error_options': 'WarnErrorOptionsV2(error=[], warn=[], silence=[])', 'send_anonymous_usage_stats': 'True', 'introspect': 'True', 'log_format': 'default', 'static_parser': 'True', 'write_json': 'True', 'fail_fast': 'False', 'printer_width': '80'}
[0m21:42:49.199956 [debug] [MainThread]: Sending event: {'category': 'dbt', 'action': 'project_id', 'label': '1db0cea1-2d35-409d-b4d8-c1907dd4c019', 'context': [<snowplow_tracker.self_describing_json.SelfDescribingJson object at 0x7289bfe324b0>]}
[0m21:42:49.207620 [info ] [MainThread]: Warning: No packages were found in packages.yml
[0m21:42:49.208250 [info ] [MainThread]: Warning: No packages were found in packages.yml
[0m21:42:49.208958 [debug] [MainThread]: Resource report: {"command_name": "deps", "command_success": true, "command_wall_clock_time": 0.14957249, "process_in_blocks": "0", "process_kernel_time": 0.07879, "process_mem_max_rss": "102260", "process_out_blocks": "8", "process_user_time": 1.088111}
[0m21:42:49.209297 [debug] [MainThread]: Command `cli deps` succeeded at 21:42:49.209228 after 0.15 seconds
[0m21:42:49.209560 [debug] [MainThread]: Sending event: {'category': 'dbt', 'action': 'invocation', 'label': 'end', 'context': [<snowplow_tracker.self_describing_json.SelfDescribingJson object at 0x7289bf172de0>, <snowplow_tracker.self_describing_json.SelfDescribingJson object at 0x7289bec62510>, <snowplow_tracker.self_describing_json.SelfDescribingJson object at 0x7289bf5323c0>]}
[0m21:42:49.209825 [debug] [MainThread]: Flushing usage events
[0m21:42:50.711073 [debug] [MainThread]: An error was encountered while trying to flush usage events
[0m21:46:10.174178 [debug] [MainThread]: Sending event: {'category': 'dbt', 'action': 'invocation', 'label': 'start', 'context': [<snowplow_tracker.self_describing_json.SelfDescribingJson object at 0x714df6902c90>, <snowplow_tracker.self_describing_json.SelfDescribingJson object at 0x714df3522060>, <snowplow_tracker.self_describing_json.SelfDescribingJson object at 0x714df2f79e20>]}


============================== 21:46:10.176549 | 286f8a00-52f5-4fa7-be6c-ee0af3b23c40 ==============================
[0m21:46:10.176549 [info ] [MainThread]: Running with dbt=1.11.0-b4
[0m21:46:10.177005 [debug] [MainThread]: running dbt with arguments {'quiet': 'False', 'write_json': 'True', 'warn_error': 'None', 'static_parser': 'True', 'printer_width': '80', 'partial_parse': 'True', 'debug': 'False', 'cache_selected_only': 'False', 'log_path': '/home/phuoc19/Projects/end_to_end_aws/dbt_snowflake_trans/logs', 'warn_error_options': 'WarnErrorOptionsV2(error=[], warn=[], silence=[])', 'log_cache_events': 'False', 'target_path': 'None', 'send_anonymous_usage_stats': 'True', 'invocation_command': 'dbt ', 'use_experimental_parser': 'False', 'profiles_dir': '/home/phuoc19/.dbt', 'fail_fast': 'False', 'log_format': 'default', 'indirect_selection': 'eager', 'introspect': 'True', 'no_print': 'None', 'version_check': 'True', 'use_colors': 'True', 'empty': 'None'}
[0m21:46:10.259979 [debug] [MainThread]: Sending event: {'category': 'dbt', 'action': 'project_id', 'label': '286f8a00-52f5-4fa7-be6c-ee0af3b23c40', 'context': [<snowplow_tracker.self_describing_json.SelfDescribingJson object at 0x714df2b679b0>]}
[0m21:46:10.267499 [info ] [MainThread]: Warning: No packages were found in packages.yml
[0m21:46:10.268161 [info ] [MainThread]: Warning: No packages were found in packages.yml
[0m21:46:10.268948 [debug] [MainThread]: Resource report: {"command_name": "deps", "command_success": true, "command_wall_clock_time": 0.13551296, "process_in_blocks": "0", "process_kernel_time": 0.07495, "process_mem_max_rss": "102296", "process_out_blocks": "16", "process_user_time": 1.047303}
[0m21:46:10.269277 [debug] [MainThread]: Command `cli deps` succeeded at 21:46:10.269206 after 0.14 seconds
[0m21:46:10.269537 [debug] [MainThread]: Sending event: {'category': 'dbt', 'action': 'invocation', 'label': 'end', 'context': [<snowplow_tracker.self_describing_json.SelfDescribingJson object at 0x714df4cc4320>, <snowplow_tracker.self_describing_json.SelfDescribingJson object at 0x714df7357860>, <snowplow_tracker.self_describing_json.SelfDescribingJson object at 0x714df31e2f30>]}
[0m21:46:10.269798 [debug] [MainThread]: Flushing usage events
[0m21:46:11.636727 [debug] [MainThread]: An error was encountered while trying to flush usage events
[0m22:07:16.388704 [debug] [MainThread]: Sending event: {'category': 'dbt', 'action': 'invocation', 'label': 'start', 'context': [<snowplow_tracker.self_describing_json.SelfDescribingJson object at 0x76b7849523f0>, <snowplow_tracker.self_describing_json.SelfDescribingJson object at 0x76b78448cb60>, <snowplow_tracker.self_describing_json.SelfDescribingJson object at 0x76b78448e240>]}


============================== 22:07:16.391359 | 29c74c11-46ff-4988-a554-5e7701fd0971 ==============================
[0m22:07:16.391359 [info ] [MainThread]: Running with dbt=1.11.0-b4
[0m22:07:16.391809 [debug] [MainThread]: running dbt with arguments {'log_format': 'default', 'no_print': 'None', 'introspect': 'True', 'empty': 'False', 'write_json': 'True', 'use_colors': 'True', 'warn_error': 'None', 'version_check': 'True', 'target_path': 'None', 'use_experimental_parser': 'False', 'log_path': '/home/phuoc19/Projects/end_to_end_aws/dbt_snowflake_trans/logs', 'quiet': 'False', 'invocation_command': 'dbt snapshot', 'partial_parse': 'True', 'send_anonymous_usage_stats': 'True', 'profiles_dir': '/home/phuoc19/.dbt', 'fail_fast': 'False', 'cache_selected_only': 'False', 'printer_width': '80', 'static_parser': 'True', 'indirect_selection': 'eager', 'debug': 'False', 'log_cache_events': 'False', 'warn_error_options': 'WarnErrorOptionsV2(error=[], warn=[], silence=[])'}
[0m22:07:16.700473 [debug] [MainThread]: Snowflake adapter: Setting snowflake.connector to ERROR (file logging only)
[0m22:07:16.700813 [debug] [MainThread]: Snowflake adapter: Setting botocore to ERROR (file logging only)
[0m22:07:16.701044 [debug] [MainThread]: Snowflake adapter: Setting boto3 to ERROR (file logging only)
[0m22:07:16.823857 [debug] [MainThread]: Sending event: {'category': 'dbt', 'action': 'project_id', 'label': '29c74c11-46ff-4988-a554-5e7701fd0971', 'context': [<snowplow_tracker.self_describing_json.SelfDescribingJson object at 0x76b755ee37d0>]}
[0m22:07:16.872481 [debug] [MainThread]: Sending event: {'category': 'dbt', 'action': 'adapter_info', 'label': '29c74c11-46ff-4988-a554-5e7701fd0971', 'context': [<snowplow_tracker.self_describing_json.SelfDescribingJson object at 0x76b756737b30>]}
[0m22:07:16.873142 [info ] [MainThread]: Registered adapter: snowflake=1.10.3
[0m22:07:16.941735 [debug] [MainThread]: checksum: 57e51233fb2305050a86c940b93938a4d3a51a7b95f45f76840a20ffa12695aa, vars: {}, profile: , target: , version: 1.11.0b4
[0m22:07:17.029438 [debug] [MainThread]: Partial parsing enabled: 0 files deleted, 0 files added, 0 files changed.
[0m22:07:17.029730 [debug] [MainThread]: Partial parsing enabled, no changes found, skipping parsing
[0m22:07:17.033482 [warn ] [MainThread]: [[33mWARNING[0m]: Configuration paths exist in your dbt_project.yml file which do not apply to any resources.
There are 1 unused configuration paths:
- models.dbt_snowflake_trans.example
[0m22:07:17.069895 [debug] [MainThread]: Sending event: {'category': 'dbt', 'action': 'load_project', 'label': '29c74c11-46ff-4988-a554-5e7701fd0971', 'context': [<snowplow_tracker.self_describing_json.SelfDescribingJson object at 0x76b75606dee0>]}
[0m22:07:17.133875 [debug] [MainThread]: Wrote artifact WritableManifest to /home/phuoc19/Projects/end_to_end_aws/dbt_snowflake_trans/target/manifest.json
[0m22:07:17.139868 [debug] [MainThread]: Wrote artifact SemanticManifest to /home/phuoc19/Projects/end_to_end_aws/dbt_snowflake_trans/target/semantic_manifest.json
[0m22:07:17.148377 [debug] [MainThread]: Sending event: {'category': 'dbt', 'action': 'resource_counts', 'label': '29c74c11-46ff-4988-a554-5e7701fd0971', 'context': [<snowplow_tracker.self_describing_json.SelfDescribingJson object at 0x76b75599c440>]}
[0m22:07:17.148713 [info ] [MainThread]: Found 6 models, 2 snapshots, 14 data tests, 3 sources, 494 macros
[0m22:07:17.148963 [debug] [MainThread]: Sending event: {'category': 'dbt', 'action': 'runnable_timing', 'label': '29c74c11-46ff-4988-a554-5e7701fd0971', 'context': [<snowplow_tracker.self_describing_json.SelfDescribingJson object at 0x76b755df2ff0>]}
[0m22:07:17.150266 [info ] [MainThread]: 
[0m22:07:17.150556 [info ] [MainThread]: Concurrency: 4 threads (target='dev')
[0m22:07:17.150773 [info ] [MainThread]: 
[0m22:07:17.151093 [debug] [MainThread]: Acquiring new snowflake connection 'master'
[0m22:07:17.154183 [debug] [ThreadPool]: Acquiring new snowflake connection 'list_E2E_DB'
[0m22:07:17.179172 [debug] [ThreadPool]: Using snowflake connection "list_E2E_DB"
[0m22:07:17.179479 [debug] [ThreadPool]: On list_E2E_DB: show terse schemas in database E2E_DB
    limit 10000
/* {"app": "dbt", "dbt_version": "1.11.0b4", "profile_name": "dbt_snowflake_trans", "target_name": "dev", "connection_name": "list_E2E_DB"} */
[0m22:07:17.179699 [debug] [ThreadPool]: Opening a new connection, currently in state init
[0m22:07:17.890001 [debug] [ThreadPool]: SQL status: SUCCESS 4 in 0.710 seconds
[0m22:07:17.894242 [debug] [ThreadPool]: Re-using an available connection from the pool (formerly list_E2E_DB, now list_E2E_DB_RAW)
[0m22:07:17.905977 [debug] [ThreadPool]: Acquiring new snowflake connection 'list_E2E_DB_SNAPSHOTS'
[0m22:07:17.913578 [debug] [ThreadPool]: Using snowflake connection "list_E2E_DB_RAW"
[0m22:07:17.916984 [debug] [ThreadPool]: Using snowflake connection "list_E2E_DB_SNAPSHOTS"
[0m22:07:17.917392 [debug] [ThreadPool]: On list_E2E_DB_RAW: show objects in E2E_DB.RAW
    limit 10000
    

/* {"app": "dbt", "dbt_version": "1.11.0b4", "profile_name": "dbt_snowflake_trans", "target_name": "dev", "connection_name": "list_E2E_DB_RAW"} */;
[0m22:07:17.917809 [debug] [ThreadPool]: On list_E2E_DB_SNAPSHOTS: show objects in E2E_DB.SNAPSHOTS
    limit 10000
    

/* {"app": "dbt", "dbt_version": "1.11.0b4", "profile_name": "dbt_snowflake_trans", "target_name": "dev", "connection_name": "list_E2E_DB_SNAPSHOTS"} */;
[0m22:07:17.918869 [debug] [ThreadPool]: Opening a new connection, currently in state init
[0m22:07:18.072809 [debug] [ThreadPool]: SQL status: SUCCESS 3 in 0.155 seconds
[0m22:07:18.361302 [debug] [ThreadPool]: SQL status: SUCCESS 0 in 0.442 seconds
[0m22:07:18.365217 [debug] [MainThread]: Sending event: {'category': 'dbt', 'action': 'runnable_timing', 'label': '29c74c11-46ff-4988-a554-5e7701fd0971', 'context': [<snowplow_tracker.self_describing_json.SelfDescribingJson object at 0x76b754f322a0>]}
[0m22:07:18.378504 [debug] [Thread-1 (]: Began running node snapshot.dbt_snowflake_trans.snp_accounts
[0m22:07:18.379655 [debug] [Thread-2 (]: Began running node snapshot.dbt_snowflake_trans.snp_customers
[0m22:07:18.380907 [info ] [Thread-1 (]: 1 of 2 START snapshot SNAPSHOTS.snp_accounts ................................... [RUN]
[0m22:07:18.382052 [info ] [Thread-2 (]: 2 of 2 START snapshot SNAPSHOTS.snp_customers .................................. [RUN]
[0m22:07:18.382974 [debug] [Thread-1 (]: Re-using an available connection from the pool (formerly list_E2E_DB_SNAPSHOTS, now snapshot.dbt_snowflake_trans.snp_accounts)
[0m22:07:18.383835 [debug] [Thread-2 (]: Re-using an available connection from the pool (formerly list_E2E_DB_RAW, now snapshot.dbt_snowflake_trans.snp_customers)
[0m22:07:18.384695 [debug] [Thread-1 (]: Began compiling node snapshot.dbt_snowflake_trans.snp_accounts
[0m22:07:18.385496 [debug] [Thread-2 (]: Began compiling node snapshot.dbt_snowflake_trans.snp_customers
[0m22:07:18.411174 [debug] [Thread-1 (]: Began executing node snapshot.dbt_snowflake_trans.snp_accounts
[0m22:07:18.412771 [debug] [Thread-2 (]: Began executing node snapshot.dbt_snowflake_trans.snp_customers
[0m22:07:18.534712 [debug] [Thread-2 (]: Using snowflake connection "snapshot.dbt_snowflake_trans.snp_customers"
[0m22:07:18.536316 [debug] [Thread-1 (]: Using snowflake connection "snapshot.dbt_snowflake_trans.snp_accounts"
[0m22:07:18.536680 [debug] [Thread-2 (]: On snapshot.dbt_snowflake_trans.snp_customers: select * from (
        
    

    select *,
        md5(coalesce(cast(customer_id as varchar ), '')
         || '|' || coalesce(cast(last_updated_at as varchar ), '')
        ) as dbt_scd_id,
        last_updated_at as dbt_updated_at,
        last_updated_at as dbt_valid_from,
        
  
  coalesce(nullif(last_updated_at, last_updated_at), null)
  as dbt_valid_to
from (
        




SELECT * FROM E2E_DB.RAW.stg_customers

    ) sbq



    ) as __dbt_sbq
    where false
    limit 0
/* {"app": "dbt", "dbt_version": "1.11.0b4", "profile_name": "dbt_snowflake_trans", "target_name": "dev", "node_id": "snapshot.dbt_snowflake_trans.snp_customers"} */
/* {"app": "dbt", "dbt_version": "1.11.0b4", "profile_name": "dbt_snowflake_trans", "target_name": "dev", "node_id": "snapshot.dbt_snowflake_trans.snp_customers"} */
[0m22:07:18.537103 [debug] [Thread-1 (]: On snapshot.dbt_snowflake_trans.snp_accounts: select * from (
        
    

    select *,
        md5(coalesce(cast(account_id as varchar ), '')
         || '|' || coalesce(cast(last_updated_at as varchar ), '')
        ) as dbt_scd_id,
        last_updated_at as dbt_updated_at,
        last_updated_at as dbt_valid_from,
        
  
  coalesce(nullif(last_updated_at, last_updated_at), null)
  as dbt_valid_to
from (
        



SELECT * FROM E2E_DB.RAW.stg_accounts

    ) sbq



    ) as __dbt_sbq
    where false
    limit 0
/* {"app": "dbt", "dbt_version": "1.11.0b4", "profile_name": "dbt_snowflake_trans", "target_name": "dev", "node_id": "snapshot.dbt_snowflake_trans.snp_accounts"} */
/* {"app": "dbt", "dbt_version": "1.11.0b4", "profile_name": "dbt_snowflake_trans", "target_name": "dev", "node_id": "snapshot.dbt_snowflake_trans.snp_accounts"} */
[0m22:07:18.640012 [debug] [Thread-2 (]: Snowflake adapter: Snowflake query id: 01c09b8b-3202-20f8-0011-44ea0004308e
[0m22:07:18.641695 [debug] [Thread-1 (]: Snowflake adapter: Snowflake query id: 01c09b8b-3202-20f8-0011-44ea00043092
[0m22:07:18.642650 [debug] [Thread-2 (]: Snowflake adapter: Snowflake error: 002003 (42S02): SQL compilation error:
Object 'E2E_DB.RAW.STG_CUSTOMERS' does not exist or not authorized.
[0m22:07:18.643461 [debug] [Thread-1 (]: Snowflake adapter: Snowflake error: 002003 (42S02): SQL compilation error:
Object 'E2E_DB.RAW.STG_ACCOUNTS' does not exist or not authorized.
[0m22:07:18.652324 [debug] [Thread-2 (]: Database Error in snapshot snp_customers (snapshots/snp_customers.sql)
  002003 (42S02): SQL compilation error:
  Object 'E2E_DB.RAW.STG_CUSTOMERS' does not exist or not authorized.
[0m22:07:18.654918 [debug] [Thread-1 (]: Database Error in snapshot snp_accounts (snapshots/snp_accounts.sql)
  002003 (42S02): SQL compilation error:
  Object 'E2E_DB.RAW.STG_ACCOUNTS' does not exist or not authorized.
[0m22:07:18.657302 [debug] [Thread-2 (]: Sending event: {'category': 'dbt', 'action': 'run_model', 'label': '29c74c11-46ff-4988-a554-5e7701fd0971', 'context': [<snowplow_tracker.self_describing_json.SelfDescribingJson object at 0x76b754d260f0>]}
[0m22:07:18.657971 [debug] [Thread-1 (]: Sending event: {'category': 'dbt', 'action': 'run_model', 'label': '29c74c11-46ff-4988-a554-5e7701fd0971', 'context': [<snowplow_tracker.self_describing_json.SelfDescribingJson object at 0x76b754d27800>]}
[0m22:07:18.659129 [error] [Thread-2 (]: 2 of 2 ERROR snapshotting SNAPSHOTS.snp_customers .............................. [[31mERROR[0m in 0.27s]
[0m22:07:18.660246 [error] [Thread-1 (]: 1 of 2 ERROR snapshotting SNAPSHOTS.snp_accounts ............................... [[31mERROR[0m in 0.28s]
[0m22:07:18.661275 [debug] [Thread-2 (]: Finished running node snapshot.dbt_snowflake_trans.snp_customers
[0m22:07:18.662026 [debug] [Thread-1 (]: Finished running node snapshot.dbt_snowflake_trans.snp_accounts
[0m22:07:18.663200 [debug] [Thread-7 (]: Marking all children of 'snapshot.dbt_snowflake_trans.snp_customers' to be skipped because of status 'error'.  Reason: Database Error in snapshot snp_customers (snapshots/snp_customers.sql)
  002003 (42S02): SQL compilation error:
  Object 'E2E_DB.RAW.STG_CUSTOMERS' does not exist or not authorized..
[0m22:07:18.665696 [debug] [Thread-7 (]: Marking all children of 'snapshot.dbt_snowflake_trans.snp_accounts' to be skipped because of status 'error'.  Reason: Database Error in snapshot snp_accounts (snapshots/snp_accounts.sql)
  002003 (42S02): SQL compilation error:
  Object 'E2E_DB.RAW.STG_ACCOUNTS' does not exist or not authorized..
[0m22:07:18.668187 [debug] [MainThread]: Connection 'master' was properly closed.
[0m22:07:18.668997 [debug] [MainThread]: Connection 'snapshot.dbt_snowflake_trans.snp_customers' was left open.
[0m22:07:18.669806 [debug] [MainThread]: On snapshot.dbt_snowflake_trans.snp_customers: Close
[0m22:07:18.797488 [debug] [MainThread]: Connection 'snapshot.dbt_snowflake_trans.snp_accounts' was left open.
[0m22:07:18.798519 [debug] [MainThread]: On snapshot.dbt_snowflake_trans.snp_accounts: Close
[0m22:07:18.932039 [info ] [MainThread]: 
[0m22:07:18.932967 [info ] [MainThread]: Finished running 2 snapshots in 0 hours 0 minutes and 1.78 seconds (1.78s).
[0m22:07:18.934688 [debug] [MainThread]: Command end result
[0m22:07:18.961800 [debug] [MainThread]: Wrote artifact WritableManifest to /home/phuoc19/Projects/end_to_end_aws/dbt_snowflake_trans/target/manifest.json
[0m22:07:18.962911 [debug] [MainThread]: Wrote artifact SemanticManifest to /home/phuoc19/Projects/end_to_end_aws/dbt_snowflake_trans/target/semantic_manifest.json
[0m22:07:18.966853 [debug] [MainThread]: Wrote artifact RunExecutionResult to /home/phuoc19/Projects/end_to_end_aws/dbt_snowflake_trans/target/run_results.json
[0m22:07:18.967096 [info ] [MainThread]: 
[0m22:07:18.967382 [info ] [MainThread]: [31mCompleted with 2 errors, 0 partial successes, and 0 warnings:[0m
[0m22:07:18.967607 [info ] [MainThread]: 
[0m22:07:18.967845 [error] [MainThread]: [31mFailure in snapshot snp_customers (snapshots/snp_customers.sql)[0m
[0m22:07:18.968070 [error] [MainThread]:   Database Error in snapshot snp_customers (snapshots/snp_customers.sql)
  002003 (42S02): SQL compilation error:
  Object 'E2E_DB.RAW.STG_CUSTOMERS' does not exist or not authorized.
[0m22:07:18.968257 [info ] [MainThread]: 
[0m22:07:18.968478 [error] [MainThread]: [31mFailure in snapshot snp_accounts (snapshots/snp_accounts.sql)[0m
[0m22:07:18.968687 [error] [MainThread]:   Database Error in snapshot snp_accounts (snapshots/snp_accounts.sql)
  002003 (42S02): SQL compilation error:
  Object 'E2E_DB.RAW.STG_ACCOUNTS' does not exist or not authorized.
[0m22:07:18.968875 [info ] [MainThread]: 
[0m22:07:18.969079 [info ] [MainThread]: Done. PASS=0 WARN=0 ERROR=2 SKIP=0 NO-OP=0 TOTAL=2
[0m22:07:18.969668 [debug] [MainThread]: Resource report: {"command_name": "snapshot", "command_success": false, "command_wall_clock_time": 2.6201618, "process_in_blocks": "920", "process_kernel_time": 0.15579, "process_mem_max_rss": "192664", "process_out_blocks": "2376", "process_user_time": 3.443363}
[0m22:07:18.969999 [debug] [MainThread]: Command `dbt snapshot` failed at 22:07:18.969931 after 2.62 seconds
[0m22:07:18.970254 [debug] [MainThread]: Sending event: {'category': 'dbt', 'action': 'invocation', 'label': 'end', 'context': [<snowplow_tracker.self_describing_json.SelfDescribingJson object at 0x76b787fb3890>, <snowplow_tracker.self_describing_json.SelfDescribingJson object at 0x76b7842109e0>, <snowplow_tracker.self_describing_json.SelfDescribingJson object at 0x76b755a812e0>]}
[0m22:07:18.970517 [debug] [MainThread]: Flushing usage events
[0m22:07:20.754905 [debug] [MainThread]: An error was encountered while trying to flush usage events
[0m22:07:41.950152 [debug] [MainThread]: Sending event: {'category': 'dbt', 'action': 'invocation', 'label': 'start', 'context': [<snowplow_tracker.self_describing_json.SelfDescribingJson object at 0x7ab261c130e0>, <snowplow_tracker.self_describing_json.SelfDescribingJson object at 0x7ab261bd11f0>, <snowplow_tracker.self_describing_json.SelfDescribingJson object at 0x7ab262f35be0>]}


============================== 22:07:41.952309 | c51ac48f-03f7-4e76-8577-ac108cb20702 ==============================
[0m22:07:41.952309 [info ] [MainThread]: Running with dbt=1.11.0-b4
[0m22:07:41.952677 [debug] [MainThread]: running dbt with arguments {'warn_error_options': 'WarnErrorOptionsV2(error=[], warn=[], silence=[])', 'write_json': 'True', 'log_path': '/home/phuoc19/Projects/end_to_end_aws/dbt_snowflake_trans/logs', 'use_colors': 'True', 'cache_selected_only': 'False', 'profiles_dir': '/home/phuoc19/.dbt', 'static_parser': 'True', 'introspect': 'True', 'quiet': 'False', 'log_cache_events': 'False', 'indirect_selection': 'eager', 'no_print': 'None', 'target_path': 'None', 'debug': 'False', 'fail_fast': 'False', 'invocation_command': 'dbt build', 'printer_width': '80', 'send_anonymous_usage_stats': 'True', 'warn_error': 'None', 'partial_parse': 'True', 'version_check': 'True', 'use_experimental_parser': 'False', 'empty': 'False', 'log_format': 'default'}
[0m22:07:42.257415 [debug] [MainThread]: Snowflake adapter: Setting snowflake.connector to ERROR (file logging only)
[0m22:07:42.257754 [debug] [MainThread]: Snowflake adapter: Setting botocore to ERROR (file logging only)
[0m22:07:42.257992 [debug] [MainThread]: Snowflake adapter: Setting boto3 to ERROR (file logging only)
[0m22:07:42.380700 [debug] [MainThread]: Sending event: {'category': 'dbt', 'action': 'project_id', 'label': 'c51ac48f-03f7-4e76-8577-ac108cb20702', 'context': [<snowplow_tracker.self_describing_json.SelfDescribingJson object at 0x7ab235f936e0>]}
[0m22:07:42.427906 [debug] [MainThread]: Sending event: {'category': 'dbt', 'action': 'adapter_info', 'label': 'c51ac48f-03f7-4e76-8577-ac108cb20702', 'context': [<snowplow_tracker.self_describing_json.SelfDescribingJson object at 0x7ab23352b8c0>]}
[0m22:07:42.428475 [info ] [MainThread]: Registered adapter: snowflake=1.10.3
[0m22:07:42.488455 [debug] [MainThread]: checksum: 57e51233fb2305050a86c940b93938a4d3a51a7b95f45f76840a20ffa12695aa, vars: {}, profile: , target: , version: 1.11.0b4
[0m22:07:42.575945 [debug] [MainThread]: Partial parsing enabled: 0 files deleted, 0 files added, 0 files changed.
[0m22:07:42.576233 [debug] [MainThread]: Partial parsing enabled, no changes found, skipping parsing
[0m22:07:42.579965 [warn ] [MainThread]: [[33mWARNING[0m]: Configuration paths exist in your dbt_project.yml file which do not apply to any resources.
There are 1 unused configuration paths:
- models.dbt_snowflake_trans.example
[0m22:07:42.615784 [debug] [MainThread]: Sending event: {'category': 'dbt', 'action': 'load_project', 'label': 'c51ac48f-03f7-4e76-8577-ac108cb20702', 'context': [<snowplow_tracker.self_describing_json.SelfDescribingJson object at 0x7ab23371eb40>]}
[0m22:07:42.679103 [debug] [MainThread]: Wrote artifact WritableManifest to /home/phuoc19/Projects/end_to_end_aws/dbt_snowflake_trans/target/manifest.json
[0m22:07:42.680187 [debug] [MainThread]: Wrote artifact SemanticManifest to /home/phuoc19/Projects/end_to_end_aws/dbt_snowflake_trans/target/semantic_manifest.json
[0m22:07:42.697671 [debug] [MainThread]: Sending event: {'category': 'dbt', 'action': 'resource_counts', 'label': 'c51ac48f-03f7-4e76-8577-ac108cb20702', 'context': [<snowplow_tracker.self_describing_json.SelfDescribingJson object at 0x7ab232e485c0>]}
[0m22:07:42.698010 [info ] [MainThread]: Found 6 models, 2 snapshots, 14 data tests, 3 sources, 494 macros
[0m22:07:42.699930 [info ] [MainThread]: 
[0m22:07:42.700222 [info ] [MainThread]: Concurrency: 4 threads (target='dev')
[0m22:07:42.700443 [info ] [MainThread]: 
[0m22:07:42.700788 [debug] [MainThread]: Acquiring new snowflake connection 'master'
[0m22:07:42.704265 [debug] [ThreadPool]: Acquiring new snowflake connection 'list_E2E_DB'
[0m22:07:42.712204 [debug] [ThreadPool]: Acquiring new snowflake connection 'list_E2E_DB'
[0m22:07:42.747926 [debug] [ThreadPool]: Using snowflake connection "list_E2E_DB"
[0m22:07:42.748241 [debug] [ThreadPool]: On list_E2E_DB: show terse schemas in database E2E_DB
    limit 10000
/* {"app": "dbt", "dbt_version": "1.11.0b4", "profile_name": "dbt_snowflake_trans", "target_name": "dev", "connection_name": "list_E2E_DB"} */
[0m22:07:42.748571 [debug] [ThreadPool]: Using snowflake connection "list_E2E_DB"
[0m22:07:42.748813 [debug] [ThreadPool]: Opening a new connection, currently in state init
[0m22:07:42.749046 [debug] [ThreadPool]: On list_E2E_DB: show terse schemas in database E2E_DB
    limit 10000
/* {"app": "dbt", "dbt_version": "1.11.0b4", "profile_name": "dbt_snowflake_trans", "target_name": "dev", "connection_name": "list_E2E_DB"} */
[0m22:07:42.749935 [debug] [ThreadPool]: Opening a new connection, currently in state init
[0m22:07:43.516463 [debug] [ThreadPool]: SQL status: SUCCESS 4 in 0.767 seconds
[0m22:07:43.549566 [debug] [ThreadPool]: SQL status: SUCCESS 4 in 0.799 seconds
[0m22:07:43.555469 [debug] [ThreadPool]: Re-using an available connection from the pool (formerly list_E2E_DB, now list_E2E_DB_RAW)
[0m22:07:43.567374 [debug] [ThreadPool]: Re-using an available connection from the pool (formerly list_E2E_DB, now list_E2E_DB_SNAPSHOTS)
[0m22:07:43.581137 [debug] [ThreadPool]: Using snowflake connection "list_E2E_DB_RAW"
[0m22:07:43.582151 [debug] [ThreadPool]: Using snowflake connection "list_E2E_DB_SNAPSHOTS"
[0m22:07:43.582799 [debug] [ThreadPool]: On list_E2E_DB_RAW: show objects in E2E_DB.RAW
    limit 10000
    

/* {"app": "dbt", "dbt_version": "1.11.0b4", "profile_name": "dbt_snowflake_trans", "target_name": "dev", "connection_name": "list_E2E_DB_RAW"} */;
[0m22:07:43.583569 [debug] [ThreadPool]: On list_E2E_DB_SNAPSHOTS: show objects in E2E_DB.SNAPSHOTS
    limit 10000
    

/* {"app": "dbt", "dbt_version": "1.11.0b4", "profile_name": "dbt_snowflake_trans", "target_name": "dev", "connection_name": "list_E2E_DB_SNAPSHOTS"} */;
[0m22:07:43.718632 [debug] [ThreadPool]: SQL status: SUCCESS 3 in 0.134 seconds
[0m22:07:43.733934 [debug] [ThreadPool]: SQL status: SUCCESS 0 in 0.149 seconds
[0m22:07:43.737604 [debug] [MainThread]: Sending event: {'category': 'dbt', 'action': 'runnable_timing', 'label': 'c51ac48f-03f7-4e76-8577-ac108cb20702', 'context': [<snowplow_tracker.self_describing_json.SelfDescribingJson object at 0x7ab2333aef00>]}
[0m22:07:43.741974 [debug] [Thread-1 (]: Began running node model.dbt_snowflake_trans.stg_accounts
[0m22:07:43.742869 [debug] [Thread-2 (]: Began running node model.dbt_snowflake_trans.stg_customers
[0m22:07:43.743848 [debug] [Thread-3 (]: Began running node model.dbt_snowflake_trans.stg_transactions
[0m22:07:43.744859 [info ] [Thread-1 (]: 1 of 22 START sql dynamic_table model RAW.stg_accounts ......................... [RUN]
[0m22:07:43.745860 [info ] [Thread-2 (]: 2 of 22 START sql dynamic_table model RAW.stg_customers ........................ [RUN]
[0m22:07:43.746828 [info ] [Thread-3 (]: 3 of 22 START sql dynamic_table model RAW.stg_transactions ..................... [RUN]
[0m22:07:43.747722 [debug] [Thread-1 (]: Re-using an available connection from the pool (formerly list_E2E_DB_RAW, now model.dbt_snowflake_trans.stg_accounts)
[0m22:07:43.748513 [debug] [Thread-2 (]: Re-using an available connection from the pool (formerly list_E2E_DB_SNAPSHOTS, now model.dbt_snowflake_trans.stg_customers)
[0m22:07:43.749551 [debug] [Thread-3 (]: Acquiring new snowflake connection 'model.dbt_snowflake_trans.stg_transactions'
[0m22:07:43.750439 [debug] [Thread-1 (]: Began compiling node model.dbt_snowflake_trans.stg_accounts
[0m22:07:43.751278 [debug] [Thread-2 (]: Began compiling node model.dbt_snowflake_trans.stg_customers
[0m22:07:43.752209 [debug] [Thread-3 (]: Began compiling node model.dbt_snowflake_trans.stg_transactions
[0m22:07:43.777607 [debug] [Thread-1 (]: Writing injected SQL for node "model.dbt_snowflake_trans.stg_accounts"
[0m22:07:43.780729 [debug] [Thread-2 (]: Writing injected SQL for node "model.dbt_snowflake_trans.stg_customers"
[0m22:07:43.788926 [debug] [Thread-3 (]: Writing injected SQL for node "model.dbt_snowflake_trans.stg_transactions"
[0m22:07:43.790434 [debug] [Thread-1 (]: Began executing node model.dbt_snowflake_trans.stg_accounts
[0m22:07:43.791187 [debug] [Thread-2 (]: Began executing node model.dbt_snowflake_trans.stg_customers
[0m22:07:43.817841 [debug] [Thread-3 (]: Began executing node model.dbt_snowflake_trans.stg_transactions
[0m22:07:43.828310 [debug] [Thread-2 (]: Applying CREATE to: E2E_DB.RAW.stg_customers
[0m22:07:43.828696 [debug] [Thread-1 (]: Applying CREATE to: E2E_DB.RAW.stg_accounts
[0m22:07:43.831289 [debug] [Thread-3 (]: Applying CREATE to: E2E_DB.RAW.stg_transactions
[0m22:07:43.839894 [debug] [Thread-2 (]: Writing runtime sql for node "model.dbt_snowflake_trans.stg_customers"
[0m22:07:43.840667 [debug] [Thread-1 (]: Writing runtime sql for node "model.dbt_snowflake_trans.stg_accounts"
[0m22:07:43.841819 [debug] [Thread-3 (]: Writing runtime sql for node "model.dbt_snowflake_trans.stg_transactions"
[0m22:07:43.843183 [debug] [Thread-2 (]: Using snowflake connection "model.dbt_snowflake_trans.stg_customers"
[0m22:07:43.843511 [debug] [Thread-2 (]: On model.dbt_snowflake_trans.stg_customers: create dynamic table E2E_DB.RAW.stg_customers
        target_lag = '1 minute'
        warehouse = E2E_WH
        refresh_mode = AUTO

        initialize = ON_CREATE

        

        

        as (
            

WITH source AS (
    SELECT * FROM E2E_DB.RAW.CUSTOMERS_LANDING
),

parsed AS (
    SELECT
        PAYLOAD:id::INT AS customer_id,
        PAYLOAD:first_name::VARCHAR(50) AS first_name,
        PAYLOAD:last_name::VARCHAR(50) AS last_name,
        PAYLOAD:email::VARCHAR(100) AS email,
        
        -- Metadata
        PAYLOAD:__op::CHAR(1) AS dml_operation, 
        PAYLOAD:__source_ts_ms::NUMBER AS source_timestamp,
        LOAD_TIME
    FROM source
)

SELECT 
    customer_id,
    first_name,
    last_name,
    email,
    source_timestamp as last_updated_at,
    current_timestamp() as dbt_updated_at -- Để biết DT chạy lúc nào
FROM parsed
-- Dùng QUALIFY để lọc dòng mới nhất ngay trong 1 câu lệnh (Gọn hơn CTE)
QUALIFY ROW_NUMBER() OVER (
    PARTITION BY customer_id 
    ORDER BY source_timestamp DESC, LOAD_TIME DESC
) = 1
-- Logic: Lọc bỏ dòng Delete sau khi đã xếp hạng
AND dml_operation != 'd'
        )
/* {"app": "dbt", "dbt_version": "1.11.0b4", "profile_name": "dbt_snowflake_trans", "target_name": "dev", "node_id": "model.dbt_snowflake_trans.stg_customers"} */
[0m22:07:43.844369 [debug] [Thread-1 (]: Using snowflake connection "model.dbt_snowflake_trans.stg_accounts"
[0m22:07:43.844880 [debug] [Thread-1 (]: On model.dbt_snowflake_trans.stg_accounts: create dynamic table E2E_DB.RAW.stg_accounts
        target_lag = '1 minute'
        warehouse = E2E_WH
        refresh_mode = AUTO

        initialize = ON_CREATE

        

        

        as (
            

WITH source AS (
    SELECT * FROM E2E_DB.RAW.ACCOUNTS_LANDING
),

parsed AS (
    SELECT
        PAYLOAD:id::INT AS account_id,
        PAYLOAD:customer_id::INT AS customer_id,
        PAYLOAD:account_type::VARCHAR(20) AS account_type,
        TRY_CAST(PAYLOAD:balance::VARCHAR AS DECIMAL(15, 2)) AS balance,
        PAYLOAD:currency::VARCHAR(3) AS currency,
        
        -- Metadata
        PAYLOAD:__op::CHAR(1) AS dml_operation,
        PAYLOAD:__source_ts_ms::NUMBER AS source_timestamp,
        LOAD_TIME
    FROM source
)

SELECT 
    account_id,
    customer_id,
    account_type,
    balance,
    currency,
    source_timestamp as last_updated_at,
    current_timestamp() as dbt_updated_at
FROM parsed
QUALIFY ROW_NUMBER() OVER (
    PARTITION BY account_id 
    ORDER BY source_timestamp DESC, LOAD_TIME DESC
) = 1
AND dml_operation != 'd'
        )
/* {"app": "dbt", "dbt_version": "1.11.0b4", "profile_name": "dbt_snowflake_trans", "target_name": "dev", "node_id": "model.dbt_snowflake_trans.stg_accounts"} */
[0m22:07:43.846327 [debug] [Thread-3 (]: Using snowflake connection "model.dbt_snowflake_trans.stg_transactions"
[0m22:07:43.847374 [debug] [Thread-3 (]: On model.dbt_snowflake_trans.stg_transactions: create dynamic table E2E_DB.RAW.stg_transactions
        target_lag = '1 minute'
        warehouse = E2E_WH
        refresh_mode = AUTO

        initialize = ON_CREATE

        

        

        as (
            

WITH source AS (
    SELECT * FROM E2E_DB.RAW.TRANSACTIONS_LANDING
),

parsed AS (
    SELECT
        PAYLOAD:id::INT AS transaction_id,
        PAYLOAD:account_id::INT AS account_id,
        PAYLOAD:txn_type::VARCHAR(20) AS txn_type,
        TRY_CAST(PAYLOAD:amount::VARCHAR AS DECIMAL(15, 2)) AS amount,
        PAYLOAD:related_account_id::INT AS related_account_id,
        PAYLOAD:status::VARCHAR(20) AS status,
        TRY_TO_TIMESTAMP(PAYLOAD:created_at::VARCHAR) AS created_at,
        
        -- Metadata
        PAYLOAD:__op::CHAR(1) AS dml_operation,
        PAYLOAD:__source_ts_ms::NUMBER AS source_timestamp,
        LOAD_TIME
    FROM source
)

SELECT 
    transaction_id,
    account_id,
    txn_type,
    amount,
    related_account_id,
    status,
    created_at,
    source_timestamp as processed_at,
    current_timestamp() as dbt_updated_at
FROM parsed
QUALIFY ROW_NUMBER() OVER (
    PARTITION BY transaction_id 
    ORDER BY source_timestamp DESC, LOAD_TIME DESC
) = 1
AND dml_operation != 'd'
        )
/* {"app": "dbt", "dbt_version": "1.11.0b4", "profile_name": "dbt_snowflake_trans", "target_name": "dev", "node_id": "model.dbt_snowflake_trans.stg_transactions"} */
[0m22:07:43.848749 [debug] [Thread-3 (]: Opening a new connection, currently in state init
[0m22:07:45.432558 [debug] [Thread-1 (]: SQL status: SUCCESS 1 in 1.586 seconds
[0m22:07:45.439188 [debug] [Thread-2 (]: SQL status: SUCCESS 1 in 1.594 seconds
[0m22:07:45.445614 [debug] [Thread-3 (]: SQL status: SUCCESS 1 in 1.597 seconds
[0m22:07:45.484370 [debug] [Thread-2 (]: Sending event: {'category': 'dbt', 'action': 'run_model', 'label': 'c51ac48f-03f7-4e76-8577-ac108cb20702', 'context': [<snowplow_tracker.self_describing_json.SelfDescribingJson object at 0x7ab2318434d0>]}
[0m22:07:45.484868 [debug] [Thread-3 (]: Sending event: {'category': 'dbt', 'action': 'run_model', 'label': 'c51ac48f-03f7-4e76-8577-ac108cb20702', 'context': [<snowplow_tracker.self_describing_json.SelfDescribingJson object at 0x7ab263a22030>]}
[0m22:07:45.485686 [info ] [Thread-2 (]: 2 of 22 OK created sql dynamic_table model RAW.stg_customers ................... [[32mSUCCESS 1[0m in 1.73s]
[0m22:07:45.486154 [debug] [Thread-1 (]: Sending event: {'category': 'dbt', 'action': 'run_model', 'label': 'c51ac48f-03f7-4e76-8577-ac108cb20702', 'context': [<snowplow_tracker.self_describing_json.SelfDescribingJson object at 0x7ab261962540>]}
[0m22:07:45.486950 [info ] [Thread-3 (]: 3 of 22 OK created sql dynamic_table model RAW.stg_transactions ................ [[32mSUCCESS 1[0m in 1.73s]
[0m22:07:45.487611 [debug] [Thread-2 (]: Finished running node model.dbt_snowflake_trans.stg_customers
[0m22:07:45.488332 [info ] [Thread-1 (]: 1 of 22 OK created sql dynamic_table model RAW.stg_accounts .................... [[32mSUCCESS 1[0m in 1.74s]
[0m22:07:45.489055 [debug] [Thread-3 (]: Finished running node model.dbt_snowflake_trans.stg_transactions
[0m22:07:45.489931 [debug] [Thread-1 (]: Finished running node model.dbt_snowflake_trans.stg_accounts
[0m22:07:45.491373 [debug] [Thread-4 (]: Began running node test.dbt_snowflake_trans.not_null_stg_customers_customer_id.e2cfb1f9aa
[0m22:07:45.492038 [debug] [Thread-2 (]: Began running node test.dbt_snowflake_trans.not_null_stg_customers_email.d7cf761533
[0m22:07:45.492536 [info ] [Thread-4 (]: 4 of 22 START test not_null_stg_customers_customer_id .......................... [RUN]
[0m22:07:45.493109 [debug] [Thread-3 (]: Began running node test.dbt_snowflake_trans.unique_stg_customers_customer_id.c7614daada
[0m22:07:45.493643 [debug] [Thread-1 (]: Began running node test.dbt_snowflake_trans.unique_stg_customers_email.1ebcb2333e
[0m22:07:45.494101 [info ] [Thread-2 (]: 5 of 22 START test not_null_stg_customers_email ................................ [RUN]
[0m22:07:45.494826 [debug] [Thread-4 (]: Acquiring new snowflake connection 'test.dbt_snowflake_trans.not_null_stg_customers_customer_id.e2cfb1f9aa'
[0m22:07:45.495416 [info ] [Thread-3 (]: 6 of 22 START test unique_stg_customers_customer_id ............................ [RUN]
[0m22:07:45.495986 [info ] [Thread-1 (]: 7 of 22 START test unique_stg_customers_email .................................. [RUN]
[0m22:07:45.496597 [debug] [Thread-2 (]: Re-using an available connection from the pool (formerly model.dbt_snowflake_trans.stg_customers, now test.dbt_snowflake_trans.not_null_stg_customers_email.d7cf761533)
[0m22:07:45.497174 [debug] [Thread-4 (]: Began compiling node test.dbt_snowflake_trans.not_null_stg_customers_customer_id.e2cfb1f9aa
[0m22:07:45.497788 [debug] [Thread-3 (]: Re-using an available connection from the pool (formerly model.dbt_snowflake_trans.stg_transactions, now test.dbt_snowflake_trans.unique_stg_customers_customer_id.c7614daada)
[0m22:07:45.498438 [debug] [Thread-1 (]: Re-using an available connection from the pool (formerly model.dbt_snowflake_trans.stg_accounts, now test.dbt_snowflake_trans.unique_stg_customers_email.1ebcb2333e)
[0m22:07:45.499493 [debug] [Thread-2 (]: Began compiling node test.dbt_snowflake_trans.not_null_stg_customers_email.d7cf761533
[0m22:07:45.510702 [debug] [Thread-3 (]: Began compiling node test.dbt_snowflake_trans.unique_stg_customers_customer_id.c7614daada
[0m22:07:45.526029 [debug] [Thread-1 (]: Began compiling node test.dbt_snowflake_trans.unique_stg_customers_email.1ebcb2333e
[0m22:07:45.526827 [debug] [Thread-4 (]: Writing injected SQL for node "test.dbt_snowflake_trans.not_null_stg_customers_customer_id.e2cfb1f9aa"
[0m22:07:45.531115 [debug] [Thread-2 (]: Writing injected SQL for node "test.dbt_snowflake_trans.not_null_stg_customers_email.d7cf761533"
[0m22:07:45.536853 [debug] [Thread-3 (]: Writing injected SQL for node "test.dbt_snowflake_trans.unique_stg_customers_customer_id.c7614daada"
[0m22:07:45.543498 [debug] [Thread-1 (]: Writing injected SQL for node "test.dbt_snowflake_trans.unique_stg_customers_email.1ebcb2333e"
[0m22:07:45.544642 [debug] [Thread-2 (]: Began executing node test.dbt_snowflake_trans.not_null_stg_customers_email.d7cf761533
[0m22:07:45.545432 [debug] [Thread-4 (]: Began executing node test.dbt_snowflake_trans.not_null_stg_customers_customer_id.e2cfb1f9aa
[0m22:07:45.546018 [debug] [Thread-3 (]: Began executing node test.dbt_snowflake_trans.unique_stg_customers_customer_id.c7614daada
[0m22:07:45.551996 [debug] [Thread-1 (]: Began executing node test.dbt_snowflake_trans.unique_stg_customers_email.1ebcb2333e
[0m22:07:45.569169 [debug] [Thread-2 (]: Writing runtime sql for node "test.dbt_snowflake_trans.not_null_stg_customers_email.d7cf761533"
[0m22:07:45.571004 [debug] [Thread-4 (]: Writing runtime sql for node "test.dbt_snowflake_trans.not_null_stg_customers_customer_id.e2cfb1f9aa"
[0m22:07:45.573102 [debug] [Thread-3 (]: Writing runtime sql for node "test.dbt_snowflake_trans.unique_stg_customers_customer_id.c7614daada"
[0m22:07:45.574981 [debug] [Thread-1 (]: Writing runtime sql for node "test.dbt_snowflake_trans.unique_stg_customers_email.1ebcb2333e"
[0m22:07:45.575878 [debug] [Thread-2 (]: Using snowflake connection "test.dbt_snowflake_trans.not_null_stg_customers_email.d7cf761533"
[0m22:07:45.576607 [debug] [Thread-4 (]: Using snowflake connection "test.dbt_snowflake_trans.not_null_stg_customers_customer_id.e2cfb1f9aa"
[0m22:07:45.577375 [debug] [Thread-3 (]: Using snowflake connection "test.dbt_snowflake_trans.unique_stg_customers_customer_id.c7614daada"
[0m22:07:45.577856 [debug] [Thread-2 (]: On test.dbt_snowflake_trans.not_null_stg_customers_email.d7cf761533: select
      count(*) as failures,
      count(*) != 0 as should_warn,
      count(*) != 0 as should_error
    from (
      
    
  
    
    



select email
from E2E_DB.RAW.stg_customers
where email is null



  
  
      
    ) dbt_internal_test
/* {"app": "dbt", "dbt_version": "1.11.0b4", "profile_name": "dbt_snowflake_trans", "target_name": "dev", "node_id": "test.dbt_snowflake_trans.not_null_stg_customers_email.d7cf761533"} */
[0m22:07:45.578250 [debug] [Thread-4 (]: On test.dbt_snowflake_trans.not_null_stg_customers_customer_id.e2cfb1f9aa: select
      count(*) as failures,
      count(*) != 0 as should_warn,
      count(*) != 0 as should_error
    from (
      
    
  
    
    



select customer_id
from E2E_DB.RAW.stg_customers
where customer_id is null



  
  
      
    ) dbt_internal_test
/* {"app": "dbt", "dbt_version": "1.11.0b4", "profile_name": "dbt_snowflake_trans", "target_name": "dev", "node_id": "test.dbt_snowflake_trans.not_null_stg_customers_customer_id.e2cfb1f9aa"} */
[0m22:07:45.578885 [debug] [Thread-1 (]: Using snowflake connection "test.dbt_snowflake_trans.unique_stg_customers_email.1ebcb2333e"
[0m22:07:45.579242 [debug] [Thread-3 (]: On test.dbt_snowflake_trans.unique_stg_customers_customer_id.c7614daada: select
      count(*) as failures,
      count(*) != 0 as should_warn,
      count(*) != 0 as should_error
    from (
      
    
  
    
    

select
    customer_id as unique_field,
    count(*) as n_records

from E2E_DB.RAW.stg_customers
where customer_id is not null
group by customer_id
having count(*) > 1



  
  
      
    ) dbt_internal_test
/* {"app": "dbt", "dbt_version": "1.11.0b4", "profile_name": "dbt_snowflake_trans", "target_name": "dev", "node_id": "test.dbt_snowflake_trans.unique_stg_customers_customer_id.c7614daada"} */
[0m22:07:45.579798 [debug] [Thread-4 (]: Opening a new connection, currently in state init
[0m22:07:45.580642 [debug] [Thread-1 (]: On test.dbt_snowflake_trans.unique_stg_customers_email.1ebcb2333e: select
      count(*) as failures,
      count(*) != 0 as should_warn,
      count(*) != 0 as should_error
    from (
      
    
  
    
    

select
    email as unique_field,
    count(*) as n_records

from E2E_DB.RAW.stg_customers
where email is not null
group by email
having count(*) > 1



  
  
      
    ) dbt_internal_test
/* {"app": "dbt", "dbt_version": "1.11.0b4", "profile_name": "dbt_snowflake_trans", "target_name": "dev", "node_id": "test.dbt_snowflake_trans.unique_stg_customers_email.1ebcb2333e"} */
[0m22:07:45.752823 [debug] [Thread-2 (]: SQL status: SUCCESS 1 in 0.173 seconds
[0m22:07:45.757495 [info ] [Thread-2 (]: 5 of 22 PASS not_null_stg_customers_email ...................................... [[32mPASS[0m in 0.26s]
[0m22:07:45.757918 [debug] [Thread-2 (]: Finished running node test.dbt_snowflake_trans.not_null_stg_customers_email.d7cf761533
[0m22:07:45.758206 [debug] [Thread-2 (]: Began running node test.dbt_snowflake_trans.accepted_values_stg_transactions_txn_type__DEPOSIT__WITHDRAWAL__TRANSFER.ee9aed38b8
[0m22:07:45.758832 [info ] [Thread-2 (]: 8 of 22 START test accepted_values_stg_transactions_txn_type__DEPOSIT__WITHDRAWAL__TRANSFER  [RUN]
[0m22:07:45.759241 [debug] [Thread-2 (]: Re-using an available connection from the pool (formerly test.dbt_snowflake_trans.not_null_stg_customers_email.d7cf761533, now test.dbt_snowflake_trans.accepted_values_stg_transactions_txn_type__DEPOSIT__WITHDRAWAL__TRANSFER.ee9aed38b8)
[0m22:07:45.759563 [debug] [Thread-2 (]: Began compiling node test.dbt_snowflake_trans.accepted_values_stg_transactions_txn_type__DEPOSIT__WITHDRAWAL__TRANSFER.ee9aed38b8
[0m22:07:45.774154 [debug] [Thread-2 (]: Writing injected SQL for node "test.dbt_snowflake_trans.accepted_values_stg_transactions_txn_type__DEPOSIT__WITHDRAWAL__TRANSFER.ee9aed38b8"
[0m22:07:45.775006 [debug] [Thread-3 (]: SQL status: SUCCESS 1 in 0.194 seconds
[0m22:07:45.776652 [info ] [Thread-3 (]: 6 of 22 PASS unique_stg_customers_customer_id .................................. [[32mPASS[0m in 0.28s]
[0m22:07:45.777268 [debug] [Thread-3 (]: Finished running node test.dbt_snowflake_trans.unique_stg_customers_customer_id.c7614daada
[0m22:07:45.777610 [debug] [Thread-3 (]: Began running node test.dbt_snowflake_trans.not_null_stg_transactions_account_id.a7d212da1d
[0m22:07:45.777989 [info ] [Thread-3 (]: 9 of 22 START test not_null_stg_transactions_account_id ........................ [RUN]
[0m22:07:45.781343 [debug] [Thread-2 (]: Began executing node test.dbt_snowflake_trans.accepted_values_stg_transactions_txn_type__DEPOSIT__WITHDRAWAL__TRANSFER.ee9aed38b8
[0m22:07:45.781690 [debug] [Thread-3 (]: Re-using an available connection from the pool (formerly test.dbt_snowflake_trans.unique_stg_customers_customer_id.c7614daada, now test.dbt_snowflake_trans.not_null_stg_transactions_account_id.a7d212da1d)
[0m22:07:45.784096 [debug] [Thread-2 (]: Writing runtime sql for node "test.dbt_snowflake_trans.accepted_values_stg_transactions_txn_type__DEPOSIT__WITHDRAWAL__TRANSFER.ee9aed38b8"
[0m22:07:45.784553 [debug] [Thread-3 (]: Began compiling node test.dbt_snowflake_trans.not_null_stg_transactions_account_id.a7d212da1d
[0m22:07:45.785216 [debug] [Thread-1 (]: SQL status: SUCCESS 1 in 0.202 seconds
[0m22:07:45.788492 [debug] [Thread-3 (]: Writing injected SQL for node "test.dbt_snowflake_trans.not_null_stg_transactions_account_id.a7d212da1d"
[0m22:07:45.789064 [debug] [Thread-2 (]: Using snowflake connection "test.dbt_snowflake_trans.accepted_values_stg_transactions_txn_type__DEPOSIT__WITHDRAWAL__TRANSFER.ee9aed38b8"
[0m22:07:45.790595 [info ] [Thread-1 (]: 7 of 22 PASS unique_stg_customers_email ........................................ [[32mPASS[0m in 0.29s]
[0m22:07:45.791021 [debug] [Thread-3 (]: Began executing node test.dbt_snowflake_trans.not_null_stg_transactions_account_id.a7d212da1d
[0m22:07:45.791292 [debug] [Thread-2 (]: On test.dbt_snowflake_trans.accepted_values_stg_transactions_txn_type__DEPOSIT__WITHDRAWAL__TRANSFER.ee9aed38b8: select
      count(*) as failures,
      count(*) != 0 as should_warn,
      count(*) != 0 as should_error
    from (
      
    
  
    
    

with all_values as (

    select
        txn_type as value_field,
        count(*) as n_records

    from E2E_DB.RAW.stg_transactions
    group by txn_type

)

select *
from all_values
where value_field not in (
    'DEPOSIT','WITHDRAWAL','TRANSFER'
)



  
  
      
    ) dbt_internal_test
/* {"app": "dbt", "dbt_version": "1.11.0b4", "profile_name": "dbt_snowflake_trans", "target_name": "dev", "node_id": "test.dbt_snowflake_trans.accepted_values_stg_transactions_txn_type__DEPOSIT__WITHDRAWAL__TRANSFER.ee9aed38b8"} */
[0m22:07:45.791697 [debug] [Thread-1 (]: Finished running node test.dbt_snowflake_trans.unique_stg_customers_email.1ebcb2333e
[0m22:07:45.794255 [debug] [Thread-3 (]: Writing runtime sql for node "test.dbt_snowflake_trans.not_null_stg_transactions_account_id.a7d212da1d"
[0m22:07:45.794785 [debug] [Thread-1 (]: Began running node test.dbt_snowflake_trans.not_null_stg_transactions_transaction_id.1d00a8e2e4
[0m22:07:45.795799 [info ] [Thread-1 (]: 10 of 22 START test not_null_stg_transactions_transaction_id ................... [RUN]
[0m22:07:45.796437 [debug] [Thread-3 (]: Using snowflake connection "test.dbt_snowflake_trans.not_null_stg_transactions_account_id.a7d212da1d"
[0m22:07:45.796792 [debug] [Thread-1 (]: Re-using an available connection from the pool (formerly test.dbt_snowflake_trans.unique_stg_customers_email.1ebcb2333e, now test.dbt_snowflake_trans.not_null_stg_transactions_transaction_id.1d00a8e2e4)
[0m22:07:45.797192 [debug] [Thread-3 (]: On test.dbt_snowflake_trans.not_null_stg_transactions_account_id.a7d212da1d: select
      count(*) as failures,
      count(*) != 0 as should_warn,
      count(*) != 0 as should_error
    from (
      
    
  
    
    



select account_id
from E2E_DB.RAW.stg_transactions
where account_id is null



  
  
      
    ) dbt_internal_test
/* {"app": "dbt", "dbt_version": "1.11.0b4", "profile_name": "dbt_snowflake_trans", "target_name": "dev", "node_id": "test.dbt_snowflake_trans.not_null_stg_transactions_account_id.a7d212da1d"} */
[0m22:07:45.797497 [debug] [Thread-1 (]: Began compiling node test.dbt_snowflake_trans.not_null_stg_transactions_transaction_id.1d00a8e2e4
[0m22:07:45.800573 [debug] [Thread-1 (]: Writing injected SQL for node "test.dbt_snowflake_trans.not_null_stg_transactions_transaction_id.1d00a8e2e4"
[0m22:07:45.801434 [debug] [Thread-1 (]: Began executing node test.dbt_snowflake_trans.not_null_stg_transactions_transaction_id.1d00a8e2e4
[0m22:07:45.803007 [debug] [Thread-1 (]: Writing runtime sql for node "test.dbt_snowflake_trans.not_null_stg_transactions_transaction_id.1d00a8e2e4"
[0m22:07:45.803557 [debug] [Thread-1 (]: Using snowflake connection "test.dbt_snowflake_trans.not_null_stg_transactions_transaction_id.1d00a8e2e4"
[0m22:07:45.803822 [debug] [Thread-1 (]: On test.dbt_snowflake_trans.not_null_stg_transactions_transaction_id.1d00a8e2e4: select
      count(*) as failures,
      count(*) != 0 as should_warn,
      count(*) != 0 as should_error
    from (
      
    
  
    
    



select transaction_id
from E2E_DB.RAW.stg_transactions
where transaction_id is null



  
  
      
    ) dbt_internal_test
/* {"app": "dbt", "dbt_version": "1.11.0b4", "profile_name": "dbt_snowflake_trans", "target_name": "dev", "node_id": "test.dbt_snowflake_trans.not_null_stg_transactions_transaction_id.1d00a8e2e4"} */
[0m22:07:45.951617 [debug] [Thread-3 (]: SQL status: SUCCESS 1 in 0.153 seconds
[0m22:07:45.955917 [info ] [Thread-3 (]: 9 of 22 PASS not_null_stg_transactions_account_id .............................. [[32mPASS[0m in 0.17s]
[0m22:07:45.956404 [debug] [Thread-3 (]: Finished running node test.dbt_snowflake_trans.not_null_stg_transactions_account_id.a7d212da1d
[0m22:07:45.962553 [debug] [Thread-3 (]: Began running node test.dbt_snowflake_trans.unique_stg_transactions_transaction_id.ee9a78a396
[0m22:07:45.963590 [info ] [Thread-3 (]: 11 of 22 START test unique_stg_transactions_transaction_id ..................... [RUN]
[0m22:07:45.964577 [debug] [Thread-3 (]: Re-using an available connection from the pool (formerly test.dbt_snowflake_trans.not_null_stg_transactions_account_id.a7d212da1d, now test.dbt_snowflake_trans.unique_stg_transactions_transaction_id.ee9a78a396)
[0m22:07:45.965450 [debug] [Thread-3 (]: Began compiling node test.dbt_snowflake_trans.unique_stg_transactions_transaction_id.ee9a78a396
[0m22:07:45.972571 [debug] [Thread-3 (]: Writing injected SQL for node "test.dbt_snowflake_trans.unique_stg_transactions_transaction_id.ee9a78a396"
[0m22:07:45.973364 [debug] [Thread-3 (]: Began executing node test.dbt_snowflake_trans.unique_stg_transactions_transaction_id.ee9a78a396
[0m22:07:45.976153 [debug] [Thread-3 (]: Writing runtime sql for node "test.dbt_snowflake_trans.unique_stg_transactions_transaction_id.ee9a78a396"
[0m22:07:45.976960 [debug] [Thread-3 (]: Using snowflake connection "test.dbt_snowflake_trans.unique_stg_transactions_transaction_id.ee9a78a396"
[0m22:07:45.977301 [debug] [Thread-3 (]: On test.dbt_snowflake_trans.unique_stg_transactions_transaction_id.ee9a78a396: select
      count(*) as failures,
      count(*) != 0 as should_warn,
      count(*) != 0 as should_error
    from (
      
    
  
    
    

select
    transaction_id as unique_field,
    count(*) as n_records

from E2E_DB.RAW.stg_transactions
where transaction_id is not null
group by transaction_id
having count(*) > 1



  
  
      
    ) dbt_internal_test
/* {"app": "dbt", "dbt_version": "1.11.0b4", "profile_name": "dbt_snowflake_trans", "target_name": "dev", "node_id": "test.dbt_snowflake_trans.unique_stg_transactions_transaction_id.ee9a78a396"} */
[0m22:07:46.012757 [debug] [Thread-1 (]: SQL status: SUCCESS 1 in 0.208 seconds
[0m22:07:46.017489 [info ] [Thread-1 (]: 10 of 22 PASS not_null_stg_transactions_transaction_id ......................... [[32mPASS[0m in 0.22s]
[0m22:07:46.019977 [debug] [Thread-1 (]: Finished running node test.dbt_snowflake_trans.not_null_stg_transactions_transaction_id.1d00a8e2e4
[0m22:07:46.021181 [debug] [Thread-4 (]: SQL status: SUCCESS 1 in 0.441 seconds
[0m22:07:46.022449 [debug] [Thread-2 (]: SQL status: SUCCESS 1 in 0.228 seconds
[0m22:07:46.023208 [debug] [Thread-1 (]: Began running node test.dbt_snowflake_trans.accepted_values_stg_accounts_account_type__SAVINGS__CHECKING.1bf6c16db4
[0m22:07:46.026838 [info ] [Thread-4 (]: 4 of 22 PASS not_null_stg_customers_customer_id ................................ [[32mPASS[0m in 0.53s]
[0m22:07:46.032010 [info ] [Thread-2 (]: 8 of 22 PASS accepted_values_stg_transactions_txn_type__DEPOSIT__WITHDRAWAL__TRANSFER  [[32mPASS[0m in 0.27s]
[0m22:07:46.033411 [info ] [Thread-1 (]: 12 of 22 START test accepted_values_stg_accounts_account_type__SAVINGS__CHECKING  [RUN]
[0m22:07:46.035117 [debug] [Thread-4 (]: Finished running node test.dbt_snowflake_trans.not_null_stg_customers_customer_id.e2cfb1f9aa
[0m22:07:46.036855 [debug] [Thread-2 (]: Finished running node test.dbt_snowflake_trans.accepted_values_stg_transactions_txn_type__DEPOSIT__WITHDRAWAL__TRANSFER.ee9aed38b8
[0m22:07:46.038191 [debug] [Thread-1 (]: Re-using an available connection from the pool (formerly test.dbt_snowflake_trans.not_null_stg_transactions_transaction_id.1d00a8e2e4, now test.dbt_snowflake_trans.accepted_values_stg_accounts_account_type__SAVINGS__CHECKING.1bf6c16db4)
[0m22:07:46.039845 [debug] [Thread-4 (]: Began running node test.dbt_snowflake_trans.not_null_stg_accounts_account_id.182dfbc108
[0m22:07:46.041439 [debug] [Thread-2 (]: Began running node test.dbt_snowflake_trans.not_null_stg_accounts_customer_id.0b54f014a3
[0m22:07:46.042712 [debug] [Thread-1 (]: Began compiling node test.dbt_snowflake_trans.accepted_values_stg_accounts_account_type__SAVINGS__CHECKING.1bf6c16db4
[0m22:07:46.043936 [info ] [Thread-4 (]: 13 of 22 START test not_null_stg_accounts_account_id ........................... [RUN]
[0m22:07:46.045212 [info ] [Thread-2 (]: 14 of 22 START test not_null_stg_accounts_customer_id .......................... [RUN]
[0m22:07:46.054762 [debug] [Thread-1 (]: Writing injected SQL for node "test.dbt_snowflake_trans.accepted_values_stg_accounts_account_type__SAVINGS__CHECKING.1bf6c16db4"
[0m22:07:46.055294 [debug] [Thread-4 (]: Re-using an available connection from the pool (formerly test.dbt_snowflake_trans.not_null_stg_customers_customer_id.e2cfb1f9aa, now test.dbt_snowflake_trans.not_null_stg_accounts_account_id.182dfbc108)
[0m22:07:46.055849 [debug] [Thread-2 (]: Re-using an available connection from the pool (formerly test.dbt_snowflake_trans.accepted_values_stg_transactions_txn_type__DEPOSIT__WITHDRAWAL__TRANSFER.ee9aed38b8, now test.dbt_snowflake_trans.not_null_stg_accounts_customer_id.0b54f014a3)
[0m22:07:46.056402 [debug] [Thread-4 (]: Began compiling node test.dbt_snowflake_trans.not_null_stg_accounts_account_id.182dfbc108
[0m22:07:46.056834 [debug] [Thread-2 (]: Began compiling node test.dbt_snowflake_trans.not_null_stg_accounts_customer_id.0b54f014a3
[0m22:07:46.057247 [debug] [Thread-1 (]: Began executing node test.dbt_snowflake_trans.accepted_values_stg_accounts_account_type__SAVINGS__CHECKING.1bf6c16db4
[0m22:07:46.060925 [debug] [Thread-4 (]: Writing injected SQL for node "test.dbt_snowflake_trans.not_null_stg_accounts_account_id.182dfbc108"
[0m22:07:46.063843 [debug] [Thread-2 (]: Writing injected SQL for node "test.dbt_snowflake_trans.not_null_stg_accounts_customer_id.0b54f014a3"
[0m22:07:46.066275 [debug] [Thread-1 (]: Writing runtime sql for node "test.dbt_snowflake_trans.accepted_values_stg_accounts_account_type__SAVINGS__CHECKING.1bf6c16db4"
[0m22:07:46.067031 [debug] [Thread-4 (]: Began executing node test.dbt_snowflake_trans.not_null_stg_accounts_account_id.182dfbc108
[0m22:07:46.067690 [debug] [Thread-2 (]: Began executing node test.dbt_snowflake_trans.not_null_stg_accounts_customer_id.0b54f014a3
[0m22:07:46.070728 [debug] [Thread-4 (]: Writing runtime sql for node "test.dbt_snowflake_trans.not_null_stg_accounts_account_id.182dfbc108"
[0m22:07:46.071620 [debug] [Thread-1 (]: Using snowflake connection "test.dbt_snowflake_trans.accepted_values_stg_accounts_account_type__SAVINGS__CHECKING.1bf6c16db4"
[0m22:07:46.075806 [debug] [Thread-2 (]: Writing runtime sql for node "test.dbt_snowflake_trans.not_null_stg_accounts_customer_id.0b54f014a3"
[0m22:07:46.076626 [debug] [Thread-1 (]: On test.dbt_snowflake_trans.accepted_values_stg_accounts_account_type__SAVINGS__CHECKING.1bf6c16db4: select
      count(*) as failures,
      count(*) != 0 as should_warn,
      count(*) != 0 as should_error
    from (
      
    
  
    
    

with all_values as (

    select
        account_type as value_field,
        count(*) as n_records

    from E2E_DB.RAW.stg_accounts
    group by account_type

)

select *
from all_values
where value_field not in (
    'SAVINGS','CHECKING'
)



  
  
      
    ) dbt_internal_test
/* {"app": "dbt", "dbt_version": "1.11.0b4", "profile_name": "dbt_snowflake_trans", "target_name": "dev", "node_id": "test.dbt_snowflake_trans.accepted_values_stg_accounts_account_type__SAVINGS__CHECKING.1bf6c16db4"} */
[0m22:07:46.077662 [debug] [Thread-4 (]: Using snowflake connection "test.dbt_snowflake_trans.not_null_stg_accounts_account_id.182dfbc108"
[0m22:07:46.079581 [debug] [Thread-4 (]: On test.dbt_snowflake_trans.not_null_stg_accounts_account_id.182dfbc108: select
      count(*) as failures,
      count(*) != 0 as should_warn,
      count(*) != 0 as should_error
    from (
      
    
  
    
    



select account_id
from E2E_DB.RAW.stg_accounts
where account_id is null



  
  
      
    ) dbt_internal_test
/* {"app": "dbt", "dbt_version": "1.11.0b4", "profile_name": "dbt_snowflake_trans", "target_name": "dev", "node_id": "test.dbt_snowflake_trans.not_null_stg_accounts_account_id.182dfbc108"} */
[0m22:07:46.081600 [debug] [Thread-2 (]: Using snowflake connection "test.dbt_snowflake_trans.not_null_stg_accounts_customer_id.0b54f014a3"
[0m22:07:46.082939 [debug] [Thread-2 (]: On test.dbt_snowflake_trans.not_null_stg_accounts_customer_id.0b54f014a3: select
      count(*) as failures,
      count(*) != 0 as should_warn,
      count(*) != 0 as should_error
    from (
      
    
  
    
    



select customer_id
from E2E_DB.RAW.stg_accounts
where customer_id is null



  
  
      
    ) dbt_internal_test
/* {"app": "dbt", "dbt_version": "1.11.0b4", "profile_name": "dbt_snowflake_trans", "target_name": "dev", "node_id": "test.dbt_snowflake_trans.not_null_stg_accounts_customer_id.0b54f014a3"} */
[0m22:07:46.129858 [debug] [Thread-3 (]: SQL status: SUCCESS 1 in 0.152 seconds
[0m22:07:46.134137 [info ] [Thread-3 (]: 11 of 22 PASS unique_stg_transactions_transaction_id ........................... [[32mPASS[0m in 0.17s]
[0m22:07:46.135194 [debug] [Thread-3 (]: Finished running node test.dbt_snowflake_trans.unique_stg_transactions_transaction_id.ee9a78a396
[0m22:07:46.135870 [debug] [Thread-3 (]: Began running node test.dbt_snowflake_trans.relationships_stg_accounts_customer_id__customer_id__ref_stg_customers_.5f49160326
[0m22:07:46.136459 [info ] [Thread-3 (]: 15 of 22 START test relationships_stg_accounts_customer_id__customer_id__ref_stg_customers_  [RUN]
[0m22:07:46.137293 [debug] [Thread-3 (]: Re-using an available connection from the pool (formerly test.dbt_snowflake_trans.unique_stg_transactions_transaction_id.ee9a78a396, now test.dbt_snowflake_trans.relationships_stg_accounts_customer_id__customer_id__ref_stg_customers_.5f49160326)
[0m22:07:46.137990 [debug] [Thread-3 (]: Began compiling node test.dbt_snowflake_trans.relationships_stg_accounts_customer_id__customer_id__ref_stg_customers_.5f49160326
[0m22:07:46.149357 [debug] [Thread-3 (]: Writing injected SQL for node "test.dbt_snowflake_trans.relationships_stg_accounts_customer_id__customer_id__ref_stg_customers_.5f49160326"
[0m22:07:46.149818 [debug] [Thread-3 (]: Began executing node test.dbt_snowflake_trans.relationships_stg_accounts_customer_id__customer_id__ref_stg_customers_.5f49160326
[0m22:07:46.151501 [debug] [Thread-3 (]: Writing runtime sql for node "test.dbt_snowflake_trans.relationships_stg_accounts_customer_id__customer_id__ref_stg_customers_.5f49160326"
[0m22:07:46.152144 [debug] [Thread-3 (]: Using snowflake connection "test.dbt_snowflake_trans.relationships_stg_accounts_customer_id__customer_id__ref_stg_customers_.5f49160326"
[0m22:07:46.152433 [debug] [Thread-3 (]: On test.dbt_snowflake_trans.relationships_stg_accounts_customer_id__customer_id__ref_stg_customers_.5f49160326: select
      count(*) as failures,
      count(*) != 0 as should_warn,
      count(*) != 0 as should_error
    from (
      
    
  
    
    

with child as (
    select customer_id as from_field
    from E2E_DB.RAW.stg_accounts
    where customer_id is not null
),

parent as (
    select customer_id as to_field
    from E2E_DB.RAW.stg_customers
)

select
    from_field

from child
left join parent
    on child.from_field = parent.to_field

where parent.to_field is null



  
  
      
    ) dbt_internal_test
/* {"app": "dbt", "dbt_version": "1.11.0b4", "profile_name": "dbt_snowflake_trans", "target_name": "dev", "node_id": "test.dbt_snowflake_trans.relationships_stg_accounts_customer_id__customer_id__ref_stg_customers_.5f49160326"} */
[0m22:07:46.240368 [debug] [Thread-4 (]: SQL status: SUCCESS 1 in 0.158 seconds
[0m22:07:46.244651 [info ] [Thread-4 (]: 13 of 22 PASS not_null_stg_accounts_account_id ................................. [[32mPASS[0m in 0.19s]
[0m22:07:46.245070 [debug] [Thread-4 (]: Finished running node test.dbt_snowflake_trans.not_null_stg_accounts_account_id.182dfbc108
[0m22:07:46.245366 [debug] [Thread-4 (]: Began running node test.dbt_snowflake_trans.relationships_stg_transactions_account_id__account_id__ref_stg_accounts_.c0d3771e54
[0m22:07:46.245772 [info ] [Thread-4 (]: 16 of 22 START test relationships_stg_transactions_account_id__account_id__ref_stg_accounts_  [RUN]
[0m22:07:46.246110 [debug] [Thread-4 (]: Re-using an available connection from the pool (formerly test.dbt_snowflake_trans.not_null_stg_accounts_account_id.182dfbc108, now test.dbt_snowflake_trans.relationships_stg_transactions_account_id__account_id__ref_stg_accounts_.c0d3771e54)
[0m22:07:46.246368 [debug] [Thread-4 (]: Began compiling node test.dbt_snowflake_trans.relationships_stg_transactions_account_id__account_id__ref_stg_accounts_.c0d3771e54
[0m22:07:46.250169 [debug] [Thread-4 (]: Writing injected SQL for node "test.dbt_snowflake_trans.relationships_stg_transactions_account_id__account_id__ref_stg_accounts_.c0d3771e54"
[0m22:07:46.250545 [debug] [Thread-4 (]: Began executing node test.dbt_snowflake_trans.relationships_stg_transactions_account_id__account_id__ref_stg_accounts_.c0d3771e54
[0m22:07:46.252154 [debug] [Thread-4 (]: Writing runtime sql for node "test.dbt_snowflake_trans.relationships_stg_transactions_account_id__account_id__ref_stg_accounts_.c0d3771e54"
[0m22:07:46.252803 [debug] [Thread-4 (]: Using snowflake connection "test.dbt_snowflake_trans.relationships_stg_transactions_account_id__account_id__ref_stg_accounts_.c0d3771e54"
[0m22:07:46.253069 [debug] [Thread-4 (]: On test.dbt_snowflake_trans.relationships_stg_transactions_account_id__account_id__ref_stg_accounts_.c0d3771e54: select
      count(*) as failures,
      count(*) != 0 as should_warn,
      count(*) != 0 as should_error
    from (
      
    
  
    
    

with child as (
    select account_id as from_field
    from E2E_DB.RAW.stg_transactions
    where account_id is not null
),

parent as (
    select account_id as to_field
    from E2E_DB.RAW.stg_accounts
)

select
    from_field

from child
left join parent
    on child.from_field = parent.to_field

where parent.to_field is null



  
  
      
    ) dbt_internal_test
/* {"app": "dbt", "dbt_version": "1.11.0b4", "profile_name": "dbt_snowflake_trans", "target_name": "dev", "node_id": "test.dbt_snowflake_trans.relationships_stg_transactions_account_id__account_id__ref_stg_accounts_.c0d3771e54"} */
[0m22:07:46.254159 [debug] [Thread-2 (]: SQL status: SUCCESS 1 in 0.170 seconds
[0m22:07:46.255940 [info ] [Thread-2 (]: 14 of 22 PASS not_null_stg_accounts_customer_id ................................ [[32mPASS[0m in 0.20s]
[0m22:07:46.256410 [debug] [Thread-2 (]: Finished running node test.dbt_snowflake_trans.not_null_stg_accounts_customer_id.0b54f014a3
[0m22:07:46.256705 [debug] [Thread-2 (]: Began running node test.dbt_snowflake_trans.unique_stg_accounts_account_id.cdf6252c79
[0m22:07:46.257359 [info ] [Thread-2 (]: 17 of 22 START test unique_stg_accounts_account_id ............................. [RUN]
[0m22:07:46.257685 [debug] [Thread-2 (]: Re-using an available connection from the pool (formerly test.dbt_snowflake_trans.not_null_stg_accounts_customer_id.0b54f014a3, now test.dbt_snowflake_trans.unique_stg_accounts_account_id.cdf6252c79)
[0m22:07:46.257969 [debug] [Thread-2 (]: Began compiling node test.dbt_snowflake_trans.unique_stg_accounts_account_id.cdf6252c79
[0m22:07:46.260460 [debug] [Thread-2 (]: Writing injected SQL for node "test.dbt_snowflake_trans.unique_stg_accounts_account_id.cdf6252c79"
[0m22:07:46.261262 [debug] [Thread-1 (]: SQL status: SUCCESS 1 in 0.183 seconds
[0m22:07:46.262637 [info ] [Thread-1 (]: 12 of 22 PASS accepted_values_stg_accounts_account_type__SAVINGS__CHECKING ..... [[32mPASS[0m in 0.22s]
[0m22:07:46.262931 [debug] [Thread-2 (]: Began executing node test.dbt_snowflake_trans.unique_stg_accounts_account_id.cdf6252c79
[0m22:07:46.263301 [debug] [Thread-1 (]: Finished running node test.dbt_snowflake_trans.accepted_values_stg_accounts_account_type__SAVINGS__CHECKING.1bf6c16db4
[0m22:07:46.264877 [debug] [Thread-2 (]: Writing runtime sql for node "test.dbt_snowflake_trans.unique_stg_accounts_account_id.cdf6252c79"
[0m22:07:46.265237 [debug] [Thread-1 (]: Began running node snapshot.dbt_snowflake_trans.snp_customers
[0m22:07:46.265684 [info ] [Thread-1 (]: 18 of 22 START snapshot SNAPSHOTS.snp_customers ................................ [RUN]
[0m22:07:46.266211 [debug] [Thread-2 (]: Using snowflake connection "test.dbt_snowflake_trans.unique_stg_accounts_account_id.cdf6252c79"
[0m22:07:46.266560 [debug] [Thread-1 (]: Re-using an available connection from the pool (formerly test.dbt_snowflake_trans.accepted_values_stg_accounts_account_type__SAVINGS__CHECKING.1bf6c16db4, now snapshot.dbt_snowflake_trans.snp_customers)
[0m22:07:46.266872 [debug] [Thread-2 (]: On test.dbt_snowflake_trans.unique_stg_accounts_account_id.cdf6252c79: select
      count(*) as failures,
      count(*) != 0 as should_warn,
      count(*) != 0 as should_error
    from (
      
    
  
    
    

select
    account_id as unique_field,
    count(*) as n_records

from E2E_DB.RAW.stg_accounts
where account_id is not null
group by account_id
having count(*) > 1



  
  
      
    ) dbt_internal_test
/* {"app": "dbt", "dbt_version": "1.11.0b4", "profile_name": "dbt_snowflake_trans", "target_name": "dev", "node_id": "test.dbt_snowflake_trans.unique_stg_accounts_account_id.cdf6252c79"} */
[0m22:07:46.267129 [debug] [Thread-1 (]: Began compiling node snapshot.dbt_snowflake_trans.snp_customers
[0m22:07:46.269231 [debug] [Thread-1 (]: Began executing node snapshot.dbt_snowflake_trans.snp_customers
[0m22:07:46.316179 [debug] [Thread-1 (]: Using snowflake connection "snapshot.dbt_snowflake_trans.snp_customers"
[0m22:07:46.317121 [debug] [Thread-3 (]: SQL status: SUCCESS 1 in 0.164 seconds
[0m22:07:46.317499 [debug] [Thread-1 (]: On snapshot.dbt_snowflake_trans.snp_customers: select * from (
        
    

    select *,
        md5(coalesce(cast(customer_id as varchar ), '')
         || '|' || coalesce(cast(last_updated_at as varchar ), '')
        ) as dbt_scd_id,
        last_updated_at as dbt_updated_at,
        last_updated_at as dbt_valid_from,
        
  
  coalesce(nullif(last_updated_at, last_updated_at), null)
  as dbt_valid_to
from (
        




SELECT * FROM E2E_DB.RAW.stg_customers

    ) sbq



    ) as __dbt_sbq
    where false
    limit 0
/* {"app": "dbt", "dbt_version": "1.11.0b4", "profile_name": "dbt_snowflake_trans", "target_name": "dev", "node_id": "snapshot.dbt_snowflake_trans.snp_customers"} */
/* {"app": "dbt", "dbt_version": "1.11.0b4", "profile_name": "dbt_snowflake_trans", "target_name": "dev", "node_id": "snapshot.dbt_snowflake_trans.snp_customers"} */
[0m22:07:46.319039 [info ] [Thread-3 (]: 15 of 22 PASS relationships_stg_accounts_customer_id__customer_id__ref_stg_customers_  [[32mPASS[0m in 0.18s]
[0m22:07:46.319839 [debug] [Thread-3 (]: Finished running node test.dbt_snowflake_trans.relationships_stg_accounts_customer_id__customer_id__ref_stg_customers_.5f49160326
[0m22:07:46.402996 [debug] [Thread-4 (]: SQL status: SUCCESS 1 in 0.149 seconds
[0m22:07:46.407401 [info ] [Thread-4 (]: 16 of 22 PASS relationships_stg_transactions_account_id__account_id__ref_stg_accounts_  [[32mPASS[0m in 0.16s]
[0m22:07:46.408492 [debug] [Thread-4 (]: Finished running node test.dbt_snowflake_trans.relationships_stg_transactions_account_id__account_id__ref_stg_accounts_.c0d3771e54
[0m22:07:46.462450 [debug] [Thread-2 (]: SQL status: SUCCESS 1 in 0.195 seconds
[0m22:07:46.467606 [info ] [Thread-2 (]: 17 of 22 PASS unique_stg_accounts_account_id ................................... [[32mPASS[0m in 0.21s]
[0m22:07:46.468692 [debug] [Thread-2 (]: Finished running node test.dbt_snowflake_trans.unique_stg_accounts_account_id.cdf6252c79
[0m22:07:46.470015 [debug] [Thread-1 (]: SQL status: SUCCESS 0 in 0.151 seconds
[0m22:07:46.476237 [debug] [Thread-3 (]: Began running node model.dbt_snowflake_trans.fact_transactions
[0m22:07:46.477190 [debug] [Thread-4 (]: Began running node snapshot.dbt_snowflake_trans.snp_accounts
[0m22:07:46.484892 [debug] [Thread-1 (]: Using snowflake connection "snapshot.dbt_snowflake_trans.snp_customers"
[0m22:07:46.486256 [info ] [Thread-3 (]: 19 of 22 START sql incremental model RAW.fact_transactions ..................... [RUN]
[0m22:07:46.487424 [info ] [Thread-4 (]: 20 of 22 START snapshot SNAPSHOTS.snp_accounts ................................. [RUN]
[0m22:07:46.488605 [debug] [Thread-1 (]: On snapshot.dbt_snowflake_trans.snp_customers: select * from (
        select to_timestamp_ntz(convert_timezone('UTC', current_timestamp())) as dbt_snapshot_time
    ) as __dbt_sbq
    where false
    limit 0
/* {"app": "dbt", "dbt_version": "1.11.0b4", "profile_name": "dbt_snowflake_trans", "target_name": "dev", "node_id": "snapshot.dbt_snowflake_trans.snp_customers"} */
/* {"app": "dbt", "dbt_version": "1.11.0b4", "profile_name": "dbt_snowflake_trans", "target_name": "dev", "node_id": "snapshot.dbt_snowflake_trans.snp_customers"} */
[0m22:07:46.489780 [debug] [Thread-3 (]: Re-using an available connection from the pool (formerly test.dbt_snowflake_trans.relationships_stg_accounts_customer_id__customer_id__ref_stg_customers_.5f49160326, now model.dbt_snowflake_trans.fact_transactions)
[0m22:07:46.490772 [debug] [Thread-4 (]: Re-using an available connection from the pool (formerly test.dbt_snowflake_trans.relationships_stg_transactions_account_id__account_id__ref_stg_accounts_.c0d3771e54, now snapshot.dbt_snowflake_trans.snp_accounts)
[0m22:07:46.493472 [debug] [Thread-3 (]: Began compiling node model.dbt_snowflake_trans.fact_transactions
[0m22:07:46.495039 [debug] [Thread-4 (]: Began compiling node snapshot.dbt_snowflake_trans.snp_accounts
[0m22:07:46.508131 [debug] [Thread-3 (]: Writing injected SQL for node "model.dbt_snowflake_trans.fact_transactions"
[0m22:07:46.511161 [debug] [Thread-4 (]: Began executing node snapshot.dbt_snowflake_trans.snp_accounts
[0m22:07:46.516267 [debug] [Thread-4 (]: Using snowflake connection "snapshot.dbt_snowflake_trans.snp_accounts"
[0m22:07:46.517050 [debug] [Thread-4 (]: On snapshot.dbt_snowflake_trans.snp_accounts: select * from (
        
    

    select *,
        md5(coalesce(cast(account_id as varchar ), '')
         || '|' || coalesce(cast(last_updated_at as varchar ), '')
        ) as dbt_scd_id,
        last_updated_at as dbt_updated_at,
        last_updated_at as dbt_valid_from,
        
  
  coalesce(nullif(last_updated_at, last_updated_at), null)
  as dbt_valid_to
from (
        



SELECT * FROM E2E_DB.RAW.stg_accounts

    ) sbq



    ) as __dbt_sbq
    where false
    limit 0
/* {"app": "dbt", "dbt_version": "1.11.0b4", "profile_name": "dbt_snowflake_trans", "target_name": "dev", "node_id": "snapshot.dbt_snowflake_trans.snp_accounts"} */
/* {"app": "dbt", "dbt_version": "1.11.0b4", "profile_name": "dbt_snowflake_trans", "target_name": "dev", "node_id": "snapshot.dbt_snowflake_trans.snp_accounts"} */
[0m22:07:46.519473 [debug] [Thread-3 (]: Began executing node model.dbt_snowflake_trans.fact_transactions
[0m22:07:46.547916 [debug] [Thread-3 (]: Writing runtime sql for node "model.dbt_snowflake_trans.fact_transactions"
[0m22:07:46.548820 [debug] [Thread-3 (]: Using snowflake connection "model.dbt_snowflake_trans.fact_transactions"
[0m22:07:46.549123 [debug] [Thread-3 (]: On model.dbt_snowflake_trans.fact_transactions: create or replace transient table E2E_DB.RAW.fact_transactions
    
    
    
    as (

WITH transactions AS (
    SELECT * FROM E2E_DB.RAW.stg_transactions
    
    -- LOGIC INCREMENTAL:
    -- Chỉ lấy các giao dịch có thời gian xử lý (processed_at) LỚN HƠN 
    -- thời gian max hiện có trong bảng đích (this).
    
),

-- Join thêm thông tin Account để lấy Customer ID (Denormalization)
accounts AS (
    SELECT account_id, customer_id FROM E2E_DB.RAW.stg_accounts
)

SELECT
    t.transaction_id,
    t.account_id,
    a.customer_id, 
    
    t.txn_type,
    t.status,
    t.amount,
    
    -- Tách Date Dimension (Ngày/Tháng/Năm) phục vụ Partitioning hoặc Filter nhanh
    DATE(t.created_at) AS transaction_date_key,
    YEAR(t.created_at) AS transaction_year,
    MONTH(t.created_at) AS transaction_month,
    
    t.created_at AS transaction_timestamp,
    t.processed_at, -- Cột mốc để chạy incremental
    current_timestamp() AS dwh_load_at

FROM transactions t
LEFT JOIN accounts a ON t.account_id = a.account_id
    )

/* {"app": "dbt", "dbt_version": "1.11.0b4", "profile_name": "dbt_snowflake_trans", "target_name": "dev", "node_id": "model.dbt_snowflake_trans.fact_transactions"} */;
[0m22:07:46.603949 [debug] [Thread-1 (]: SQL status: SUCCESS 0 in 0.112 seconds
[0m22:07:46.605074 [warn ] [Thread-1 (]: Data type of snapshot table timestamp columns (TIMESTAMP_NTZ) doesn't match derived column 'updated_at' (FIXED). Please update snapshot config 'updated_at'.
[0m22:07:46.606325 [debug] [Thread-1 (]: Writing runtime sql for node "snapshot.dbt_snowflake_trans.snp_customers"
[0m22:07:46.608281 [debug] [Thread-1 (]: Using snowflake connection "snapshot.dbt_snowflake_trans.snp_customers"
[0m22:07:46.608592 [debug] [Thread-1 (]: On snapshot.dbt_snowflake_trans.snp_customers: create or replace transient table E2E_DB.SNAPSHOTS.snp_customers
    
    
    
    as (
    

    select *,
        md5(coalesce(cast(customer_id as varchar ), '')
         || '|' || coalesce(cast(last_updated_at as varchar ), '')
        ) as dbt_scd_id,
        last_updated_at as dbt_updated_at,
        last_updated_at as dbt_valid_from,
        
  
  coalesce(nullif(last_updated_at, last_updated_at), null)
  as dbt_valid_to
from (
        




SELECT * FROM E2E_DB.RAW.stg_customers

    ) sbq



    )

/* {"app": "dbt", "dbt_version": "1.11.0b4", "profile_name": "dbt_snowflake_trans", "target_name": "dev", "node_id": "snapshot.dbt_snowflake_trans.snp_customers"} */;
[0m22:07:46.669115 [debug] [Thread-4 (]: SQL status: SUCCESS 0 in 0.151 seconds
[0m22:07:46.671942 [debug] [Thread-4 (]: Using snowflake connection "snapshot.dbt_snowflake_trans.snp_accounts"
[0m22:07:46.672703 [debug] [Thread-4 (]: On snapshot.dbt_snowflake_trans.snp_accounts: select * from (
        select to_timestamp_ntz(convert_timezone('UTC', current_timestamp())) as dbt_snapshot_time
    ) as __dbt_sbq
    where false
    limit 0
/* {"app": "dbt", "dbt_version": "1.11.0b4", "profile_name": "dbt_snowflake_trans", "target_name": "dev", "node_id": "snapshot.dbt_snowflake_trans.snp_accounts"} */
/* {"app": "dbt", "dbt_version": "1.11.0b4", "profile_name": "dbt_snowflake_trans", "target_name": "dev", "node_id": "snapshot.dbt_snowflake_trans.snp_accounts"} */
[0m22:07:46.732560 [debug] [Thread-1 (]: Snowflake adapter: Snowflake query id: 01c09b8b-3202-20f8-0011-44ea0004310a
[0m22:07:46.733574 [debug] [Thread-1 (]: Snowflake adapter: Snowflake error: 002025 (42S21): SQL compilation error:
duplicate column name 'DBT_UPDATED_AT'
[0m22:07:46.739348 [debug] [Thread-1 (]: Database Error in snapshot snp_customers (snapshots/snp_customers.sql)
  002025 (42S21): SQL compilation error:
  duplicate column name 'DBT_UPDATED_AT'
  compiled code at target/run/dbt_snowflake_trans/snapshots/snp_customers.sql
[0m22:07:46.740060 [debug] [Thread-1 (]: Sending event: {'category': 'dbt', 'action': 'run_model', 'label': 'c51ac48f-03f7-4e76-8577-ac108cb20702', 'context': [<snowplow_tracker.self_describing_json.SelfDescribingJson object at 0x7ab2317e2420>]}
[0m22:07:46.741130 [error] [Thread-1 (]: 18 of 22 ERROR snapshotting SNAPSHOTS.snp_customers ............................ [[31mERROR[0m in 0.47s]
[0m22:07:46.741888 [debug] [Thread-1 (]: Finished running node snapshot.dbt_snowflake_trans.snp_customers
[0m22:07:46.742941 [debug] [Thread-7 (]: Marking all children of 'snapshot.dbt_snowflake_trans.snp_customers' to be skipped because of status 'error'.  Reason: Database Error in snapshot snp_customers (snapshots/snp_customers.sql)
  002025 (42S21): SQL compilation error:
  duplicate column name 'DBT_UPDATED_AT'
  compiled code at target/run/dbt_snowflake_trans/snapshots/snp_customers.sql.
[0m22:07:46.744450 [debug] [Thread-2 (]: Began running node model.dbt_snowflake_trans.dim_customers
[0m22:07:46.745059 [info ] [Thread-2 (]: 21 of 22 SKIP relation RAW.dim_customers ....................................... [[33mSKIP[0m]
[0m22:07:46.745659 [debug] [Thread-2 (]: Finished running node model.dbt_snowflake_trans.dim_customers
[0m22:07:46.746179 [debug] [Thread-7 (]: Marking all children of 'model.dbt_snowflake_trans.dim_customers' to be skipped because of status 'skipped'. 
[0m22:07:46.753094 [debug] [Thread-4 (]: SQL status: SUCCESS 0 in 0.080 seconds
[0m22:07:46.753874 [warn ] [Thread-4 (]: Data type of snapshot table timestamp columns (TIMESTAMP_NTZ) doesn't match derived column 'updated_at' (FIXED). Please update snapshot config 'updated_at'.
[0m22:07:46.754759 [debug] [Thread-4 (]: Writing runtime sql for node "snapshot.dbt_snowflake_trans.snp_accounts"
[0m22:07:46.756127 [debug] [Thread-4 (]: Using snowflake connection "snapshot.dbt_snowflake_trans.snp_accounts"
[0m22:07:46.756680 [debug] [Thread-4 (]: On snapshot.dbt_snowflake_trans.snp_accounts: create or replace transient table E2E_DB.SNAPSHOTS.snp_accounts
    
    
    
    as (
    

    select *,
        md5(coalesce(cast(account_id as varchar ), '')
         || '|' || coalesce(cast(last_updated_at as varchar ), '')
        ) as dbt_scd_id,
        last_updated_at as dbt_updated_at,
        last_updated_at as dbt_valid_from,
        
  
  coalesce(nullif(last_updated_at, last_updated_at), null)
  as dbt_valid_to
from (
        



SELECT * FROM E2E_DB.RAW.stg_accounts

    ) sbq



    )

/* {"app": "dbt", "dbt_version": "1.11.0b4", "profile_name": "dbt_snowflake_trans", "target_name": "dev", "node_id": "snapshot.dbt_snowflake_trans.snp_accounts"} */;
[0m22:07:46.856897 [debug] [Thread-4 (]: Snowflake adapter: Snowflake query id: 01c09b8b-3202-20f8-0011-44ea00043112
[0m22:07:46.857963 [debug] [Thread-4 (]: Snowflake adapter: Snowflake error: 002025 (42S21): SQL compilation error:
duplicate column name 'DBT_UPDATED_AT'
[0m22:07:46.861576 [debug] [Thread-4 (]: Database Error in snapshot snp_accounts (snapshots/snp_accounts.sql)
  002025 (42S21): SQL compilation error:
  duplicate column name 'DBT_UPDATED_AT'
  compiled code at target/run/dbt_snowflake_trans/snapshots/snp_accounts.sql
[0m22:07:46.861947 [debug] [Thread-4 (]: Sending event: {'category': 'dbt', 'action': 'run_model', 'label': 'c51ac48f-03f7-4e76-8577-ac108cb20702', 'context': [<snowplow_tracker.self_describing_json.SelfDescribingJson object at 0x7ab2306aa3c0>]}
[0m22:07:46.862508 [error] [Thread-4 (]: 20 of 22 ERROR snapshotting SNAPSHOTS.snp_accounts ............................. [[31mERROR[0m in 0.37s]
[0m22:07:46.862908 [debug] [Thread-4 (]: Finished running node snapshot.dbt_snowflake_trans.snp_accounts
[0m22:07:46.863405 [debug] [Thread-7 (]: Marking all children of 'snapshot.dbt_snowflake_trans.snp_accounts' to be skipped because of status 'error'.  Reason: Database Error in snapshot snp_accounts (snapshots/snp_accounts.sql)
  002025 (42S21): SQL compilation error:
  duplicate column name 'DBT_UPDATED_AT'
  compiled code at target/run/dbt_snowflake_trans/snapshots/snp_accounts.sql.
[0m22:07:46.864135 [debug] [Thread-1 (]: Began running node model.dbt_snowflake_trans.dim_accounts
[0m22:07:46.864729 [info ] [Thread-1 (]: 22 of 22 SKIP relation RAW.dim_accounts ........................................ [[33mSKIP[0m]
[0m22:07:46.865591 [debug] [Thread-1 (]: Finished running node model.dbt_snowflake_trans.dim_accounts
[0m22:07:46.866440 [debug] [Thread-7 (]: Marking all children of 'model.dbt_snowflake_trans.dim_accounts' to be skipped because of status 'skipped'. 
[0m22:07:47.072869 [debug] [Thread-3 (]: SQL status: SUCCESS 1 in 0.523 seconds
[0m22:07:47.081376 [debug] [Thread-3 (]: Applying DROP to: E2E_DB.RAW.fact_transactions__dbt_tmp
[0m22:07:47.086310 [debug] [Thread-3 (]: Using snowflake connection "model.dbt_snowflake_trans.fact_transactions"
[0m22:07:47.086598 [debug] [Thread-3 (]: On model.dbt_snowflake_trans.fact_transactions: drop table if exists E2E_DB.RAW.fact_transactions__dbt_tmp cascade
/* {"app": "dbt", "dbt_version": "1.11.0b4", "profile_name": "dbt_snowflake_trans", "target_name": "dev", "node_id": "model.dbt_snowflake_trans.fact_transactions"} */
[0m22:07:47.172572 [debug] [Thread-3 (]: SQL status: SUCCESS 1 in 0.085 seconds
[0m22:07:47.177479 [debug] [Thread-3 (]: Sending event: {'category': 'dbt', 'action': 'run_model', 'label': 'c51ac48f-03f7-4e76-8577-ac108cb20702', 'context': [<snowplow_tracker.self_describing_json.SelfDescribingJson object at 0x7ab23067b290>]}
[0m22:07:47.178586 [info ] [Thread-3 (]: 19 of 22 OK created sql incremental model RAW.fact_transactions ................ [[32mSUCCESS 1[0m in 0.69s]
[0m22:07:47.179561 [debug] [Thread-3 (]: Finished running node model.dbt_snowflake_trans.fact_transactions
[0m22:07:47.182049 [debug] [MainThread]: Connection 'master' was properly closed.
[0m22:07:47.182640 [debug] [MainThread]: Connection 'snapshot.dbt_snowflake_trans.snp_customers' was left open.
[0m22:07:47.183130 [debug] [MainThread]: On snapshot.dbt_snowflake_trans.snp_customers: Close
[0m22:07:47.377633 [debug] [MainThread]: Connection 'test.dbt_snowflake_trans.unique_stg_accounts_account_id.cdf6252c79' was left open.
[0m22:07:47.378654 [debug] [MainThread]: On test.dbt_snowflake_trans.unique_stg_accounts_account_id.cdf6252c79: Close
[0m22:07:47.574109 [debug] [MainThread]: Connection 'model.dbt_snowflake_trans.fact_transactions' was left open.
[0m22:07:47.575270 [debug] [MainThread]: On model.dbt_snowflake_trans.fact_transactions: Close
[0m22:07:47.710019 [debug] [MainThread]: Connection 'snapshot.dbt_snowflake_trans.snp_accounts' was left open.
[0m22:07:47.710816 [debug] [MainThread]: On snapshot.dbt_snowflake_trans.snp_accounts: Close
[0m22:07:47.898310 [info ] [MainThread]: 
[0m22:07:47.899437 [info ] [MainThread]: Finished running 3 dynamic table models, 1 incremental model, 2 snapshots, 2 table models, 14 data tests in 0 hours 0 minutes and 5.20 seconds (5.20s).
[0m22:07:47.902634 [debug] [MainThread]: Command end result
[0m22:07:47.917758 [debug] [MainThread]: Wrote artifact WritableManifest to /home/phuoc19/Projects/end_to_end_aws/dbt_snowflake_trans/target/manifest.json
[0m22:07:47.918840 [debug] [MainThread]: Wrote artifact SemanticManifest to /home/phuoc19/Projects/end_to_end_aws/dbt_snowflake_trans/target/semantic_manifest.json
[0m22:07:47.923234 [debug] [MainThread]: Wrote artifact RunExecutionResult to /home/phuoc19/Projects/end_to_end_aws/dbt_snowflake_trans/target/run_results.json
[0m22:07:47.923509 [info ] [MainThread]: 
[0m22:07:47.923767 [info ] [MainThread]: [31mCompleted with 2 errors, 0 partial successes, and 0 warnings:[0m
[0m22:07:47.923989 [info ] [MainThread]: 
[0m22:07:47.924255 [error] [MainThread]: [31mFailure in snapshot snp_customers (snapshots/snp_customers.sql)[0m
[0m22:07:47.924516 [error] [MainThread]:   Database Error in snapshot snp_customers (snapshots/snp_customers.sql)
  002025 (42S21): SQL compilation error:
  duplicate column name 'DBT_UPDATED_AT'
  compiled code at target/run/dbt_snowflake_trans/snapshots/snp_customers.sql
[0m22:07:47.924722 [info ] [MainThread]: 
[0m22:07:47.924949 [error] [MainThread]: [31mFailure in snapshot snp_accounts (snapshots/snp_accounts.sql)[0m
[0m22:07:47.925168 [error] [MainThread]:   Database Error in snapshot snp_accounts (snapshots/snp_accounts.sql)
  002025 (42S21): SQL compilation error:
  duplicate column name 'DBT_UPDATED_AT'
  compiled code at target/run/dbt_snowflake_trans/snapshots/snp_accounts.sql
[0m22:07:47.925361 [info ] [MainThread]: 
[0m22:07:47.925590 [info ] [MainThread]: Done. PASS=18 WARN=0 ERROR=2 SKIP=2 NO-OP=0 TOTAL=22
[0m22:07:47.926241 [debug] [MainThread]: Resource report: {"command_name": "build", "command_success": false, "command_wall_clock_time": 6.0148907, "process_in_blocks": "1120", "process_kernel_time": 0.183297, "process_mem_max_rss": "200260", "process_out_blocks": "2856", "process_user_time": 4.095652}
[0m22:07:47.926618 [debug] [MainThread]: Command `dbt build` failed at 22:07:47.926546 after 6.02 seconds
[0m22:07:47.926879 [debug] [MainThread]: Sending event: {'category': 'dbt', 'action': 'invocation', 'label': 'end', 'context': [<snowplow_tracker.self_describing_json.SelfDescribingJson object at 0x7ab26116b650>, <snowplow_tracker.self_describing_json.SelfDescribingJson object at 0x7ab2611da630>, <snowplow_tracker.self_describing_json.SelfDescribingJson object at 0x7ab26118be00>]}
[0m22:07:47.927127 [debug] [MainThread]: Flushing usage events
[0m22:07:49.495206 [debug] [MainThread]: An error was encountered while trying to flush usage events
[0m22:10:56.023002 [debug] [MainThread]: Sending event: {'category': 'dbt', 'action': 'invocation', 'label': 'start', 'context': [<snowplow_tracker.self_describing_json.SelfDescribingJson object at 0x7c3a58a3c3b0>, <snowplow_tracker.self_describing_json.SelfDescribingJson object at 0x7c3a5860ac30>, <snowplow_tracker.self_describing_json.SelfDescribingJson object at 0x7c3a57d089b0>]}


============================== 22:10:56.025530 | 130163e5-6677-432c-a511-1927c2989dfc ==============================
[0m22:10:56.025530 [info ] [MainThread]: Running with dbt=1.11.0-b4
[0m22:10:56.025938 [debug] [MainThread]: running dbt with arguments {'cache_selected_only': 'False', 'empty': 'False', 'indirect_selection': 'eager', 'version_check': 'True', 'static_parser': 'True', 'warn_error_options': 'WarnErrorOptionsV2(error=[], warn=[], silence=[])', 'send_anonymous_usage_stats': 'True', 'use_colors': 'True', 'printer_width': '80', 'invocation_command': 'dbt build', 'log_cache_events': 'False', 'warn_error': 'None', 'quiet': 'False', 'fail_fast': 'False', 'partial_parse': 'True', 'debug': 'False', 'use_experimental_parser': 'False', 'log_format': 'default', 'introspect': 'True', 'log_path': '/home/phuoc19/Projects/end_to_end_aws/dbt_snowflake_trans/logs', 'target_path': 'None', 'profiles_dir': '/home/phuoc19/.dbt', 'no_print': 'None', 'write_json': 'True'}
[0m22:10:56.330292 [debug] [MainThread]: Snowflake adapter: Setting snowflake.connector to ERROR (file logging only)
[0m22:10:56.330640 [debug] [MainThread]: Snowflake adapter: Setting botocore to ERROR (file logging only)
[0m22:10:56.330870 [debug] [MainThread]: Snowflake adapter: Setting boto3 to ERROR (file logging only)
[0m22:10:56.452854 [debug] [MainThread]: Sending event: {'category': 'dbt', 'action': 'project_id', 'label': '130163e5-6677-432c-a511-1927c2989dfc', 'context': [<snowplow_tracker.self_describing_json.SelfDescribingJson object at 0x7c3a29e51220>]}
[0m22:10:56.499989 [debug] [MainThread]: Sending event: {'category': 'dbt', 'action': 'adapter_info', 'label': '130163e5-6677-432c-a511-1927c2989dfc', 'context': [<snowplow_tracker.self_describing_json.SelfDescribingJson object at 0x7c3a2a449580>]}
[0m22:10:56.500541 [info ] [MainThread]: Registered adapter: snowflake=1.10.3
[0m22:10:56.561555 [debug] [MainThread]: checksum: 57e51233fb2305050a86c940b93938a4d3a51a7b95f45f76840a20ffa12695aa, vars: {}, profile: , target: , version: 1.11.0b4
[0m22:10:56.648909 [debug] [MainThread]: Partial parsing enabled: 0 files deleted, 0 files added, 0 files changed.
[0m22:10:56.649196 [debug] [MainThread]: Partial parsing enabled, no changes found, skipping parsing
[0m22:10:56.653003 [warn ] [MainThread]: [[33mWARNING[0m]: Configuration paths exist in your dbt_project.yml file which do not apply to any resources.
There are 1 unused configuration paths:
- models.dbt_snowflake_trans.example
[0m22:10:56.689040 [debug] [MainThread]: Sending event: {'category': 'dbt', 'action': 'load_project', 'label': '130163e5-6677-432c-a511-1927c2989dfc', 'context': [<snowplow_tracker.self_describing_json.SelfDescribingJson object at 0x7c3a2a7cc620>]}
[0m22:10:56.752396 [debug] [MainThread]: Wrote artifact WritableManifest to /home/phuoc19/Projects/end_to_end_aws/dbt_snowflake_trans/target/manifest.json
[0m22:10:56.753483 [debug] [MainThread]: Wrote artifact SemanticManifest to /home/phuoc19/Projects/end_to_end_aws/dbt_snowflake_trans/target/semantic_manifest.json
[0m22:10:56.770095 [debug] [MainThread]: Sending event: {'category': 'dbt', 'action': 'resource_counts', 'label': '130163e5-6677-432c-a511-1927c2989dfc', 'context': [<snowplow_tracker.self_describing_json.SelfDescribingJson object at 0x7c3a294f41d0>]}
[0m22:10:56.770451 [info ] [MainThread]: Found 6 models, 2 snapshots, 14 data tests, 3 sources, 494 macros
[0m22:10:56.772352 [info ] [MainThread]: 
[0m22:10:56.772663 [info ] [MainThread]: Concurrency: 4 threads (target='dev')
[0m22:10:56.772900 [info ] [MainThread]: 
[0m22:10:56.773254 [debug] [MainThread]: Acquiring new snowflake connection 'master'
[0m22:10:56.776667 [debug] [ThreadPool]: Acquiring new snowflake connection 'list_E2E_DB'
[0m22:10:56.777380 [debug] [ThreadPool]: Acquiring new snowflake connection 'list_E2E_DB'
[0m22:10:56.802175 [debug] [ThreadPool]: Using snowflake connection "list_E2E_DB"
[0m22:10:56.802713 [debug] [ThreadPool]: Using snowflake connection "list_E2E_DB"
[0m22:10:56.803271 [debug] [ThreadPool]: On list_E2E_DB: show terse schemas in database E2E_DB
    limit 10000
/* {"app": "dbt", "dbt_version": "1.11.0b4", "profile_name": "dbt_snowflake_trans", "target_name": "dev", "connection_name": "list_E2E_DB"} */
[0m22:10:56.803630 [debug] [ThreadPool]: On list_E2E_DB: show terse schemas in database E2E_DB
    limit 10000
/* {"app": "dbt", "dbt_version": "1.11.0b4", "profile_name": "dbt_snowflake_trans", "target_name": "dev", "connection_name": "list_E2E_DB"} */
[0m22:10:56.804171 [debug] [ThreadPool]: Opening a new connection, currently in state init
[0m22:10:56.804553 [debug] [ThreadPool]: Opening a new connection, currently in state init
[0m22:10:57.576538 [debug] [ThreadPool]: SQL status: SUCCESS 4 in 0.772 seconds
[0m22:10:57.580719 [debug] [ThreadPool]: SQL status: SUCCESS 4 in 0.776 seconds
[0m22:10:57.585303 [debug] [ThreadPool]: Re-using an available connection from the pool (formerly list_E2E_DB, now list_E2E_DB_RAW)
[0m22:10:57.597308 [debug] [ThreadPool]: Re-using an available connection from the pool (formerly list_E2E_DB, now list_E2E_DB_SNAPSHOTS)
[0m22:10:57.605426 [debug] [ThreadPool]: Using snowflake connection "list_E2E_DB_RAW"
[0m22:10:57.608678 [debug] [ThreadPool]: Using snowflake connection "list_E2E_DB_SNAPSHOTS"
[0m22:10:57.609334 [debug] [ThreadPool]: On list_E2E_DB_RAW: show objects in E2E_DB.RAW
    limit 10000
    

/* {"app": "dbt", "dbt_version": "1.11.0b4", "profile_name": "dbt_snowflake_trans", "target_name": "dev", "connection_name": "list_E2E_DB_RAW"} */;
[0m22:10:57.610053 [debug] [ThreadPool]: On list_E2E_DB_SNAPSHOTS: show objects in E2E_DB.SNAPSHOTS
    limit 10000
    

/* {"app": "dbt", "dbt_version": "1.11.0b4", "profile_name": "dbt_snowflake_trans", "target_name": "dev", "connection_name": "list_E2E_DB_SNAPSHOTS"} */;
[0m22:10:57.717808 [debug] [ThreadPool]: SQL status: SUCCESS 0 in 0.105 seconds
[0m22:10:57.742618 [debug] [ThreadPool]: SQL status: SUCCESS 7 in 0.132 seconds
[0m22:10:57.748785 [debug] [MainThread]: Sending event: {'category': 'dbt', 'action': 'runnable_timing', 'label': '130163e5-6677-432c-a511-1927c2989dfc', 'context': [<snowplow_tracker.self_describing_json.SelfDescribingJson object at 0x7c3a29a52b70>]}
[0m22:10:57.752957 [debug] [Thread-1 (]: Began running node model.dbt_snowflake_trans.stg_accounts
[0m22:10:57.753793 [debug] [Thread-2 (]: Began running node model.dbt_snowflake_trans.stg_customers
[0m22:10:57.754676 [debug] [Thread-3 (]: Began running node model.dbt_snowflake_trans.stg_transactions
[0m22:10:57.755686 [info ] [Thread-1 (]: 1 of 22 START sql dynamic_table model RAW.stg_accounts ......................... [RUN]
[0m22:10:57.756650 [info ] [Thread-2 (]: 2 of 22 START sql dynamic_table model RAW.stg_customers ........................ [RUN]
[0m22:10:57.757593 [info ] [Thread-3 (]: 3 of 22 START sql dynamic_table model RAW.stg_transactions ..................... [RUN]
[0m22:10:57.758502 [debug] [Thread-1 (]: Re-using an available connection from the pool (formerly list_E2E_DB_RAW, now model.dbt_snowflake_trans.stg_accounts)
[0m22:10:57.759288 [debug] [Thread-2 (]: Re-using an available connection from the pool (formerly list_E2E_DB_SNAPSHOTS, now model.dbt_snowflake_trans.stg_customers)
[0m22:10:57.760451 [debug] [Thread-3 (]: Acquiring new snowflake connection 'model.dbt_snowflake_trans.stg_transactions'
[0m22:10:57.761327 [debug] [Thread-1 (]: Began compiling node model.dbt_snowflake_trans.stg_accounts
[0m22:10:57.762302 [debug] [Thread-2 (]: Began compiling node model.dbt_snowflake_trans.stg_customers
[0m22:10:57.763154 [debug] [Thread-3 (]: Began compiling node model.dbt_snowflake_trans.stg_transactions
[0m22:10:57.782265 [debug] [Thread-1 (]: Writing injected SQL for node "model.dbt_snowflake_trans.stg_accounts"
[0m22:10:57.798212 [debug] [Thread-3 (]: Writing injected SQL for node "model.dbt_snowflake_trans.stg_transactions"
[0m22:10:57.799746 [debug] [Thread-2 (]: Writing injected SQL for node "model.dbt_snowflake_trans.stg_customers"
[0m22:10:57.800966 [debug] [Thread-1 (]: Began executing node model.dbt_snowflake_trans.stg_accounts
[0m22:10:57.802030 [debug] [Thread-3 (]: Began executing node model.dbt_snowflake_trans.stg_transactions
[0m22:10:57.828291 [debug] [Thread-2 (]: Began executing node model.dbt_snowflake_trans.stg_customers
[0m22:10:57.863417 [debug] [Thread-2 (]: Using snowflake connection "model.dbt_snowflake_trans.stg_customers"
[0m22:10:57.870019 [debug] [Thread-2 (]: On model.dbt_snowflake_trans.stg_customers: show dynamic tables like 'STG_CUSTOMERS' in schema "E2E_DB"."RAW"
/* {"app": "dbt", "dbt_version": "1.11.0b4", "profile_name": "dbt_snowflake_trans", "target_name": "dev", "node_id": "model.dbt_snowflake_trans.stg_customers"} */
[0m22:10:57.871230 [debug] [Thread-1 (]: Using snowflake connection "model.dbt_snowflake_trans.stg_accounts"
[0m22:10:57.871939 [debug] [Thread-3 (]: Using snowflake connection "model.dbt_snowflake_trans.stg_transactions"
[0m22:10:57.873023 [debug] [Thread-1 (]: On model.dbt_snowflake_trans.stg_accounts: show dynamic tables like 'STG_ACCOUNTS' in schema "E2E_DB"."RAW"
/* {"app": "dbt", "dbt_version": "1.11.0b4", "profile_name": "dbt_snowflake_trans", "target_name": "dev", "node_id": "model.dbt_snowflake_trans.stg_accounts"} */
[0m22:10:57.874399 [debug] [Thread-3 (]: On model.dbt_snowflake_trans.stg_transactions: show dynamic tables like 'STG_TRANSACTIONS' in schema "E2E_DB"."RAW"
/* {"app": "dbt", "dbt_version": "1.11.0b4", "profile_name": "dbt_snowflake_trans", "target_name": "dev", "node_id": "model.dbt_snowflake_trans.stg_transactions"} */
[0m22:10:57.875913 [debug] [Thread-3 (]: Opening a new connection, currently in state init
[0m22:10:57.994066 [debug] [Thread-2 (]: SQL status: SUCCESS 1 in 0.122 seconds
[0m22:10:57.995417 [warn ] [Thread-2 (]: No configuration changes were identified on: `E2E_DB.RAW.stg_customers`. Continuing.
[0m22:10:58.007596 [debug] [Thread-1 (]: SQL status: SUCCESS 1 in 0.133 seconds
[0m22:10:58.009284 [warn ] [Thread-1 (]: No configuration changes were identified on: `E2E_DB.RAW.stg_accounts`. Continuing.
[0m22:10:58.011010 [debug] [Thread-2 (]: Sending event: {'category': 'dbt', 'action': 'run_model', 'label': '130163e5-6677-432c-a511-1927c2989dfc', 'context': [<snowplow_tracker.self_describing_json.SelfDescribingJson object at 0x7c3a23e505c0>]}
[0m22:10:58.011601 [info ] [Thread-2 (]: 2 of 22 OK created sql dynamic_table model RAW.stg_customers ................... [[32mskip E2E_DB.RAW.stg_customers[0m in 0.25s]
[0m22:10:58.012080 [debug] [Thread-2 (]: Finished running node model.dbt_snowflake_trans.stg_customers
[0m22:10:58.012542 [debug] [Thread-1 (]: Sending event: {'category': 'dbt', 'action': 'run_model', 'label': '130163e5-6677-432c-a511-1927c2989dfc', 'context': [<snowplow_tracker.self_describing_json.SelfDescribingJson object at 0x7c3a58758fe0>]}
[0m22:10:58.013176 [info ] [Thread-1 (]: 1 of 22 OK created sql dynamic_table model RAW.stg_accounts .................... [[32mskip E2E_DB.RAW.stg_accounts[0m in 0.25s]
[0m22:10:58.013641 [debug] [Thread-1 (]: Finished running node model.dbt_snowflake_trans.stg_accounts
[0m22:10:58.013966 [debug] [Thread-1 (]: Began running node test.dbt_snowflake_trans.not_null_stg_customers_customer_id.e2cfb1f9aa
[0m22:10:58.014489 [debug] [Thread-4 (]: Began running node test.dbt_snowflake_trans.not_null_stg_customers_email.d7cf761533
[0m22:10:58.015181 [info ] [Thread-1 (]: 4 of 22 START test not_null_stg_customers_customer_id .......................... [RUN]
[0m22:10:58.015501 [debug] [Thread-2 (]: Began running node test.dbt_snowflake_trans.unique_stg_customers_customer_id.c7614daada
[0m22:10:58.015937 [info ] [Thread-4 (]: 5 of 22 START test not_null_stg_customers_email ................................ [RUN]
[0m22:10:58.016483 [debug] [Thread-1 (]: Re-using an available connection from the pool (formerly model.dbt_snowflake_trans.stg_accounts, now test.dbt_snowflake_trans.not_null_stg_customers_customer_id.e2cfb1f9aa)
[0m22:10:58.016794 [info ] [Thread-2 (]: 6 of 22 START test unique_stg_customers_customer_id ............................ [RUN]
[0m22:10:58.017370 [debug] [Thread-4 (]: Acquiring new snowflake connection 'test.dbt_snowflake_trans.not_null_stg_customers_email.d7cf761533'
[0m22:10:58.017831 [debug] [Thread-1 (]: Began compiling node test.dbt_snowflake_trans.not_null_stg_customers_customer_id.e2cfb1f9aa
[0m22:10:58.018134 [debug] [Thread-2 (]: Re-using an available connection from the pool (formerly model.dbt_snowflake_trans.stg_customers, now test.dbt_snowflake_trans.unique_stg_customers_customer_id.c7614daada)
[0m22:10:58.018526 [debug] [Thread-4 (]: Began compiling node test.dbt_snowflake_trans.not_null_stg_customers_email.d7cf761533
[0m22:10:58.027330 [debug] [Thread-1 (]: Writing injected SQL for node "test.dbt_snowflake_trans.not_null_stg_customers_customer_id.e2cfb1f9aa"
[0m22:10:58.027628 [debug] [Thread-2 (]: Began compiling node test.dbt_snowflake_trans.unique_stg_customers_customer_id.c7614daada
[0m22:10:58.030540 [debug] [Thread-4 (]: Writing injected SQL for node "test.dbt_snowflake_trans.not_null_stg_customers_email.d7cf761533"
[0m22:10:58.034617 [debug] [Thread-2 (]: Writing injected SQL for node "test.dbt_snowflake_trans.unique_stg_customers_customer_id.c7614daada"
[0m22:10:58.035149 [debug] [Thread-1 (]: Began executing node test.dbt_snowflake_trans.not_null_stg_customers_customer_id.e2cfb1f9aa
[0m22:10:58.035462 [debug] [Thread-2 (]: Began executing node test.dbt_snowflake_trans.unique_stg_customers_customer_id.c7614daada
[0m22:10:58.040847 [debug] [Thread-4 (]: Began executing node test.dbt_snowflake_trans.not_null_stg_customers_email.d7cf761533
[0m22:10:58.053071 [debug] [Thread-1 (]: Writing runtime sql for node "test.dbt_snowflake_trans.not_null_stg_customers_customer_id.e2cfb1f9aa"
[0m22:10:58.054116 [debug] [Thread-2 (]: Writing runtime sql for node "test.dbt_snowflake_trans.unique_stg_customers_customer_id.c7614daada"
[0m22:10:58.055821 [debug] [Thread-4 (]: Writing runtime sql for node "test.dbt_snowflake_trans.not_null_stg_customers_email.d7cf761533"
[0m22:10:58.056537 [debug] [Thread-1 (]: Using snowflake connection "test.dbt_snowflake_trans.not_null_stg_customers_customer_id.e2cfb1f9aa"
[0m22:10:58.056952 [debug] [Thread-1 (]: On test.dbt_snowflake_trans.not_null_stg_customers_customer_id.e2cfb1f9aa: select
      count(*) as failures,
      count(*) != 0 as should_warn,
      count(*) != 0 as should_error
    from (
      
    
  
    
    



select customer_id
from E2E_DB.RAW.stg_customers
where customer_id is null



  
  
      
    ) dbt_internal_test
/* {"app": "dbt", "dbt_version": "1.11.0b4", "profile_name": "dbt_snowflake_trans", "target_name": "dev", "node_id": "test.dbt_snowflake_trans.not_null_stg_customers_customer_id.e2cfb1f9aa"} */
[0m22:10:58.057509 [debug] [Thread-2 (]: Using snowflake connection "test.dbt_snowflake_trans.unique_stg_customers_customer_id.c7614daada"
[0m22:10:58.058041 [debug] [Thread-2 (]: On test.dbt_snowflake_trans.unique_stg_customers_customer_id.c7614daada: select
      count(*) as failures,
      count(*) != 0 as should_warn,
      count(*) != 0 as should_error
    from (
      
    
  
    
    

select
    customer_id as unique_field,
    count(*) as n_records

from E2E_DB.RAW.stg_customers
where customer_id is not null
group by customer_id
having count(*) > 1



  
  
      
    ) dbt_internal_test
/* {"app": "dbt", "dbt_version": "1.11.0b4", "profile_name": "dbt_snowflake_trans", "target_name": "dev", "node_id": "test.dbt_snowflake_trans.unique_stg_customers_customer_id.c7614daada"} */
[0m22:10:58.058561 [debug] [Thread-4 (]: Using snowflake connection "test.dbt_snowflake_trans.not_null_stg_customers_email.d7cf761533"
[0m22:10:58.060313 [debug] [Thread-4 (]: On test.dbt_snowflake_trans.not_null_stg_customers_email.d7cf761533: select
      count(*) as failures,
      count(*) != 0 as should_warn,
      count(*) != 0 as should_error
    from (
      
    
  
    
    



select email
from E2E_DB.RAW.stg_customers
where email is null



  
  
      
    ) dbt_internal_test
/* {"app": "dbt", "dbt_version": "1.11.0b4", "profile_name": "dbt_snowflake_trans", "target_name": "dev", "node_id": "test.dbt_snowflake_trans.not_null_stg_customers_email.d7cf761533"} */
[0m22:10:58.060740 [debug] [Thread-4 (]: Opening a new connection, currently in state init
[0m22:10:58.173528 [debug] [Thread-1 (]: SQL status: SUCCESS 1 in 0.116 seconds
[0m22:10:58.176616 [info ] [Thread-1 (]: 4 of 22 PASS not_null_stg_customers_customer_id ................................ [[32mPASS[0m in 0.16s]
[0m22:10:58.177065 [debug] [Thread-1 (]: Finished running node test.dbt_snowflake_trans.not_null_stg_customers_customer_id.e2cfb1f9aa
[0m22:10:58.177392 [debug] [Thread-1 (]: Began running node test.dbt_snowflake_trans.unique_stg_customers_email.1ebcb2333e
[0m22:10:58.177646 [info ] [Thread-1 (]: 7 of 22 START test unique_stg_customers_email .................................. [RUN]
[0m22:10:58.178000 [debug] [Thread-1 (]: Re-using an available connection from the pool (formerly test.dbt_snowflake_trans.not_null_stg_customers_customer_id.e2cfb1f9aa, now test.dbt_snowflake_trans.unique_stg_customers_email.1ebcb2333e)
[0m22:10:58.178241 [debug] [Thread-1 (]: Began compiling node test.dbt_snowflake_trans.unique_stg_customers_email.1ebcb2333e
[0m22:10:58.181039 [debug] [Thread-1 (]: Writing injected SQL for node "test.dbt_snowflake_trans.unique_stg_customers_email.1ebcb2333e"
[0m22:10:58.181470 [debug] [Thread-1 (]: Began executing node test.dbt_snowflake_trans.unique_stg_customers_email.1ebcb2333e
[0m22:10:58.182997 [debug] [Thread-1 (]: Writing runtime sql for node "test.dbt_snowflake_trans.unique_stg_customers_email.1ebcb2333e"
[0m22:10:58.183608 [debug] [Thread-1 (]: Using snowflake connection "test.dbt_snowflake_trans.unique_stg_customers_email.1ebcb2333e"
[0m22:10:58.183886 [debug] [Thread-1 (]: On test.dbt_snowflake_trans.unique_stg_customers_email.1ebcb2333e: select
      count(*) as failures,
      count(*) != 0 as should_warn,
      count(*) != 0 as should_error
    from (
      
    
  
    
    

select
    email as unique_field,
    count(*) as n_records

from E2E_DB.RAW.stg_customers
where email is not null
group by email
having count(*) > 1



  
  
      
    ) dbt_internal_test
/* {"app": "dbt", "dbt_version": "1.11.0b4", "profile_name": "dbt_snowflake_trans", "target_name": "dev", "node_id": "test.dbt_snowflake_trans.unique_stg_customers_email.1ebcb2333e"} */
[0m22:10:58.185259 [debug] [Thread-2 (]: SQL status: SUCCESS 1 in 0.126 seconds
[0m22:10:58.186858 [info ] [Thread-2 (]: 6 of 22 PASS unique_stg_customers_customer_id .................................. [[32mPASS[0m in 0.17s]
[0m22:10:58.187366 [debug] [Thread-2 (]: Finished running node test.dbt_snowflake_trans.unique_stg_customers_customer_id.c7614daada
[0m22:10:58.187662 [debug] [Thread-2 (]: Began running node test.dbt_snowflake_trans.accepted_values_stg_accounts_account_type__SAVINGS__CHECKING.1bf6c16db4
[0m22:10:58.187922 [info ] [Thread-2 (]: 8 of 22 START test accepted_values_stg_accounts_account_type__SAVINGS__CHECKING  [RUN]
[0m22:10:58.188270 [debug] [Thread-2 (]: Re-using an available connection from the pool (formerly test.dbt_snowflake_trans.unique_stg_customers_customer_id.c7614daada, now test.dbt_snowflake_trans.accepted_values_stg_accounts_account_type__SAVINGS__CHECKING.1bf6c16db4)
[0m22:10:58.188527 [debug] [Thread-2 (]: Began compiling node test.dbt_snowflake_trans.accepted_values_stg_accounts_account_type__SAVINGS__CHECKING.1bf6c16db4
[0m22:10:58.194296 [debug] [Thread-2 (]: Writing injected SQL for node "test.dbt_snowflake_trans.accepted_values_stg_accounts_account_type__SAVINGS__CHECKING.1bf6c16db4"
[0m22:10:58.194765 [debug] [Thread-2 (]: Began executing node test.dbt_snowflake_trans.accepted_values_stg_accounts_account_type__SAVINGS__CHECKING.1bf6c16db4
[0m22:10:58.196828 [debug] [Thread-2 (]: Writing runtime sql for node "test.dbt_snowflake_trans.accepted_values_stg_accounts_account_type__SAVINGS__CHECKING.1bf6c16db4"
[0m22:10:58.197648 [debug] [Thread-2 (]: Using snowflake connection "test.dbt_snowflake_trans.accepted_values_stg_accounts_account_type__SAVINGS__CHECKING.1bf6c16db4"
[0m22:10:58.197994 [debug] [Thread-2 (]: On test.dbt_snowflake_trans.accepted_values_stg_accounts_account_type__SAVINGS__CHECKING.1bf6c16db4: select
      count(*) as failures,
      count(*) != 0 as should_warn,
      count(*) != 0 as should_error
    from (
      
    
  
    
    

with all_values as (

    select
        account_type as value_field,
        count(*) as n_records

    from E2E_DB.RAW.stg_accounts
    group by account_type

)

select *
from all_values
where value_field not in (
    'SAVINGS','CHECKING'
)



  
  
      
    ) dbt_internal_test
/* {"app": "dbt", "dbt_version": "1.11.0b4", "profile_name": "dbt_snowflake_trans", "target_name": "dev", "node_id": "test.dbt_snowflake_trans.accepted_values_stg_accounts_account_type__SAVINGS__CHECKING.1bf6c16db4"} */
[0m22:10:58.308336 [debug] [Thread-1 (]: SQL status: SUCCESS 1 in 0.124 seconds
[0m22:10:58.312477 [info ] [Thread-1 (]: 7 of 22 PASS unique_stg_customers_email ........................................ [[32mPASS[0m in 0.13s]
[0m22:10:58.312904 [debug] [Thread-1 (]: Finished running node test.dbt_snowflake_trans.unique_stg_customers_email.1ebcb2333e
[0m22:10:58.313179 [debug] [Thread-1 (]: Began running node test.dbt_snowflake_trans.not_null_stg_accounts_account_id.182dfbc108
[0m22:10:58.313426 [info ] [Thread-1 (]: 9 of 22 START test not_null_stg_accounts_account_id ............................ [RUN]
[0m22:10:58.313705 [debug] [Thread-1 (]: Re-using an available connection from the pool (formerly test.dbt_snowflake_trans.unique_stg_customers_email.1ebcb2333e, now test.dbt_snowflake_trans.not_null_stg_accounts_account_id.182dfbc108)
[0m22:10:58.313948 [debug] [Thread-1 (]: Began compiling node test.dbt_snowflake_trans.not_null_stg_accounts_account_id.182dfbc108
[0m22:10:58.316595 [debug] [Thread-1 (]: Writing injected SQL for node "test.dbt_snowflake_trans.not_null_stg_accounts_account_id.182dfbc108"
[0m22:10:58.317130 [debug] [Thread-1 (]: Began executing node test.dbt_snowflake_trans.not_null_stg_accounts_account_id.182dfbc108
[0m22:10:58.318706 [debug] [Thread-1 (]: Writing runtime sql for node "test.dbt_snowflake_trans.not_null_stg_accounts_account_id.182dfbc108"
[0m22:10:58.319237 [debug] [Thread-1 (]: Using snowflake connection "test.dbt_snowflake_trans.not_null_stg_accounts_account_id.182dfbc108"
[0m22:10:58.319500 [debug] [Thread-1 (]: On test.dbt_snowflake_trans.not_null_stg_accounts_account_id.182dfbc108: select
      count(*) as failures,
      count(*) != 0 as should_warn,
      count(*) != 0 as should_error
    from (
      
    
  
    
    



select account_id
from E2E_DB.RAW.stg_accounts
where account_id is null



  
  
      
    ) dbt_internal_test
/* {"app": "dbt", "dbt_version": "1.11.0b4", "profile_name": "dbt_snowflake_trans", "target_name": "dev", "node_id": "test.dbt_snowflake_trans.not_null_stg_accounts_account_id.182dfbc108"} */
[0m22:10:58.328767 [debug] [Thread-2 (]: SQL status: SUCCESS 1 in 0.130 seconds
[0m22:10:58.331243 [info ] [Thread-2 (]: 8 of 22 PASS accepted_values_stg_accounts_account_type__SAVINGS__CHECKING ...... [[32mPASS[0m in 0.14s]
[0m22:10:58.331959 [debug] [Thread-2 (]: Finished running node test.dbt_snowflake_trans.accepted_values_stg_accounts_account_type__SAVINGS__CHECKING.1bf6c16db4
[0m22:10:58.332413 [debug] [Thread-2 (]: Began running node test.dbt_snowflake_trans.not_null_stg_accounts_customer_id.0b54f014a3
[0m22:10:58.332798 [info ] [Thread-2 (]: 10 of 22 START test not_null_stg_accounts_customer_id .......................... [RUN]
[0m22:10:58.333219 [debug] [Thread-2 (]: Re-using an available connection from the pool (formerly test.dbt_snowflake_trans.accepted_values_stg_accounts_account_type__SAVINGS__CHECKING.1bf6c16db4, now test.dbt_snowflake_trans.not_null_stg_accounts_customer_id.0b54f014a3)
[0m22:10:58.333586 [debug] [Thread-2 (]: Began compiling node test.dbt_snowflake_trans.not_null_stg_accounts_customer_id.0b54f014a3
[0m22:10:58.337630 [debug] [Thread-2 (]: Writing injected SQL for node "test.dbt_snowflake_trans.not_null_stg_accounts_customer_id.0b54f014a3"
[0m22:10:58.338059 [debug] [Thread-2 (]: Began executing node test.dbt_snowflake_trans.not_null_stg_accounts_customer_id.0b54f014a3
[0m22:10:58.339615 [debug] [Thread-2 (]: Writing runtime sql for node "test.dbt_snowflake_trans.not_null_stg_accounts_customer_id.0b54f014a3"
[0m22:10:58.340192 [debug] [Thread-2 (]: Using snowflake connection "test.dbt_snowflake_trans.not_null_stg_accounts_customer_id.0b54f014a3"
[0m22:10:58.340470 [debug] [Thread-2 (]: On test.dbt_snowflake_trans.not_null_stg_accounts_customer_id.0b54f014a3: select
      count(*) as failures,
      count(*) != 0 as should_warn,
      count(*) != 0 as should_error
    from (
      
    
  
    
    



select customer_id
from E2E_DB.RAW.stg_accounts
where customer_id is null



  
  
      
    ) dbt_internal_test
/* {"app": "dbt", "dbt_version": "1.11.0b4", "profile_name": "dbt_snowflake_trans", "target_name": "dev", "node_id": "test.dbt_snowflake_trans.not_null_stg_accounts_customer_id.0b54f014a3"} */
[0m22:10:58.370788 [debug] [Thread-3 (]: SQL status: SUCCESS 1 in 0.495 seconds
[0m22:10:58.374753 [warn ] [Thread-3 (]: No configuration changes were identified on: `E2E_DB.RAW.stg_transactions`. Continuing.
[0m22:10:58.378203 [debug] [Thread-3 (]: Sending event: {'category': 'dbt', 'action': 'run_model', 'label': '130163e5-6677-432c-a511-1927c2989dfc', 'context': [<snowplow_tracker.self_describing_json.SelfDescribingJson object at 0x7c3a2822e9c0>]}
[0m22:10:58.379259 [info ] [Thread-3 (]: 3 of 22 OK created sql dynamic_table model RAW.stg_transactions ................ [[32mskip E2E_DB.RAW.stg_transactions[0m in 0.62s]
[0m22:10:58.380207 [debug] [Thread-3 (]: Finished running node model.dbt_snowflake_trans.stg_transactions
[0m22:10:58.380832 [debug] [Thread-3 (]: Began running node test.dbt_snowflake_trans.relationships_stg_accounts_customer_id__customer_id__ref_stg_customers_.5f49160326
[0m22:10:58.381863 [info ] [Thread-3 (]: 11 of 22 START test relationships_stg_accounts_customer_id__customer_id__ref_stg_customers_  [RUN]
[0m22:10:58.382717 [debug] [Thread-3 (]: Re-using an available connection from the pool (formerly model.dbt_snowflake_trans.stg_transactions, now test.dbt_snowflake_trans.relationships_stg_accounts_customer_id__customer_id__ref_stg_customers_.5f49160326)
[0m22:10:58.383401 [debug] [Thread-3 (]: Began compiling node test.dbt_snowflake_trans.relationships_stg_accounts_customer_id__customer_id__ref_stg_customers_.5f49160326
[0m22:10:58.400323 [debug] [Thread-3 (]: Writing injected SQL for node "test.dbt_snowflake_trans.relationships_stg_accounts_customer_id__customer_id__ref_stg_customers_.5f49160326"
[0m22:10:58.401332 [debug] [Thread-3 (]: Began executing node test.dbt_snowflake_trans.relationships_stg_accounts_customer_id__customer_id__ref_stg_customers_.5f49160326
[0m22:10:58.404450 [debug] [Thread-3 (]: Writing runtime sql for node "test.dbt_snowflake_trans.relationships_stg_accounts_customer_id__customer_id__ref_stg_customers_.5f49160326"
[0m22:10:58.405555 [debug] [Thread-3 (]: Using snowflake connection "test.dbt_snowflake_trans.relationships_stg_accounts_customer_id__customer_id__ref_stg_customers_.5f49160326"
[0m22:10:58.405974 [debug] [Thread-3 (]: On test.dbt_snowflake_trans.relationships_stg_accounts_customer_id__customer_id__ref_stg_customers_.5f49160326: select
      count(*) as failures,
      count(*) != 0 as should_warn,
      count(*) != 0 as should_error
    from (
      
    
  
    
    

with child as (
    select customer_id as from_field
    from E2E_DB.RAW.stg_accounts
    where customer_id is not null
),

parent as (
    select customer_id as to_field
    from E2E_DB.RAW.stg_customers
)

select
    from_field

from child
left join parent
    on child.from_field = parent.to_field

where parent.to_field is null



  
  
      
    ) dbt_internal_test
/* {"app": "dbt", "dbt_version": "1.11.0b4", "profile_name": "dbt_snowflake_trans", "target_name": "dev", "node_id": "test.dbt_snowflake_trans.relationships_stg_accounts_customer_id__customer_id__ref_stg_customers_.5f49160326"} */
[0m22:10:58.432834 [debug] [Thread-1 (]: SQL status: SUCCESS 1 in 0.113 seconds
[0m22:10:58.436839 [info ] [Thread-1 (]: 9 of 22 PASS not_null_stg_accounts_account_id .................................. [[32mPASS[0m in 0.12s]
[0m22:10:58.437850 [debug] [Thread-1 (]: Finished running node test.dbt_snowflake_trans.not_null_stg_accounts_account_id.182dfbc108
[0m22:10:58.438492 [debug] [Thread-1 (]: Began running node test.dbt_snowflake_trans.unique_stg_accounts_account_id.cdf6252c79
[0m22:10:58.439032 [info ] [Thread-1 (]: 12 of 22 START test unique_stg_accounts_account_id ............................. [RUN]
[0m22:10:58.439645 [debug] [Thread-1 (]: Re-using an available connection from the pool (formerly test.dbt_snowflake_trans.not_null_stg_accounts_account_id.182dfbc108, now test.dbt_snowflake_trans.unique_stg_accounts_account_id.cdf6252c79)
[0m22:10:58.440167 [debug] [Thread-1 (]: Began compiling node test.dbt_snowflake_trans.unique_stg_accounts_account_id.cdf6252c79
[0m22:10:58.446865 [debug] [Thread-2 (]: SQL status: SUCCESS 1 in 0.106 seconds
[0m22:10:58.449259 [info ] [Thread-2 (]: 10 of 22 PASS not_null_stg_accounts_customer_id ................................ [[32mPASS[0m in 0.12s]
[0m22:10:58.450190 [debug] [Thread-2 (]: Finished running node test.dbt_snowflake_trans.not_null_stg_accounts_customer_id.0b54f014a3
[0m22:10:58.450829 [debug] [Thread-2 (]: Began running node test.dbt_snowflake_trans.accepted_values_stg_transactions_txn_type__DEPOSIT__WITHDRAWAL__TRANSFER.ee9aed38b8
[0m22:10:58.451635 [debug] [Thread-1 (]: Writing injected SQL for node "test.dbt_snowflake_trans.unique_stg_accounts_account_id.cdf6252c79"
[0m22:10:58.452692 [info ] [Thread-2 (]: 13 of 22 START test accepted_values_stg_transactions_txn_type__DEPOSIT__WITHDRAWAL__TRANSFER  [RUN]
[0m22:10:58.453840 [debug] [Thread-2 (]: Re-using an available connection from the pool (formerly test.dbt_snowflake_trans.not_null_stg_accounts_customer_id.0b54f014a3, now test.dbt_snowflake_trans.accepted_values_stg_transactions_txn_type__DEPOSIT__WITHDRAWAL__TRANSFER.ee9aed38b8)
[0m22:10:58.454641 [debug] [Thread-2 (]: Began compiling node test.dbt_snowflake_trans.accepted_values_stg_transactions_txn_type__DEPOSIT__WITHDRAWAL__TRANSFER.ee9aed38b8
[0m22:10:58.455323 [debug] [Thread-1 (]: Began executing node test.dbt_snowflake_trans.unique_stg_accounts_account_id.cdf6252c79
[0m22:10:58.464204 [debug] [Thread-2 (]: Writing injected SQL for node "test.dbt_snowflake_trans.accepted_values_stg_transactions_txn_type__DEPOSIT__WITHDRAWAL__TRANSFER.ee9aed38b8"
[0m22:10:58.466438 [debug] [Thread-1 (]: Writing runtime sql for node "test.dbt_snowflake_trans.unique_stg_accounts_account_id.cdf6252c79"
[0m22:10:58.467520 [debug] [Thread-1 (]: Using snowflake connection "test.dbt_snowflake_trans.unique_stg_accounts_account_id.cdf6252c79"
[0m22:10:58.467941 [debug] [Thread-1 (]: On test.dbt_snowflake_trans.unique_stg_accounts_account_id.cdf6252c79: select
      count(*) as failures,
      count(*) != 0 as should_warn,
      count(*) != 0 as should_error
    from (
      
    
  
    
    

select
    account_id as unique_field,
    count(*) as n_records

from E2E_DB.RAW.stg_accounts
where account_id is not null
group by account_id
having count(*) > 1



  
  
      
    ) dbt_internal_test
/* {"app": "dbt", "dbt_version": "1.11.0b4", "profile_name": "dbt_snowflake_trans", "target_name": "dev", "node_id": "test.dbt_snowflake_trans.unique_stg_accounts_account_id.cdf6252c79"} */
[0m22:10:58.469832 [debug] [Thread-2 (]: Began executing node test.dbt_snowflake_trans.accepted_values_stg_transactions_txn_type__DEPOSIT__WITHDRAWAL__TRANSFER.ee9aed38b8
[0m22:10:58.473353 [debug] [Thread-2 (]: Writing runtime sql for node "test.dbt_snowflake_trans.accepted_values_stg_transactions_txn_type__DEPOSIT__WITHDRAWAL__TRANSFER.ee9aed38b8"
[0m22:10:58.475493 [debug] [Thread-2 (]: Using snowflake connection "test.dbt_snowflake_trans.accepted_values_stg_transactions_txn_type__DEPOSIT__WITHDRAWAL__TRANSFER.ee9aed38b8"
[0m22:10:58.476506 [debug] [Thread-2 (]: On test.dbt_snowflake_trans.accepted_values_stg_transactions_txn_type__DEPOSIT__WITHDRAWAL__TRANSFER.ee9aed38b8: select
      count(*) as failures,
      count(*) != 0 as should_warn,
      count(*) != 0 as should_error
    from (
      
    
  
    
    

with all_values as (

    select
        txn_type as value_field,
        count(*) as n_records

    from E2E_DB.RAW.stg_transactions
    group by txn_type

)

select *
from all_values
where value_field not in (
    'DEPOSIT','WITHDRAWAL','TRANSFER'
)



  
  
      
    ) dbt_internal_test
/* {"app": "dbt", "dbt_version": "1.11.0b4", "profile_name": "dbt_snowflake_trans", "target_name": "dev", "node_id": "test.dbt_snowflake_trans.accepted_values_stg_transactions_txn_type__DEPOSIT__WITHDRAWAL__TRANSFER.ee9aed38b8"} */
[0m22:10:58.544448 [debug] [Thread-4 (]: SQL status: SUCCESS 1 in 0.483 seconds
[0m22:10:58.548819 [info ] [Thread-4 (]: 5 of 22 PASS not_null_stg_customers_email ...................................... [[32mPASS[0m in 0.53s]
[0m22:10:58.549991 [debug] [Thread-4 (]: Finished running node test.dbt_snowflake_trans.not_null_stg_customers_email.d7cf761533
[0m22:10:58.550698 [debug] [Thread-4 (]: Began running node test.dbt_snowflake_trans.not_null_stg_transactions_account_id.a7d212da1d
[0m22:10:58.551292 [info ] [Thread-4 (]: 14 of 22 START test not_null_stg_transactions_account_id ....................... [RUN]
[0m22:10:58.552428 [debug] [Thread-4 (]: Re-using an available connection from the pool (formerly test.dbt_snowflake_trans.not_null_stg_customers_email.d7cf761533, now test.dbt_snowflake_trans.not_null_stg_transactions_account_id.a7d212da1d)
[0m22:10:58.554290 [debug] [Thread-4 (]: Began compiling node test.dbt_snowflake_trans.not_null_stg_transactions_account_id.a7d212da1d
[0m22:10:58.555682 [debug] [Thread-3 (]: SQL status: SUCCESS 1 in 0.149 seconds
[0m22:10:58.563152 [debug] [Thread-4 (]: Writing injected SQL for node "test.dbt_snowflake_trans.not_null_stg_transactions_account_id.a7d212da1d"
[0m22:10:58.565800 [info ] [Thread-3 (]: 11 of 22 PASS relationships_stg_accounts_customer_id__customer_id__ref_stg_customers_  [[32mPASS[0m in 0.18s]
[0m22:10:58.566891 [debug] [Thread-3 (]: Finished running node test.dbt_snowflake_trans.relationships_stg_accounts_customer_id__customer_id__ref_stg_customers_.5f49160326
[0m22:10:58.567378 [debug] [Thread-4 (]: Began executing node test.dbt_snowflake_trans.not_null_stg_transactions_account_id.a7d212da1d
[0m22:10:58.567920 [debug] [Thread-3 (]: Began running node test.dbt_snowflake_trans.not_null_stg_transactions_transaction_id.1d00a8e2e4
[0m22:10:58.571954 [debug] [Thread-4 (]: Writing runtime sql for node "test.dbt_snowflake_trans.not_null_stg_transactions_account_id.a7d212da1d"
[0m22:10:58.572403 [info ] [Thread-3 (]: 15 of 22 START test not_null_stg_transactions_transaction_id ................... [RUN]
[0m22:10:58.572988 [debug] [Thread-3 (]: Re-using an available connection from the pool (formerly test.dbt_snowflake_trans.relationships_stg_accounts_customer_id__customer_id__ref_stg_customers_.5f49160326, now test.dbt_snowflake_trans.not_null_stg_transactions_transaction_id.1d00a8e2e4)
[0m22:10:58.573370 [debug] [Thread-3 (]: Began compiling node test.dbt_snowflake_trans.not_null_stg_transactions_transaction_id.1d00a8e2e4
[0m22:10:58.578164 [debug] [Thread-3 (]: Writing injected SQL for node "test.dbt_snowflake_trans.not_null_stg_transactions_transaction_id.1d00a8e2e4"
[0m22:10:58.579393 [debug] [Thread-4 (]: Using snowflake connection "test.dbt_snowflake_trans.not_null_stg_transactions_account_id.a7d212da1d"
[0m22:10:58.580521 [debug] [Thread-4 (]: On test.dbt_snowflake_trans.not_null_stg_transactions_account_id.a7d212da1d: select
      count(*) as failures,
      count(*) != 0 as should_warn,
      count(*) != 0 as should_error
    from (
      
    
  
    
    



select account_id
from E2E_DB.RAW.stg_transactions
where account_id is null



  
  
      
    ) dbt_internal_test
/* {"app": "dbt", "dbt_version": "1.11.0b4", "profile_name": "dbt_snowflake_trans", "target_name": "dev", "node_id": "test.dbt_snowflake_trans.not_null_stg_transactions_account_id.a7d212da1d"} */
[0m22:10:58.584492 [debug] [Thread-1 (]: SQL status: SUCCESS 1 in 0.116 seconds
[0m22:10:58.586148 [debug] [Thread-3 (]: Began executing node test.dbt_snowflake_trans.not_null_stg_transactions_transaction_id.1d00a8e2e4
[0m22:10:58.590685 [info ] [Thread-1 (]: 12 of 22 PASS unique_stg_accounts_account_id ................................... [[32mPASS[0m in 0.15s]
[0m22:10:58.595971 [debug] [Thread-3 (]: Writing runtime sql for node "test.dbt_snowflake_trans.not_null_stg_transactions_transaction_id.1d00a8e2e4"
[0m22:10:58.597857 [debug] [Thread-1 (]: Finished running node test.dbt_snowflake_trans.unique_stg_accounts_account_id.cdf6252c79
[0m22:10:58.599380 [debug] [Thread-2 (]: SQL status: SUCCESS 1 in 0.122 seconds
[0m22:10:58.600588 [debug] [Thread-1 (]: Began running node test.dbt_snowflake_trans.relationships_stg_transactions_account_id__account_id__ref_stg_accounts_.c0d3771e54
[0m22:10:58.605858 [info ] [Thread-2 (]: 13 of 22 PASS accepted_values_stg_transactions_txn_type__DEPOSIT__WITHDRAWAL__TRANSFER  [[32mPASS[0m in 0.15s]
[0m22:10:58.608355 [debug] [Thread-3 (]: Using snowflake connection "test.dbt_snowflake_trans.not_null_stg_transactions_transaction_id.1d00a8e2e4"
[0m22:10:58.609516 [info ] [Thread-1 (]: 16 of 22 START test relationships_stg_transactions_account_id__account_id__ref_stg_accounts_  [RUN]
[0m22:10:58.610885 [debug] [Thread-2 (]: Finished running node test.dbt_snowflake_trans.accepted_values_stg_transactions_txn_type__DEPOSIT__WITHDRAWAL__TRANSFER.ee9aed38b8
[0m22:10:58.611800 [debug] [Thread-3 (]: On test.dbt_snowflake_trans.not_null_stg_transactions_transaction_id.1d00a8e2e4: select
      count(*) as failures,
      count(*) != 0 as should_warn,
      count(*) != 0 as should_error
    from (
      
    
  
    
    



select transaction_id
from E2E_DB.RAW.stg_transactions
where transaction_id is null



  
  
      
    ) dbt_internal_test
/* {"app": "dbt", "dbt_version": "1.11.0b4", "profile_name": "dbt_snowflake_trans", "target_name": "dev", "node_id": "test.dbt_snowflake_trans.not_null_stg_transactions_transaction_id.1d00a8e2e4"} */
[0m22:10:58.612724 [debug] [Thread-1 (]: Re-using an available connection from the pool (formerly test.dbt_snowflake_trans.unique_stg_accounts_account_id.cdf6252c79, now test.dbt_snowflake_trans.relationships_stg_transactions_account_id__account_id__ref_stg_accounts_.c0d3771e54)
[0m22:10:58.613680 [debug] [Thread-2 (]: Began running node test.dbt_snowflake_trans.unique_stg_transactions_transaction_id.ee9a78a396
[0m22:10:58.615703 [debug] [Thread-1 (]: Began compiling node test.dbt_snowflake_trans.relationships_stg_transactions_account_id__account_id__ref_stg_accounts_.c0d3771e54
[0m22:10:58.617501 [info ] [Thread-2 (]: 17 of 22 START test unique_stg_transactions_transaction_id ..................... [RUN]
[0m22:10:58.626650 [debug] [Thread-1 (]: Writing injected SQL for node "test.dbt_snowflake_trans.relationships_stg_transactions_account_id__account_id__ref_stg_accounts_.c0d3771e54"
[0m22:10:58.627258 [debug] [Thread-2 (]: Re-using an available connection from the pool (formerly test.dbt_snowflake_trans.accepted_values_stg_transactions_txn_type__DEPOSIT__WITHDRAWAL__TRANSFER.ee9aed38b8, now test.dbt_snowflake_trans.unique_stg_transactions_transaction_id.ee9a78a396)
[0m22:10:58.627903 [debug] [Thread-2 (]: Began compiling node test.dbt_snowflake_trans.unique_stg_transactions_transaction_id.ee9a78a396
[0m22:10:58.632515 [debug] [Thread-2 (]: Writing injected SQL for node "test.dbt_snowflake_trans.unique_stg_transactions_transaction_id.ee9a78a396"
[0m22:10:58.633427 [debug] [Thread-1 (]: Began executing node test.dbt_snowflake_trans.relationships_stg_transactions_account_id__account_id__ref_stg_accounts_.c0d3771e54
[0m22:10:58.636335 [debug] [Thread-1 (]: Writing runtime sql for node "test.dbt_snowflake_trans.relationships_stg_transactions_account_id__account_id__ref_stg_accounts_.c0d3771e54"
[0m22:10:58.636803 [debug] [Thread-2 (]: Began executing node test.dbt_snowflake_trans.unique_stg_transactions_transaction_id.ee9a78a396
[0m22:10:58.639670 [debug] [Thread-2 (]: Writing runtime sql for node "test.dbt_snowflake_trans.unique_stg_transactions_transaction_id.ee9a78a396"
[0m22:10:58.641034 [debug] [Thread-1 (]: Using snowflake connection "test.dbt_snowflake_trans.relationships_stg_transactions_account_id__account_id__ref_stg_accounts_.c0d3771e54"
[0m22:10:58.641799 [debug] [Thread-1 (]: On test.dbt_snowflake_trans.relationships_stg_transactions_account_id__account_id__ref_stg_accounts_.c0d3771e54: select
      count(*) as failures,
      count(*) != 0 as should_warn,
      count(*) != 0 as should_error
    from (
      
    
  
    
    

with child as (
    select account_id as from_field
    from E2E_DB.RAW.stg_transactions
    where account_id is not null
),

parent as (
    select account_id as to_field
    from E2E_DB.RAW.stg_accounts
)

select
    from_field

from child
left join parent
    on child.from_field = parent.to_field

where parent.to_field is null



  
  
      
    ) dbt_internal_test
/* {"app": "dbt", "dbt_version": "1.11.0b4", "profile_name": "dbt_snowflake_trans", "target_name": "dev", "node_id": "test.dbt_snowflake_trans.relationships_stg_transactions_account_id__account_id__ref_stg_accounts_.c0d3771e54"} */
[0m22:10:58.643692 [debug] [Thread-2 (]: Using snowflake connection "test.dbt_snowflake_trans.unique_stg_transactions_transaction_id.ee9a78a396"
[0m22:10:58.645030 [debug] [Thread-2 (]: On test.dbt_snowflake_trans.unique_stg_transactions_transaction_id.ee9a78a396: select
      count(*) as failures,
      count(*) != 0 as should_warn,
      count(*) != 0 as should_error
    from (
      
    
  
    
    

select
    transaction_id as unique_field,
    count(*) as n_records

from E2E_DB.RAW.stg_transactions
where transaction_id is not null
group by transaction_id
having count(*) > 1



  
  
      
    ) dbt_internal_test
/* {"app": "dbt", "dbt_version": "1.11.0b4", "profile_name": "dbt_snowflake_trans", "target_name": "dev", "node_id": "test.dbt_snowflake_trans.unique_stg_transactions_transaction_id.ee9a78a396"} */
[0m22:10:58.709136 [debug] [Thread-4 (]: SQL status: SUCCESS 1 in 0.126 seconds
[0m22:10:58.713270 [info ] [Thread-4 (]: 14 of 22 PASS not_null_stg_transactions_account_id ............................. [[32mPASS[0m in 0.16s]
[0m22:10:58.714313 [debug] [Thread-4 (]: Finished running node test.dbt_snowflake_trans.not_null_stg_transactions_account_id.a7d212da1d
[0m22:10:58.715014 [debug] [Thread-4 (]: Began running node snapshot.dbt_snowflake_trans.snp_customers
[0m22:10:58.715789 [info ] [Thread-4 (]: 18 of 22 START snapshot SNAPSHOTS.snp_customers ................................ [RUN]
[0m22:10:58.716544 [debug] [Thread-4 (]: Re-using an available connection from the pool (formerly test.dbt_snowflake_trans.not_null_stg_transactions_account_id.a7d212da1d, now snapshot.dbt_snowflake_trans.snp_customers)
[0m22:10:58.717074 [debug] [Thread-4 (]: Began compiling node snapshot.dbt_snowflake_trans.snp_customers
[0m22:10:58.721573 [debug] [Thread-4 (]: Began executing node snapshot.dbt_snowflake_trans.snp_customers
[0m22:10:58.747961 [debug] [Thread-3 (]: SQL status: SUCCESS 1 in 0.134 seconds
[0m22:10:58.765169 [info ] [Thread-3 (]: 15 of 22 PASS not_null_stg_transactions_transaction_id ......................... [[32mPASS[0m in 0.19s]
[0m22:10:58.770825 [debug] [Thread-3 (]: Finished running node test.dbt_snowflake_trans.not_null_stg_transactions_transaction_id.1d00a8e2e4
[0m22:10:58.772961 [debug] [Thread-4 (]: Using snowflake connection "snapshot.dbt_snowflake_trans.snp_customers"
[0m22:10:58.773359 [debug] [Thread-3 (]: Began running node snapshot.dbt_snowflake_trans.snp_accounts
[0m22:10:58.773976 [debug] [Thread-4 (]: On snapshot.dbt_snowflake_trans.snp_customers: select * from (
        
    

    select *,
        md5(coalesce(cast(customer_id as varchar ), '')
         || '|' || coalesce(cast(last_updated_at as varchar ), '')
        ) as dbt_scd_id,
        last_updated_at as dbt_updated_at,
        last_updated_at as dbt_valid_from,
        
  
  coalesce(nullif(last_updated_at, last_updated_at), null)
  as dbt_valid_to
from (
        




SELECT * FROM E2E_DB.RAW.stg_customers

    ) sbq



    ) as __dbt_sbq
    where false
    limit 0
/* {"app": "dbt", "dbt_version": "1.11.0b4", "profile_name": "dbt_snowflake_trans", "target_name": "dev", "node_id": "snapshot.dbt_snowflake_trans.snp_customers"} */
/* {"app": "dbt", "dbt_version": "1.11.0b4", "profile_name": "dbt_snowflake_trans", "target_name": "dev", "node_id": "snapshot.dbt_snowflake_trans.snp_customers"} */
[0m22:10:58.774586 [debug] [Thread-2 (]: SQL status: SUCCESS 1 in 0.129 seconds
[0m22:10:58.775103 [info ] [Thread-3 (]: 19 of 22 START snapshot SNAPSHOTS.snp_accounts ................................. [RUN]
[0m22:10:58.776826 [info ] [Thread-2 (]: 17 of 22 PASS unique_stg_transactions_transaction_id ........................... [[32mPASS[0m in 0.15s]
[0m22:10:58.777639 [debug] [Thread-3 (]: Re-using an available connection from the pool (formerly test.dbt_snowflake_trans.not_null_stg_transactions_transaction_id.1d00a8e2e4, now snapshot.dbt_snowflake_trans.snp_accounts)
[0m22:10:58.778510 [debug] [Thread-2 (]: Finished running node test.dbt_snowflake_trans.unique_stg_transactions_transaction_id.ee9a78a396
[0m22:10:58.778830 [debug] [Thread-3 (]: Began compiling node snapshot.dbt_snowflake_trans.snp_accounts
[0m22:10:58.779661 [debug] [Thread-1 (]: SQL status: SUCCESS 1 in 0.137 seconds
[0m22:10:58.781934 [debug] [Thread-3 (]: Began executing node snapshot.dbt_snowflake_trans.snp_accounts
[0m22:10:58.783923 [info ] [Thread-1 (]: 16 of 22 PASS relationships_stg_transactions_account_id__account_id__ref_stg_accounts_  [[32mPASS[0m in 0.17s]
[0m22:10:58.786575 [debug] [Thread-3 (]: Using snowflake connection "snapshot.dbt_snowflake_trans.snp_accounts"
[0m22:10:58.786988 [debug] [Thread-1 (]: Finished running node test.dbt_snowflake_trans.relationships_stg_transactions_account_id__account_id__ref_stg_accounts_.c0d3771e54
[0m22:10:58.787340 [debug] [Thread-3 (]: On snapshot.dbt_snowflake_trans.snp_accounts: select * from (
        
    

    select *,
        md5(coalesce(cast(account_id as varchar ), '')
         || '|' || coalesce(cast(last_updated_at as varchar ), '')
        ) as dbt_scd_id,
        last_updated_at as dbt_updated_at,
        last_updated_at as dbt_valid_from,
        
  
  coalesce(nullif(last_updated_at, last_updated_at), null)
  as dbt_valid_to
from (
        



SELECT * FROM E2E_DB.RAW.stg_accounts

    ) sbq



    ) as __dbt_sbq
    where false
    limit 0
/* {"app": "dbt", "dbt_version": "1.11.0b4", "profile_name": "dbt_snowflake_trans", "target_name": "dev", "node_id": "snapshot.dbt_snowflake_trans.snp_accounts"} */
/* {"app": "dbt", "dbt_version": "1.11.0b4", "profile_name": "dbt_snowflake_trans", "target_name": "dev", "node_id": "snapshot.dbt_snowflake_trans.snp_accounts"} */
[0m22:10:58.788330 [debug] [Thread-2 (]: Began running node model.dbt_snowflake_trans.fact_transactions
[0m22:10:58.788844 [info ] [Thread-2 (]: 20 of 22 START sql incremental model RAW.fact_transactions ..................... [RUN]
[0m22:10:58.789210 [debug] [Thread-2 (]: Re-using an available connection from the pool (formerly test.dbt_snowflake_trans.unique_stg_transactions_transaction_id.ee9a78a396, now model.dbt_snowflake_trans.fact_transactions)
[0m22:10:58.789472 [debug] [Thread-2 (]: Began compiling node model.dbt_snowflake_trans.fact_transactions
[0m22:10:58.794085 [debug] [Thread-2 (]: Writing injected SQL for node "model.dbt_snowflake_trans.fact_transactions"
[0m22:10:58.794508 [debug] [Thread-2 (]: Began executing node model.dbt_snowflake_trans.fact_transactions
[0m22:10:58.823314 [debug] [Thread-2 (]: Using snowflake connection "model.dbt_snowflake_trans.fact_transactions"
[0m22:10:58.823659 [debug] [Thread-2 (]: On model.dbt_snowflake_trans.fact_transactions: create or replace temporary table E2E_DB.RAW.fact_transactions__dbt_tmp
as (
    

WITH transactions AS (
    SELECT * FROM E2E_DB.RAW.stg_transactions
    
    -- LOGIC INCREMENTAL:
    -- Chỉ lấy các giao dịch có thời gian xử lý (processed_at) LỚN HƠN 
    -- thời gian max hiện có trong bảng đích (this).
    
    WHERE processed_at > (SELECT MAX(processed_at) FROM E2E_DB.RAW.fact_transactions)
    
),

-- Join thêm thông tin Account để lấy Customer ID (Denormalization)
accounts AS (
    SELECT account_id, customer_id FROM E2E_DB.RAW.stg_accounts
)

SELECT
    t.transaction_id,
    t.account_id,
    a.customer_id, 
    
    t.txn_type,
    t.status,
    t.amount,
    
    -- Tách Date Dimension (Ngày/Tháng/Năm) phục vụ Partitioning hoặc Filter nhanh
    DATE(t.created_at) AS transaction_date_key,
    YEAR(t.created_at) AS transaction_year,
    MONTH(t.created_at) AS transaction_month,
    
    t.created_at AS transaction_timestamp,
    t.processed_at, -- Cột mốc để chạy incremental
    current_timestamp() AS dwh_load_at

FROM transactions t
LEFT JOIN accounts a ON t.account_id = a.account_id
    )

/* {"app": "dbt", "dbt_version": "1.11.0b4", "profile_name": "dbt_snowflake_trans", "target_name": "dev", "node_id": "model.dbt_snowflake_trans.fact_transactions"} */;
[0m22:10:58.905373 [debug] [Thread-4 (]: SQL status: SUCCESS 0 in 0.130 seconds
[0m22:10:58.915091 [debug] [Thread-4 (]: Using snowflake connection "snapshot.dbt_snowflake_trans.snp_customers"
[0m22:10:58.915649 [debug] [Thread-4 (]: On snapshot.dbt_snowflake_trans.snp_customers: select * from (
        select to_timestamp_ntz(convert_timezone('UTC', current_timestamp())) as dbt_snapshot_time
    ) as __dbt_sbq
    where false
    limit 0
/* {"app": "dbt", "dbt_version": "1.11.0b4", "profile_name": "dbt_snowflake_trans", "target_name": "dev", "node_id": "snapshot.dbt_snowflake_trans.snp_customers"} */
/* {"app": "dbt", "dbt_version": "1.11.0b4", "profile_name": "dbt_snowflake_trans", "target_name": "dev", "node_id": "snapshot.dbt_snowflake_trans.snp_customers"} */
[0m22:10:58.922112 [debug] [Thread-3 (]: SQL status: SUCCESS 0 in 0.134 seconds
[0m22:10:58.923886 [debug] [Thread-3 (]: Using snowflake connection "snapshot.dbt_snowflake_trans.snp_accounts"
[0m22:10:58.924410 [debug] [Thread-3 (]: On snapshot.dbt_snowflake_trans.snp_accounts: select * from (
        select to_timestamp_ntz(convert_timezone('UTC', current_timestamp())) as dbt_snapshot_time
    ) as __dbt_sbq
    where false
    limit 0
/* {"app": "dbt", "dbt_version": "1.11.0b4", "profile_name": "dbt_snowflake_trans", "target_name": "dev", "node_id": "snapshot.dbt_snowflake_trans.snp_accounts"} */
/* {"app": "dbt", "dbt_version": "1.11.0b4", "profile_name": "dbt_snowflake_trans", "target_name": "dev", "node_id": "snapshot.dbt_snowflake_trans.snp_accounts"} */
[0m22:10:59.020422 [debug] [Thread-4 (]: SQL status: SUCCESS 0 in 0.104 seconds
[0m22:10:59.021535 [warn ] [Thread-4 (]: Data type of snapshot table timestamp columns (TIMESTAMP_NTZ) doesn't match derived column 'updated_at' (FIXED). Please update snapshot config 'updated_at'.
[0m22:10:59.022745 [debug] [Thread-4 (]: Writing runtime sql for node "snapshot.dbt_snowflake_trans.snp_customers"
[0m22:10:59.024183 [debug] [Thread-4 (]: Using snowflake connection "snapshot.dbt_snowflake_trans.snp_customers"
[0m22:10:59.024474 [debug] [Thread-4 (]: On snapshot.dbt_snowflake_trans.snp_customers: create or replace transient table E2E_DB.SNAPSHOTS.snp_customers
    
    
    
    as (
    

    select *,
        md5(coalesce(cast(customer_id as varchar ), '')
         || '|' || coalesce(cast(last_updated_at as varchar ), '')
        ) as dbt_scd_id,
        last_updated_at as dbt_updated_at,
        last_updated_at as dbt_valid_from,
        
  
  coalesce(nullif(last_updated_at, last_updated_at), null)
  as dbt_valid_to
from (
        




SELECT * FROM E2E_DB.RAW.stg_customers

    ) sbq



    )

/* {"app": "dbt", "dbt_version": "1.11.0b4", "profile_name": "dbt_snowflake_trans", "target_name": "dev", "node_id": "snapshot.dbt_snowflake_trans.snp_customers"} */;
[0m22:10:59.030973 [debug] [Thread-3 (]: SQL status: SUCCESS 0 in 0.106 seconds
[0m22:10:59.031905 [warn ] [Thread-3 (]: Data type of snapshot table timestamp columns (TIMESTAMP_NTZ) doesn't match derived column 'updated_at' (FIXED). Please update snapshot config 'updated_at'.
[0m22:10:59.033212 [debug] [Thread-3 (]: Writing runtime sql for node "snapshot.dbt_snowflake_trans.snp_accounts"
[0m22:10:59.035491 [debug] [Thread-3 (]: Using snowflake connection "snapshot.dbt_snowflake_trans.snp_accounts"
[0m22:10:59.036355 [debug] [Thread-3 (]: On snapshot.dbt_snowflake_trans.snp_accounts: create or replace transient table E2E_DB.SNAPSHOTS.snp_accounts
    
    
    
    as (
    

    select *,
        md5(coalesce(cast(account_id as varchar ), '')
         || '|' || coalesce(cast(last_updated_at as varchar ), '')
        ) as dbt_scd_id,
        last_updated_at as dbt_updated_at,
        last_updated_at as dbt_valid_from,
        
  
  coalesce(nullif(last_updated_at, last_updated_at), null)
  as dbt_valid_to
from (
        



SELECT * FROM E2E_DB.RAW.stg_accounts

    ) sbq



    )

/* {"app": "dbt", "dbt_version": "1.11.0b4", "profile_name": "dbt_snowflake_trans", "target_name": "dev", "node_id": "snapshot.dbt_snowflake_trans.snp_accounts"} */;
[0m22:10:59.138948 [debug] [Thread-4 (]: Snowflake adapter: Snowflake query id: 01c09b8e-3202-20f8-0011-44ea000431f6
[0m22:10:59.139738 [debug] [Thread-4 (]: Snowflake adapter: Snowflake error: 002025 (42S21): SQL compilation error:
duplicate column name 'DBT_UPDATED_AT'
[0m22:10:59.143525 [debug] [Thread-4 (]: Database Error in snapshot snp_customers (snapshots/snp_customers.sql)
  002025 (42S21): SQL compilation error:
  duplicate column name 'DBT_UPDATED_AT'
  compiled code at target/run/dbt_snowflake_trans/snapshots/snp_customers.sql
[0m22:10:59.143905 [debug] [Thread-4 (]: Sending event: {'category': 'dbt', 'action': 'run_model', 'label': '130163e5-6677-432c-a511-1927c2989dfc', 'context': [<snowplow_tracker.self_describing_json.SelfDescribingJson object at 0x7c3a215e93d0>]}
[0m22:10:59.144581 [error] [Thread-4 (]: 18 of 22 ERROR snapshotting SNAPSHOTS.snp_customers ............................ [[31mERROR[0m in 0.43s]
[0m22:10:59.145118 [debug] [Thread-4 (]: Finished running node snapshot.dbt_snowflake_trans.snp_customers
[0m22:10:59.145810 [debug] [Thread-7 (]: Marking all children of 'snapshot.dbt_snowflake_trans.snp_customers' to be skipped because of status 'error'.  Reason: Database Error in snapshot snp_customers (snapshots/snp_customers.sql)
  002025 (42S21): SQL compilation error:
  duplicate column name 'DBT_UPDATED_AT'
  compiled code at target/run/dbt_snowflake_trans/snapshots/snp_customers.sql.
[0m22:10:59.147068 [debug] [Thread-1 (]: Began running node model.dbt_snowflake_trans.dim_customers
[0m22:10:59.147428 [info ] [Thread-1 (]: 21 of 22 SKIP relation RAW.dim_customers ....................................... [[33mSKIP[0m]
[0m22:10:59.148167 [debug] [Thread-1 (]: Finished running node model.dbt_snowflake_trans.dim_customers
[0m22:10:59.149044 [debug] [Thread-3 (]: Snowflake adapter: Snowflake query id: 01c09b8e-3202-20f8-0011-44ea000431fa
[0m22:10:59.149528 [debug] [Thread-3 (]: Snowflake adapter: Snowflake error: 002025 (42S21): SQL compilation error:
duplicate column name 'DBT_UPDATED_AT'
[0m22:10:59.152905 [debug] [Thread-3 (]: Database Error in snapshot snp_accounts (snapshots/snp_accounts.sql)
  002025 (42S21): SQL compilation error:
  duplicate column name 'DBT_UPDATED_AT'
  compiled code at target/run/dbt_snowflake_trans/snapshots/snp_accounts.sql
[0m22:10:59.153405 [debug] [Thread-3 (]: Sending event: {'category': 'dbt', 'action': 'run_model', 'label': '130163e5-6677-432c-a511-1927c2989dfc', 'context': [<snowplow_tracker.self_describing_json.SelfDescribingJson object at 0x7c3a29465a60>]}
[0m22:10:59.154171 [error] [Thread-3 (]: 19 of 22 ERROR snapshotting SNAPSHOTS.snp_accounts ............................. [[31mERROR[0m in 0.38s]
[0m22:10:59.154563 [debug] [Thread-7 (]: Marking all children of 'model.dbt_snowflake_trans.dim_customers' to be skipped because of status 'skipped'. 
[0m22:10:59.155062 [debug] [Thread-3 (]: Finished running node snapshot.dbt_snowflake_trans.snp_accounts
[0m22:10:59.155670 [debug] [Thread-7 (]: Marking all children of 'snapshot.dbt_snowflake_trans.snp_accounts' to be skipped because of status 'error'.  Reason: Database Error in snapshot snp_accounts (snapshots/snp_accounts.sql)
  002025 (42S21): SQL compilation error:
  duplicate column name 'DBT_UPDATED_AT'
  compiled code at target/run/dbt_snowflake_trans/snapshots/snp_accounts.sql.
[0m22:10:59.156173 [debug] [Thread-4 (]: Began running node model.dbt_snowflake_trans.dim_accounts
[0m22:10:59.156542 [info ] [Thread-4 (]: 22 of 22 SKIP relation RAW.dim_accounts ........................................ [[33mSKIP[0m]
[0m22:10:59.156888 [debug] [Thread-4 (]: Finished running node model.dbt_snowflake_trans.dim_accounts
[0m22:10:59.157162 [debug] [Thread-7 (]: Marking all children of 'model.dbt_snowflake_trans.dim_accounts' to be skipped because of status 'skipped'. 
[0m22:10:59.482738 [debug] [Thread-2 (]: SQL status: SUCCESS 1 in 0.658 seconds
[0m22:10:59.491521 [debug] [Thread-2 (]: Using snowflake connection "model.dbt_snowflake_trans.fact_transactions"
[0m22:10:59.491829 [debug] [Thread-2 (]: On model.dbt_snowflake_trans.fact_transactions: describe table E2E_DB.RAW.fact_transactions__dbt_tmp
/* {"app": "dbt", "dbt_version": "1.11.0b4", "profile_name": "dbt_snowflake_trans", "target_name": "dev", "node_id": "model.dbt_snowflake_trans.fact_transactions"} */
[0m22:10:59.600138 [debug] [Thread-2 (]: SQL status: SUCCESS 12 in 0.108 seconds
[0m22:10:59.604895 [debug] [Thread-2 (]: Using snowflake connection "model.dbt_snowflake_trans.fact_transactions"
[0m22:10:59.605198 [debug] [Thread-2 (]: On model.dbt_snowflake_trans.fact_transactions: describe table E2E_DB.RAW.fact_transactions
/* {"app": "dbt", "dbt_version": "1.11.0b4", "profile_name": "dbt_snowflake_trans", "target_name": "dev", "node_id": "model.dbt_snowflake_trans.fact_transactions"} */
[0m22:10:59.705496 [debug] [Thread-2 (]: SQL status: SUCCESS 12 in 0.100 seconds
[0m22:10:59.720320 [debug] [Thread-2 (]: Using snowflake connection "model.dbt_snowflake_trans.fact_transactions"
[0m22:10:59.720951 [debug] [Thread-2 (]: On model.dbt_snowflake_trans.fact_transactions: describe table "E2E_DB"."RAW"."FACT_TRANSACTIONS"
/* {"app": "dbt", "dbt_version": "1.11.0b4", "profile_name": "dbt_snowflake_trans", "target_name": "dev", "node_id": "model.dbt_snowflake_trans.fact_transactions"} */
[0m22:10:59.814371 [debug] [Thread-2 (]: SQL status: SUCCESS 12 in 0.093 seconds
[0m22:10:59.834744 [debug] [Thread-2 (]: Writing runtime sql for node "model.dbt_snowflake_trans.fact_transactions"
[0m22:10:59.835537 [debug] [Thread-2 (]: Using snowflake connection "model.dbt_snowflake_trans.fact_transactions"
[0m22:10:59.835804 [debug] [Thread-2 (]: On model.dbt_snowflake_trans.fact_transactions: BEGIN
/* {"app": "dbt", "dbt_version": "1.11.0b4", "profile_name": "dbt_snowflake_trans", "target_name": "dev", "node_id": "model.dbt_snowflake_trans.fact_transactions"} */
[0m22:10:59.956914 [debug] [Thread-2 (]: SQL status: SUCCESS 1 in 0.120 seconds
[0m22:10:59.958379 [debug] [Thread-2 (]: Using snowflake connection "model.dbt_snowflake_trans.fact_transactions"
[0m22:10:59.959266 [debug] [Thread-2 (]: On model.dbt_snowflake_trans.fact_transactions: delete from E2E_DB.RAW.fact_transactions as DBT_INTERNAL_DEST
        where (transaction_id) in (
            select distinct transaction_id
            from E2E_DB.RAW.fact_transactions__dbt_tmp as DBT_INTERNAL_SOURCE
        )
/* {"app": "dbt", "dbt_version": "1.11.0b4", "profile_name": "dbt_snowflake_trans", "target_name": "dev", "node_id": "model.dbt_snowflake_trans.fact_transactions"} */;
[0m22:11:00.120614 [debug] [Thread-2 (]: SQL status: SUCCESS 0 in 0.161 seconds
[0m22:11:00.121841 [debug] [Thread-2 (]: Using snowflake connection "model.dbt_snowflake_trans.fact_transactions"
[0m22:11:00.122704 [debug] [Thread-2 (]: On model.dbt_snowflake_trans.fact_transactions: insert into E2E_DB.RAW.fact_transactions ("TRANSACTION_ID", "ACCOUNT_ID", "CUSTOMER_ID", "TXN_TYPE", "STATUS", "AMOUNT", "TRANSACTION_DATE_KEY", "TRANSACTION_YEAR", "TRANSACTION_MONTH", "TRANSACTION_TIMESTAMP", "PROCESSED_AT", "DWH_LOAD_AT")
    (
        select "TRANSACTION_ID", "ACCOUNT_ID", "CUSTOMER_ID", "TXN_TYPE", "STATUS", "AMOUNT", "TRANSACTION_DATE_KEY", "TRANSACTION_YEAR", "TRANSACTION_MONTH", "TRANSACTION_TIMESTAMP", "PROCESSED_AT", "DWH_LOAD_AT"
        from E2E_DB.RAW.fact_transactions__dbt_tmp
    )
/* {"app": "dbt", "dbt_version": "1.11.0b4", "profile_name": "dbt_snowflake_trans", "target_name": "dev", "node_id": "model.dbt_snowflake_trans.fact_transactions"} */;
[0m22:11:00.264918 [debug] [Thread-2 (]: SQL status: SUCCESS 0 in 0.141 seconds
[0m22:11:00.266221 [debug] [Thread-2 (]: Using snowflake connection "model.dbt_snowflake_trans.fact_transactions"
[0m22:11:00.267035 [debug] [Thread-2 (]: On model.dbt_snowflake_trans.fact_transactions: COMMIT
/* {"app": "dbt", "dbt_version": "1.11.0b4", "profile_name": "dbt_snowflake_trans", "target_name": "dev", "node_id": "model.dbt_snowflake_trans.fact_transactions"} */
[0m22:11:00.390918 [debug] [Thread-2 (]: SQL status: SUCCESS 1 in 0.123 seconds
[0m22:11:00.398976 [debug] [Thread-2 (]: Applying DROP to: E2E_DB.RAW.fact_transactions__dbt_tmp
[0m22:11:00.404125 [debug] [Thread-2 (]: Using snowflake connection "model.dbt_snowflake_trans.fact_transactions"
[0m22:11:00.404418 [debug] [Thread-2 (]: On model.dbt_snowflake_trans.fact_transactions: drop table if exists E2E_DB.RAW.fact_transactions__dbt_tmp cascade
/* {"app": "dbt", "dbt_version": "1.11.0b4", "profile_name": "dbt_snowflake_trans", "target_name": "dev", "node_id": "model.dbt_snowflake_trans.fact_transactions"} */
[0m22:11:00.522930 [debug] [Thread-2 (]: SQL status: SUCCESS 1 in 0.118 seconds
[0m22:11:00.541922 [debug] [Thread-2 (]: Sending event: {'category': 'dbt', 'action': 'run_model', 'label': '130163e5-6677-432c-a511-1927c2989dfc', 'context': [<snowplow_tracker.self_describing_json.SelfDescribingJson object at 0x7c3a23e515e0>]}
[0m22:11:00.542407 [info ] [Thread-2 (]: 20 of 22 OK created sql incremental model RAW.fact_transactions ................ [[32mSUCCESS 0[0m in 1.75s]
[0m22:11:00.542798 [debug] [Thread-2 (]: Finished running node model.dbt_snowflake_trans.fact_transactions
[0m22:11:00.543944 [debug] [MainThread]: Connection 'master' was properly closed.
[0m22:11:00.544249 [debug] [MainThread]: Connection 'test.dbt_snowflake_trans.relationships_stg_transactions_account_id__account_id__ref_stg_accounts_.c0d3771e54' was left open.
[0m22:11:00.544508 [debug] [MainThread]: On test.dbt_snowflake_trans.relationships_stg_transactions_account_id__account_id__ref_stg_accounts_.c0d3771e54: Close
[0m22:11:00.725547 [debug] [MainThread]: Connection 'model.dbt_snowflake_trans.fact_transactions' was left open.
[0m22:11:00.726531 [debug] [MainThread]: On model.dbt_snowflake_trans.fact_transactions: Close
[0m22:11:00.892423 [debug] [MainThread]: Connection 'snapshot.dbt_snowflake_trans.snp_accounts' was left open.
[0m22:11:00.893487 [debug] [MainThread]: On snapshot.dbt_snowflake_trans.snp_accounts: Close
[0m22:11:01.079481 [debug] [MainThread]: Connection 'snapshot.dbt_snowflake_trans.snp_customers' was left open.
[0m22:11:01.080453 [debug] [MainThread]: On snapshot.dbt_snowflake_trans.snp_customers: Close
[0m22:11:01.261895 [info ] [MainThread]: 
[0m22:11:01.263084 [info ] [MainThread]: Finished running 3 dynamic table models, 1 incremental model, 2 snapshots, 2 table models, 14 data tests in 0 hours 0 minutes and 4.49 seconds (4.49s).
[0m22:11:01.266268 [debug] [MainThread]: Command end result
[0m22:11:01.281162 [debug] [MainThread]: Wrote artifact WritableManifest to /home/phuoc19/Projects/end_to_end_aws/dbt_snowflake_trans/target/manifest.json
[0m22:11:01.282238 [debug] [MainThread]: Wrote artifact SemanticManifest to /home/phuoc19/Projects/end_to_end_aws/dbt_snowflake_trans/target/semantic_manifest.json
[0m22:11:01.286610 [debug] [MainThread]: Wrote artifact RunExecutionResult to /home/phuoc19/Projects/end_to_end_aws/dbt_snowflake_trans/target/run_results.json
[0m22:11:01.286871 [info ] [MainThread]: 
[0m22:11:01.287125 [info ] [MainThread]: [31mCompleted with 2 errors, 0 partial successes, and 0 warnings:[0m
[0m22:11:01.287338 [info ] [MainThread]: 
[0m22:11:01.287596 [error] [MainThread]: [31mFailure in snapshot snp_customers (snapshots/snp_customers.sql)[0m
[0m22:11:01.287847 [error] [MainThread]:   Database Error in snapshot snp_customers (snapshots/snp_customers.sql)
  002025 (42S21): SQL compilation error:
  duplicate column name 'DBT_UPDATED_AT'
  compiled code at target/run/dbt_snowflake_trans/snapshots/snp_customers.sql
[0m22:11:01.288050 [info ] [MainThread]: 
[0m22:11:01.288280 [error] [MainThread]: [31mFailure in snapshot snp_accounts (snapshots/snp_accounts.sql)[0m
[0m22:11:01.288509 [error] [MainThread]:   Database Error in snapshot snp_accounts (snapshots/snp_accounts.sql)
  002025 (42S21): SQL compilation error:
  duplicate column name 'DBT_UPDATED_AT'
  compiled code at target/run/dbt_snowflake_trans/snapshots/snp_accounts.sql
[0m22:11:01.288701 [info ] [MainThread]: 
[0m22:11:01.288912 [info ] [MainThread]: Done. PASS=18 WARN=0 ERROR=2 SKIP=2 NO-OP=0 TOTAL=22
[0m22:11:01.289538 [debug] [MainThread]: Resource report: {"command_name": "build", "command_success": false, "command_wall_clock_time": 5.3052382, "process_in_blocks": "0", "process_kernel_time": 0.193926, "process_mem_max_rss": "200696", "process_out_blocks": "2832", "process_user_time": 4.123442}
[0m22:11:01.289842 [debug] [MainThread]: Command `dbt build` failed at 22:11:01.289778 after 5.31 seconds
[0m22:11:01.290113 [debug] [MainThread]: Sending event: {'category': 'dbt', 'action': 'invocation', 'label': 'end', 'context': [<snowplow_tracker.self_describing_json.SelfDescribingJson object at 0x7c3a581ed100>, <snowplow_tracker.self_describing_json.SelfDescribingJson object at 0x7c3a5ba02a50>, <snowplow_tracker.self_describing_json.SelfDescribingJson object at 0x7c3a57d089b0>]}
[0m22:11:01.290410 [debug] [MainThread]: Flushing usage events
[0m22:11:02.859406 [debug] [MainThread]: An error was encountered while trying to flush usage events
[0m22:11:49.357862 [debug] [MainThread]: Sending event: {'category': 'dbt', 'action': 'invocation', 'label': 'start', 'context': [<snowplow_tracker.self_describing_json.SelfDescribingJson object at 0x7fb1b84f5430>, <snowplow_tracker.self_describing_json.SelfDescribingJson object at 0x7fb1ba7d68d0>, <snowplow_tracker.self_describing_json.SelfDescribingJson object at 0x7fb1b847e390>]}


============================== 22:11:49.360379 | ca50d99a-8fac-4da1-9ada-e91d6c33ee56 ==============================
[0m22:11:49.360379 [info ] [MainThread]: Running with dbt=1.11.0-b4
[0m22:11:49.360783 [debug] [MainThread]: running dbt with arguments {'warn_error_options': 'WarnErrorOptionsV2(error=[], warn=[], silence=[])', 'target_path': 'None', 'log_cache_events': 'False', 'warn_error': 'None', 'write_json': 'True', 'quiet': 'False', 'partial_parse': 'True', 'no_print': 'None', 'profiles_dir': '/home/phuoc19/.dbt', 'send_anonymous_usage_stats': 'True', 'log_format': 'default', 'use_colors': 'True', 'invocation_command': 'dbt build', 'empty': 'False', 'introspect': 'True', 'log_path': '/home/phuoc19/Projects/end_to_end_aws/dbt_snowflake_trans/logs', 'debug': 'False', 'use_experimental_parser': 'False', 'static_parser': 'True', 'indirect_selection': 'eager', 'cache_selected_only': 'False', 'printer_width': '80', 'fail_fast': 'False', 'version_check': 'True'}
[0m22:11:49.685509 [debug] [MainThread]: Snowflake adapter: Setting snowflake.connector to ERROR (file logging only)
[0m22:11:49.685885 [debug] [MainThread]: Snowflake adapter: Setting botocore to ERROR (file logging only)
[0m22:11:49.686138 [debug] [MainThread]: Snowflake adapter: Setting boto3 to ERROR (file logging only)
[0m22:11:49.810050 [debug] [MainThread]: Sending event: {'category': 'dbt', 'action': 'project_id', 'label': 'ca50d99a-8fac-4da1-9ada-e91d6c33ee56', 'context': [<snowplow_tracker.self_describing_json.SelfDescribingJson object at 0x7fb18a9b44a0>]}
[0m22:11:49.857615 [debug] [MainThread]: Sending event: {'category': 'dbt', 'action': 'adapter_info', 'label': 'ca50d99a-8fac-4da1-9ada-e91d6c33ee56', 'context': [<snowplow_tracker.self_describing_json.SelfDescribingJson object at 0x7fb18b1661b0>]}
[0m22:11:49.858225 [info ] [MainThread]: Registered adapter: snowflake=1.10.3
[0m22:11:49.918980 [debug] [MainThread]: checksum: 57e51233fb2305050a86c940b93938a4d3a51a7b95f45f76840a20ffa12695aa, vars: {}, profile: , target: , version: 1.11.0b4
[0m22:11:50.008906 [debug] [MainThread]: Partial parsing enabled: 0 files deleted, 0 files added, 0 files changed.
[0m22:11:50.009248 [debug] [MainThread]: Partial parsing enabled, no changes found, skipping parsing
[0m22:11:50.013226 [warn ] [MainThread]: [[33mWARNING[0m]: Configuration paths exist in your dbt_project.yml file which do not apply to any resources.
There are 1 unused configuration paths:
- models.dbt_snowflake_trans.example
[0m22:11:50.050327 [debug] [MainThread]: Sending event: {'category': 'dbt', 'action': 'load_project', 'label': 'ca50d99a-8fac-4da1-9ada-e91d6c33ee56', 'context': [<snowplow_tracker.self_describing_json.SelfDescribingJson object at 0x7fb189ddca10>]}
[0m22:11:50.115548 [debug] [MainThread]: Wrote artifact WritableManifest to /home/phuoc19/Projects/end_to_end_aws/dbt_snowflake_trans/target/manifest.json
[0m22:11:50.116761 [debug] [MainThread]: Wrote artifact SemanticManifest to /home/phuoc19/Projects/end_to_end_aws/dbt_snowflake_trans/target/semantic_manifest.json
[0m22:11:50.134680 [debug] [MainThread]: Sending event: {'category': 'dbt', 'action': 'resource_counts', 'label': 'ca50d99a-8fac-4da1-9ada-e91d6c33ee56', 'context': [<snowplow_tracker.self_describing_json.SelfDescribingJson object at 0x7fb189d99940>]}
[0m22:11:50.135074 [info ] [MainThread]: Found 6 models, 2 snapshots, 14 data tests, 3 sources, 494 macros
[0m22:11:50.137040 [info ] [MainThread]: 
[0m22:11:50.137343 [info ] [MainThread]: Concurrency: 4 threads (target='dev')
[0m22:11:50.137572 [info ] [MainThread]: 
[0m22:11:50.137920 [debug] [MainThread]: Acquiring new snowflake connection 'master'
[0m22:11:50.141564 [debug] [ThreadPool]: Acquiring new snowflake connection 'list_E2E_DB'
[0m22:11:50.151628 [debug] [ThreadPool]: Acquiring new snowflake connection 'list_E2E_DB'
[0m22:11:50.166258 [debug] [ThreadPool]: Using snowflake connection "list_E2E_DB"
[0m22:11:50.166579 [debug] [ThreadPool]: On list_E2E_DB: show terse schemas in database E2E_DB
    limit 10000
/* {"app": "dbt", "dbt_version": "1.11.0b4", "profile_name": "dbt_snowflake_trans", "target_name": "dev", "connection_name": "list_E2E_DB"} */
[0m22:11:50.166801 [debug] [ThreadPool]: Opening a new connection, currently in state init
[0m22:11:50.167634 [debug] [ThreadPool]: Using snowflake connection "list_E2E_DB"
[0m22:11:50.167918 [debug] [ThreadPool]: On list_E2E_DB: show terse schemas in database E2E_DB
    limit 10000
/* {"app": "dbt", "dbt_version": "1.11.0b4", "profile_name": "dbt_snowflake_trans", "target_name": "dev", "connection_name": "list_E2E_DB"} */
[0m22:11:50.168151 [debug] [ThreadPool]: Opening a new connection, currently in state init
[0m22:11:50.934054 [debug] [ThreadPool]: SQL status: SUCCESS 4 in 0.766 seconds
[0m22:11:50.976593 [debug] [ThreadPool]: SQL status: SUCCESS 4 in 0.810 seconds
[0m22:11:50.979645 [debug] [ThreadPool]: Re-using an available connection from the pool (formerly list_E2E_DB, now list_E2E_DB_RAW)
[0m22:11:50.980331 [debug] [ThreadPool]: Re-using an available connection from the pool (formerly list_E2E_DB, now list_E2E_DB_SNAPSHOTS)
[0m22:11:50.995219 [debug] [ThreadPool]: Using snowflake connection "list_E2E_DB_SNAPSHOTS"
[0m22:11:50.995585 [debug] [ThreadPool]: On list_E2E_DB_SNAPSHOTS: show objects in E2E_DB.SNAPSHOTS
    limit 10000
    

/* {"app": "dbt", "dbt_version": "1.11.0b4", "profile_name": "dbt_snowflake_trans", "target_name": "dev", "connection_name": "list_E2E_DB_SNAPSHOTS"} */;
[0m22:11:50.997107 [debug] [ThreadPool]: Using snowflake connection "list_E2E_DB_RAW"
[0m22:11:50.998029 [debug] [ThreadPool]: On list_E2E_DB_RAW: show objects in E2E_DB.RAW
    limit 10000
    

/* {"app": "dbt", "dbt_version": "1.11.0b4", "profile_name": "dbt_snowflake_trans", "target_name": "dev", "connection_name": "list_E2E_DB_RAW"} */;
[0m22:11:51.099514 [debug] [ThreadPool]: SQL status: SUCCESS 7 in 0.101 seconds
[0m22:11:51.108557 [debug] [ThreadPool]: SQL status: SUCCESS 0 in 0.113 seconds
[0m22:11:51.110014 [debug] [MainThread]: Sending event: {'category': 'dbt', 'action': 'runnable_timing', 'label': 'ca50d99a-8fac-4da1-9ada-e91d6c33ee56', 'context': [<snowplow_tracker.self_describing_json.SelfDescribingJson object at 0x7fb189d98b90>]}
[0m22:11:51.112965 [debug] [Thread-1 (]: Began running node model.dbt_snowflake_trans.stg_accounts
[0m22:11:51.113562 [debug] [Thread-2 (]: Began running node model.dbt_snowflake_trans.stg_customers
[0m22:11:51.114031 [debug] [Thread-3 (]: Began running node model.dbt_snowflake_trans.stg_transactions
[0m22:11:51.114768 [info ] [Thread-1 (]: 1 of 22 START sql dynamic_table model RAW.stg_accounts ......................... [RUN]
[0m22:11:51.115350 [info ] [Thread-2 (]: 2 of 22 START sql dynamic_table model RAW.stg_customers ........................ [RUN]
[0m22:11:51.115920 [info ] [Thread-3 (]: 3 of 22 START sql dynamic_table model RAW.stg_transactions ..................... [RUN]
[0m22:11:51.116563 [debug] [Thread-1 (]: Re-using an available connection from the pool (formerly list_E2E_DB_SNAPSHOTS, now model.dbt_snowflake_trans.stg_accounts)
[0m22:11:51.117052 [debug] [Thread-2 (]: Re-using an available connection from the pool (formerly list_E2E_DB_RAW, now model.dbt_snowflake_trans.stg_customers)
[0m22:11:51.117553 [debug] [Thread-3 (]: Acquiring new snowflake connection 'model.dbt_snowflake_trans.stg_transactions'
[0m22:11:51.117919 [debug] [Thread-1 (]: Began compiling node model.dbt_snowflake_trans.stg_accounts
[0m22:11:51.118214 [debug] [Thread-2 (]: Began compiling node model.dbt_snowflake_trans.stg_customers
[0m22:11:51.118498 [debug] [Thread-3 (]: Began compiling node model.dbt_snowflake_trans.stg_transactions
[0m22:11:51.125945 [debug] [Thread-1 (]: Writing injected SQL for node "model.dbt_snowflake_trans.stg_accounts"
[0m22:11:51.128466 [debug] [Thread-2 (]: Writing injected SQL for node "model.dbt_snowflake_trans.stg_customers"
[0m22:11:51.130568 [debug] [Thread-3 (]: Writing injected SQL for node "model.dbt_snowflake_trans.stg_transactions"
[0m22:11:51.131264 [debug] [Thread-2 (]: Began executing node model.dbt_snowflake_trans.stg_customers
[0m22:11:51.131653 [debug] [Thread-1 (]: Began executing node model.dbt_snowflake_trans.stg_accounts
[0m22:11:51.147607 [debug] [Thread-3 (]: Began executing node model.dbt_snowflake_trans.stg_transactions
[0m22:11:51.152846 [debug] [Thread-2 (]: Using snowflake connection "model.dbt_snowflake_trans.stg_customers"
[0m22:11:51.155442 [debug] [Thread-1 (]: Using snowflake connection "model.dbt_snowflake_trans.stg_accounts"
[0m22:11:51.157257 [debug] [Thread-3 (]: Using snowflake connection "model.dbt_snowflake_trans.stg_transactions"
[0m22:11:51.157768 [debug] [Thread-2 (]: On model.dbt_snowflake_trans.stg_customers: show dynamic tables like 'STG_CUSTOMERS' in schema "E2E_DB"."RAW"
/* {"app": "dbt", "dbt_version": "1.11.0b4", "profile_name": "dbt_snowflake_trans", "target_name": "dev", "node_id": "model.dbt_snowflake_trans.stg_customers"} */
[0m22:11:51.158154 [debug] [Thread-1 (]: On model.dbt_snowflake_trans.stg_accounts: show dynamic tables like 'STG_ACCOUNTS' in schema "E2E_DB"."RAW"
/* {"app": "dbt", "dbt_version": "1.11.0b4", "profile_name": "dbt_snowflake_trans", "target_name": "dev", "node_id": "model.dbt_snowflake_trans.stg_accounts"} */
[0m22:11:51.158516 [debug] [Thread-3 (]: On model.dbt_snowflake_trans.stg_transactions: show dynamic tables like 'STG_TRANSACTIONS' in schema "E2E_DB"."RAW"
/* {"app": "dbt", "dbt_version": "1.11.0b4", "profile_name": "dbt_snowflake_trans", "target_name": "dev", "node_id": "model.dbt_snowflake_trans.stg_transactions"} */
[0m22:11:51.160080 [debug] [Thread-3 (]: Opening a new connection, currently in state init
[0m22:11:51.270110 [debug] [Thread-1 (]: SQL status: SUCCESS 1 in 0.111 seconds
[0m22:11:51.271623 [warn ] [Thread-1 (]: No configuration changes were identified on: `E2E_DB.RAW.stg_accounts`. Continuing.
[0m22:11:51.278582 [debug] [Thread-1 (]: Sending event: {'category': 'dbt', 'action': 'run_model', 'label': 'ca50d99a-8fac-4da1-9ada-e91d6c33ee56', 'context': [<snowplow_tracker.self_describing_json.SelfDescribingJson object at 0x7fb1883f4890>]}
[0m22:11:51.279112 [info ] [Thread-1 (]: 1 of 22 OK created sql dynamic_table model RAW.stg_accounts .................... [[32mskip E2E_DB.RAW.stg_accounts[0m in 0.16s]
[0m22:11:51.279936 [debug] [Thread-2 (]: SQL status: SUCCESS 1 in 0.121 seconds
[0m22:11:51.280528 [debug] [Thread-1 (]: Finished running node model.dbt_snowflake_trans.stg_accounts
[0m22:11:51.281792 [warn ] [Thread-2 (]: No configuration changes were identified on: `E2E_DB.RAW.stg_customers`. Continuing.
[0m22:11:51.283527 [debug] [Thread-2 (]: Sending event: {'category': 'dbt', 'action': 'run_model', 'label': 'ca50d99a-8fac-4da1-9ada-e91d6c33ee56', 'context': [<snowplow_tracker.self_describing_json.SelfDescribingJson object at 0x7fb188411760>]}
[0m22:11:51.283993 [info ] [Thread-2 (]: 2 of 22 OK created sql dynamic_table model RAW.stg_customers ................... [[32mskip E2E_DB.RAW.stg_customers[0m in 0.17s]
[0m22:11:51.284467 [debug] [Thread-4 (]: Began running node test.dbt_snowflake_trans.accepted_values_stg_accounts_account_type__SAVINGS__CHECKING.1bf6c16db4
[0m22:11:51.285084 [debug] [Thread-2 (]: Finished running node model.dbt_snowflake_trans.stg_customers
[0m22:11:51.285496 [debug] [Thread-1 (]: Began running node test.dbt_snowflake_trans.not_null_stg_accounts_account_id.182dfbc108
[0m22:11:51.285979 [info ] [Thread-4 (]: 4 of 22 START test accepted_values_stg_accounts_account_type__SAVINGS__CHECKING  [RUN]
[0m22:11:51.286712 [debug] [Thread-2 (]: Began running node test.dbt_snowflake_trans.not_null_stg_accounts_customer_id.0b54f014a3
[0m22:11:51.287301 [info ] [Thread-1 (]: 5 of 22 START test not_null_stg_accounts_account_id ............................ [RUN]
[0m22:11:51.288030 [debug] [Thread-4 (]: Acquiring new snowflake connection 'test.dbt_snowflake_trans.accepted_values_stg_accounts_account_type__SAVINGS__CHECKING.1bf6c16db4'
[0m22:11:51.288641 [info ] [Thread-2 (]: 6 of 22 START test not_null_stg_accounts_customer_id ........................... [RUN]
[0m22:11:51.289270 [debug] [Thread-1 (]: Re-using an available connection from the pool (formerly model.dbt_snowflake_trans.stg_accounts, now test.dbt_snowflake_trans.not_null_stg_accounts_account_id.182dfbc108)
[0m22:11:51.289690 [debug] [Thread-4 (]: Began compiling node test.dbt_snowflake_trans.accepted_values_stg_accounts_account_type__SAVINGS__CHECKING.1bf6c16db4
[0m22:11:51.290231 [debug] [Thread-2 (]: Re-using an available connection from the pool (formerly model.dbt_snowflake_trans.stg_customers, now test.dbt_snowflake_trans.not_null_stg_accounts_customer_id.0b54f014a3)
[0m22:11:51.290819 [debug] [Thread-1 (]: Began compiling node test.dbt_snowflake_trans.not_null_stg_accounts_account_id.182dfbc108
[0m22:11:51.299925 [debug] [Thread-4 (]: Writing injected SQL for node "test.dbt_snowflake_trans.accepted_values_stg_accounts_account_type__SAVINGS__CHECKING.1bf6c16db4"
[0m22:11:51.300408 [debug] [Thread-2 (]: Began compiling node test.dbt_snowflake_trans.not_null_stg_accounts_customer_id.0b54f014a3
[0m22:11:51.306489 [debug] [Thread-1 (]: Writing injected SQL for node "test.dbt_snowflake_trans.not_null_stg_accounts_account_id.182dfbc108"
[0m22:11:51.310226 [debug] [Thread-2 (]: Writing injected SQL for node "test.dbt_snowflake_trans.not_null_stg_accounts_customer_id.0b54f014a3"
[0m22:11:51.310714 [debug] [Thread-4 (]: Began executing node test.dbt_snowflake_trans.accepted_values_stg_accounts_account_type__SAVINGS__CHECKING.1bf6c16db4
[0m22:11:51.311483 [debug] [Thread-1 (]: Began executing node test.dbt_snowflake_trans.not_null_stg_accounts_account_id.182dfbc108
[0m22:11:51.317074 [debug] [Thread-2 (]: Began executing node test.dbt_snowflake_trans.not_null_stg_accounts_customer_id.0b54f014a3
[0m22:11:51.331738 [debug] [Thread-2 (]: Writing runtime sql for node "test.dbt_snowflake_trans.not_null_stg_accounts_customer_id.0b54f014a3"
[0m22:11:51.334187 [debug] [Thread-1 (]: Writing runtime sql for node "test.dbt_snowflake_trans.not_null_stg_accounts_account_id.182dfbc108"
[0m22:11:51.341175 [debug] [Thread-4 (]: Writing runtime sql for node "test.dbt_snowflake_trans.accepted_values_stg_accounts_account_type__SAVINGS__CHECKING.1bf6c16db4"
[0m22:11:51.342263 [debug] [Thread-2 (]: Using snowflake connection "test.dbt_snowflake_trans.not_null_stg_accounts_customer_id.0b54f014a3"
[0m22:11:51.342902 [debug] [Thread-1 (]: Using snowflake connection "test.dbt_snowflake_trans.not_null_stg_accounts_account_id.182dfbc108"
[0m22:11:51.343395 [debug] [Thread-2 (]: On test.dbt_snowflake_trans.not_null_stg_accounts_customer_id.0b54f014a3: select
      count(*) as failures,
      count(*) != 0 as should_warn,
      count(*) != 0 as should_error
    from (
      
    
  
    
    



select customer_id
from E2E_DB.RAW.stg_accounts
where customer_id is null



  
  
      
    ) dbt_internal_test
/* {"app": "dbt", "dbt_version": "1.11.0b4", "profile_name": "dbt_snowflake_trans", "target_name": "dev", "node_id": "test.dbt_snowflake_trans.not_null_stg_accounts_customer_id.0b54f014a3"} */
[0m22:11:51.343698 [debug] [Thread-1 (]: On test.dbt_snowflake_trans.not_null_stg_accounts_account_id.182dfbc108: select
      count(*) as failures,
      count(*) != 0 as should_warn,
      count(*) != 0 as should_error
    from (
      
    
  
    
    



select account_id
from E2E_DB.RAW.stg_accounts
where account_id is null



  
  
      
    ) dbt_internal_test
/* {"app": "dbt", "dbt_version": "1.11.0b4", "profile_name": "dbt_snowflake_trans", "target_name": "dev", "node_id": "test.dbt_snowflake_trans.not_null_stg_accounts_account_id.182dfbc108"} */
[0m22:11:51.345872 [debug] [Thread-4 (]: Using snowflake connection "test.dbt_snowflake_trans.accepted_values_stg_accounts_account_type__SAVINGS__CHECKING.1bf6c16db4"
[0m22:11:51.346398 [debug] [Thread-4 (]: On test.dbt_snowflake_trans.accepted_values_stg_accounts_account_type__SAVINGS__CHECKING.1bf6c16db4: select
      count(*) as failures,
      count(*) != 0 as should_warn,
      count(*) != 0 as should_error
    from (
      
    
  
    
    

with all_values as (

    select
        account_type as value_field,
        count(*) as n_records

    from E2E_DB.RAW.stg_accounts
    group by account_type

)

select *
from all_values
where value_field not in (
    'SAVINGS','CHECKING'
)



  
  
      
    ) dbt_internal_test
/* {"app": "dbt", "dbt_version": "1.11.0b4", "profile_name": "dbt_snowflake_trans", "target_name": "dev", "node_id": "test.dbt_snowflake_trans.accepted_values_stg_accounts_account_type__SAVINGS__CHECKING.1bf6c16db4"} */
[0m22:11:51.346679 [debug] [Thread-4 (]: Opening a new connection, currently in state init
[0m22:11:51.445283 [debug] [Thread-2 (]: SQL status: SUCCESS 1 in 0.101 seconds
[0m22:11:51.446596 [debug] [Thread-1 (]: SQL status: SUCCESS 1 in 0.102 seconds
[0m22:11:51.449599 [info ] [Thread-2 (]: 6 of 22 PASS not_null_stg_accounts_customer_id ................................. [[32mPASS[0m in 0.16s]
[0m22:11:51.451275 [info ] [Thread-1 (]: 5 of 22 PASS not_null_stg_accounts_account_id .................................. [[32mPASS[0m in 0.16s]
[0m22:11:51.451821 [debug] [Thread-2 (]: Finished running node test.dbt_snowflake_trans.not_null_stg_accounts_customer_id.0b54f014a3
[0m22:11:51.452378 [debug] [Thread-1 (]: Finished running node test.dbt_snowflake_trans.not_null_stg_accounts_account_id.182dfbc108
[0m22:11:51.452801 [debug] [Thread-2 (]: Began running node test.dbt_snowflake_trans.unique_stg_accounts_account_id.cdf6252c79
[0m22:11:51.453500 [debug] [Thread-1 (]: Began running node test.dbt_snowflake_trans.not_null_stg_customers_customer_id.e2cfb1f9aa
[0m22:11:51.454139 [info ] [Thread-2 (]: 7 of 22 START test unique_stg_accounts_account_id .............................. [RUN]
[0m22:11:51.454496 [info ] [Thread-1 (]: 8 of 22 START test not_null_stg_customers_customer_id .......................... [RUN]
[0m22:11:51.454865 [debug] [Thread-2 (]: Re-using an available connection from the pool (formerly test.dbt_snowflake_trans.not_null_stg_accounts_customer_id.0b54f014a3, now test.dbt_snowflake_trans.unique_stg_accounts_account_id.cdf6252c79)
[0m22:11:51.455220 [debug] [Thread-1 (]: Re-using an available connection from the pool (formerly test.dbt_snowflake_trans.not_null_stg_accounts_account_id.182dfbc108, now test.dbt_snowflake_trans.not_null_stg_customers_customer_id.e2cfb1f9aa)
[0m22:11:51.455501 [debug] [Thread-2 (]: Began compiling node test.dbt_snowflake_trans.unique_stg_accounts_account_id.cdf6252c79
[0m22:11:51.455761 [debug] [Thread-1 (]: Began compiling node test.dbt_snowflake_trans.not_null_stg_customers_customer_id.e2cfb1f9aa
[0m22:11:51.460459 [debug] [Thread-2 (]: Writing injected SQL for node "test.dbt_snowflake_trans.unique_stg_accounts_account_id.cdf6252c79"
[0m22:11:51.463474 [debug] [Thread-1 (]: Writing injected SQL for node "test.dbt_snowflake_trans.not_null_stg_customers_customer_id.e2cfb1f9aa"
[0m22:11:51.466019 [debug] [Thread-2 (]: Began executing node test.dbt_snowflake_trans.unique_stg_accounts_account_id.cdf6252c79
[0m22:11:51.468116 [debug] [Thread-2 (]: Writing runtime sql for node "test.dbt_snowflake_trans.unique_stg_accounts_account_id.cdf6252c79"
[0m22:11:51.468677 [debug] [Thread-1 (]: Began executing node test.dbt_snowflake_trans.not_null_stg_customers_customer_id.e2cfb1f9aa
[0m22:11:51.470659 [debug] [Thread-1 (]: Writing runtime sql for node "test.dbt_snowflake_trans.not_null_stg_customers_customer_id.e2cfb1f9aa"
[0m22:11:51.471235 [debug] [Thread-2 (]: Using snowflake connection "test.dbt_snowflake_trans.unique_stg_accounts_account_id.cdf6252c79"
[0m22:11:51.472554 [debug] [Thread-1 (]: Using snowflake connection "test.dbt_snowflake_trans.not_null_stg_customers_customer_id.e2cfb1f9aa"
[0m22:11:51.472879 [debug] [Thread-2 (]: On test.dbt_snowflake_trans.unique_stg_accounts_account_id.cdf6252c79: select
      count(*) as failures,
      count(*) != 0 as should_warn,
      count(*) != 0 as should_error
    from (
      
    
  
    
    

select
    account_id as unique_field,
    count(*) as n_records

from E2E_DB.RAW.stg_accounts
where account_id is not null
group by account_id
having count(*) > 1



  
  
      
    ) dbt_internal_test
/* {"app": "dbt", "dbt_version": "1.11.0b4", "profile_name": "dbt_snowflake_trans", "target_name": "dev", "node_id": "test.dbt_snowflake_trans.unique_stg_accounts_account_id.cdf6252c79"} */
[0m22:11:51.473254 [debug] [Thread-1 (]: On test.dbt_snowflake_trans.not_null_stg_customers_customer_id.e2cfb1f9aa: select
      count(*) as failures,
      count(*) != 0 as should_warn,
      count(*) != 0 as should_error
    from (
      
    
  
    
    



select customer_id
from E2E_DB.RAW.stg_customers
where customer_id is null



  
  
      
    ) dbt_internal_test
/* {"app": "dbt", "dbt_version": "1.11.0b4", "profile_name": "dbt_snowflake_trans", "target_name": "dev", "node_id": "test.dbt_snowflake_trans.not_null_stg_customers_customer_id.e2cfb1f9aa"} */
[0m22:11:51.564064 [debug] [Thread-2 (]: SQL status: SUCCESS 1 in 0.090 seconds
[0m22:11:51.565849 [info ] [Thread-2 (]: 7 of 22 PASS unique_stg_accounts_account_id .................................... [[32mPASS[0m in 0.11s]
[0m22:11:51.566339 [debug] [Thread-2 (]: Finished running node test.dbt_snowflake_trans.unique_stg_accounts_account_id.cdf6252c79
[0m22:11:51.566655 [debug] [Thread-2 (]: Began running node test.dbt_snowflake_trans.not_null_stg_customers_email.d7cf761533
[0m22:11:51.567002 [info ] [Thread-2 (]: 9 of 22 START test not_null_stg_customers_email ................................ [RUN]
[0m22:11:51.567639 [debug] [Thread-2 (]: Re-using an available connection from the pool (formerly test.dbt_snowflake_trans.unique_stg_accounts_account_id.cdf6252c79, now test.dbt_snowflake_trans.not_null_stg_customers_email.d7cf761533)
[0m22:11:51.568256 [debug] [Thread-1 (]: SQL status: SUCCESS 1 in 0.094 seconds
[0m22:11:51.568630 [debug] [Thread-2 (]: Began compiling node test.dbt_snowflake_trans.not_null_stg_customers_email.d7cf761533
[0m22:11:51.570156 [info ] [Thread-1 (]: 8 of 22 PASS not_null_stg_customers_customer_id ................................ [[32mPASS[0m in 0.11s]
[0m22:11:51.573092 [debug] [Thread-2 (]: Writing injected SQL for node "test.dbt_snowflake_trans.not_null_stg_customers_email.d7cf761533"
[0m22:11:51.573629 [debug] [Thread-1 (]: Finished running node test.dbt_snowflake_trans.not_null_stg_customers_customer_id.e2cfb1f9aa
[0m22:11:51.574085 [debug] [Thread-1 (]: Began running node test.dbt_snowflake_trans.relationships_stg_accounts_customer_id__customer_id__ref_stg_customers_.5f49160326
[0m22:11:51.574403 [info ] [Thread-1 (]: 10 of 22 START test relationships_stg_accounts_customer_id__customer_id__ref_stg_customers_  [RUN]
[0m22:11:51.574825 [debug] [Thread-1 (]: Re-using an available connection from the pool (formerly test.dbt_snowflake_trans.not_null_stg_customers_customer_id.e2cfb1f9aa, now test.dbt_snowflake_trans.relationships_stg_accounts_customer_id__customer_id__ref_stg_customers_.5f49160326)
[0m22:11:51.575109 [debug] [Thread-1 (]: Began compiling node test.dbt_snowflake_trans.relationships_stg_accounts_customer_id__customer_id__ref_stg_customers_.5f49160326
[0m22:11:51.575382 [debug] [Thread-2 (]: Began executing node test.dbt_snowflake_trans.not_null_stg_customers_email.d7cf761533
[0m22:11:51.581741 [debug] [Thread-1 (]: Writing injected SQL for node "test.dbt_snowflake_trans.relationships_stg_accounts_customer_id__customer_id__ref_stg_customers_.5f49160326"
[0m22:11:51.584987 [debug] [Thread-2 (]: Writing runtime sql for node "test.dbt_snowflake_trans.not_null_stg_customers_email.d7cf761533"
[0m22:11:51.586299 [debug] [Thread-3 (]: SQL status: SUCCESS 1 in 0.426 seconds
[0m22:11:51.586868 [debug] [Thread-1 (]: Began executing node test.dbt_snowflake_trans.relationships_stg_accounts_customer_id__customer_id__ref_stg_customers_.5f49160326
[0m22:11:51.588219 [warn ] [Thread-3 (]: No configuration changes were identified on: `E2E_DB.RAW.stg_transactions`. Continuing.
[0m22:11:51.590246 [debug] [Thread-1 (]: Writing runtime sql for node "test.dbt_snowflake_trans.relationships_stg_accounts_customer_id__customer_id__ref_stg_customers_.5f49160326"
[0m22:11:51.590963 [debug] [Thread-2 (]: Using snowflake connection "test.dbt_snowflake_trans.not_null_stg_customers_email.d7cf761533"
[0m22:11:51.592460 [debug] [Thread-3 (]: Sending event: {'category': 'dbt', 'action': 'run_model', 'label': 'ca50d99a-8fac-4da1-9ada-e91d6c33ee56', 'context': [<snowplow_tracker.self_describing_json.SelfDescribingJson object at 0x7fb18833c890>]}
[0m22:11:51.592986 [debug] [Thread-2 (]: On test.dbt_snowflake_trans.not_null_stg_customers_email.d7cf761533: select
      count(*) as failures,
      count(*) != 0 as should_warn,
      count(*) != 0 as should_error
    from (
      
    
  
    
    



select email
from E2E_DB.RAW.stg_customers
where email is null



  
  
      
    ) dbt_internal_test
/* {"app": "dbt", "dbt_version": "1.11.0b4", "profile_name": "dbt_snowflake_trans", "target_name": "dev", "node_id": "test.dbt_snowflake_trans.not_null_stg_customers_email.d7cf761533"} */
[0m22:11:51.593782 [debug] [Thread-1 (]: Using snowflake connection "test.dbt_snowflake_trans.relationships_stg_accounts_customer_id__customer_id__ref_stg_customers_.5f49160326"
[0m22:11:51.594317 [info ] [Thread-3 (]: 3 of 22 OK created sql dynamic_table model RAW.stg_transactions ................ [[32mskip E2E_DB.RAW.stg_transactions[0m in 0.48s]
[0m22:11:51.595031 [debug] [Thread-1 (]: On test.dbt_snowflake_trans.relationships_stg_accounts_customer_id__customer_id__ref_stg_customers_.5f49160326: select
      count(*) as failures,
      count(*) != 0 as should_warn,
      count(*) != 0 as should_error
    from (
      
    
  
    
    

with child as (
    select customer_id as from_field
    from E2E_DB.RAW.stg_accounts
    where customer_id is not null
),

parent as (
    select customer_id as to_field
    from E2E_DB.RAW.stg_customers
)

select
    from_field

from child
left join parent
    on child.from_field = parent.to_field

where parent.to_field is null



  
  
      
    ) dbt_internal_test
/* {"app": "dbt", "dbt_version": "1.11.0b4", "profile_name": "dbt_snowflake_trans", "target_name": "dev", "node_id": "test.dbt_snowflake_trans.relationships_stg_accounts_customer_id__customer_id__ref_stg_customers_.5f49160326"} */
[0m22:11:51.595698 [debug] [Thread-3 (]: Finished running node model.dbt_snowflake_trans.stg_transactions
[0m22:11:51.597049 [debug] [Thread-3 (]: Began running node test.dbt_snowflake_trans.unique_stg_customers_customer_id.c7614daada
[0m22:11:51.597654 [info ] [Thread-3 (]: 11 of 22 START test unique_stg_customers_customer_id ........................... [RUN]
[0m22:11:51.598733 [debug] [Thread-3 (]: Re-using an available connection from the pool (formerly model.dbt_snowflake_trans.stg_transactions, now test.dbt_snowflake_trans.unique_stg_customers_customer_id.c7614daada)
[0m22:11:51.599029 [debug] [Thread-3 (]: Began compiling node test.dbt_snowflake_trans.unique_stg_customers_customer_id.c7614daada
[0m22:11:51.602053 [debug] [Thread-3 (]: Writing injected SQL for node "test.dbt_snowflake_trans.unique_stg_customers_customer_id.c7614daada"
[0m22:11:51.602565 [debug] [Thread-3 (]: Began executing node test.dbt_snowflake_trans.unique_stg_customers_customer_id.c7614daada
[0m22:11:51.604249 [debug] [Thread-3 (]: Writing runtime sql for node "test.dbt_snowflake_trans.unique_stg_customers_customer_id.c7614daada"
[0m22:11:51.604857 [debug] [Thread-3 (]: Using snowflake connection "test.dbt_snowflake_trans.unique_stg_customers_customer_id.c7614daada"
[0m22:11:51.605137 [debug] [Thread-3 (]: On test.dbt_snowflake_trans.unique_stg_customers_customer_id.c7614daada: select
      count(*) as failures,
      count(*) != 0 as should_warn,
      count(*) != 0 as should_error
    from (
      
    
  
    
    

select
    customer_id as unique_field,
    count(*) as n_records

from E2E_DB.RAW.stg_customers
where customer_id is not null
group by customer_id
having count(*) > 1



  
  
      
    ) dbt_internal_test
/* {"app": "dbt", "dbt_version": "1.11.0b4", "profile_name": "dbt_snowflake_trans", "target_name": "dev", "node_id": "test.dbt_snowflake_trans.unique_stg_customers_customer_id.c7614daada"} */
[0m22:11:51.691313 [debug] [Thread-2 (]: SQL status: SUCCESS 1 in 0.096 seconds
[0m22:11:51.693852 [info ] [Thread-2 (]: 9 of 22 PASS not_null_stg_customers_email ...................................... [[32mPASS[0m in 0.13s]
[0m22:11:51.694344 [debug] [Thread-2 (]: Finished running node test.dbt_snowflake_trans.not_null_stg_customers_email.d7cf761533
[0m22:11:51.694653 [debug] [Thread-2 (]: Began running node test.dbt_snowflake_trans.unique_stg_customers_email.1ebcb2333e
[0m22:11:51.694908 [info ] [Thread-2 (]: 12 of 22 START test unique_stg_customers_email ................................. [RUN]
[0m22:11:51.695272 [debug] [Thread-2 (]: Re-using an available connection from the pool (formerly test.dbt_snowflake_trans.not_null_stg_customers_email.d7cf761533, now test.dbt_snowflake_trans.unique_stg_customers_email.1ebcb2333e)
[0m22:11:51.695550 [debug] [Thread-2 (]: Began compiling node test.dbt_snowflake_trans.unique_stg_customers_email.1ebcb2333e
[0m22:11:51.698515 [debug] [Thread-2 (]: Writing injected SQL for node "test.dbt_snowflake_trans.unique_stg_customers_email.1ebcb2333e"
[0m22:11:51.698946 [debug] [Thread-2 (]: Began executing node test.dbt_snowflake_trans.unique_stg_customers_email.1ebcb2333e
[0m22:11:51.700581 [debug] [Thread-2 (]: Writing runtime sql for node "test.dbt_snowflake_trans.unique_stg_customers_email.1ebcb2333e"
[0m22:11:51.701166 [debug] [Thread-2 (]: Using snowflake connection "test.dbt_snowflake_trans.unique_stg_customers_email.1ebcb2333e"
[0m22:11:51.701445 [debug] [Thread-2 (]: On test.dbt_snowflake_trans.unique_stg_customers_email.1ebcb2333e: select
      count(*) as failures,
      count(*) != 0 as should_warn,
      count(*) != 0 as should_error
    from (
      
    
  
    
    

select
    email as unique_field,
    count(*) as n_records

from E2E_DB.RAW.stg_customers
where email is not null
group by email
having count(*) > 1



  
  
      
    ) dbt_internal_test
/* {"app": "dbt", "dbt_version": "1.11.0b4", "profile_name": "dbt_snowflake_trans", "target_name": "dev", "node_id": "test.dbt_snowflake_trans.unique_stg_customers_email.1ebcb2333e"} */
[0m22:11:51.714639 [debug] [Thread-3 (]: SQL status: SUCCESS 1 in 0.109 seconds
[0m22:11:51.716381 [info ] [Thread-3 (]: 11 of 22 PASS unique_stg_customers_customer_id ................................. [[32mPASS[0m in 0.12s]
[0m22:11:51.716886 [debug] [Thread-3 (]: Finished running node test.dbt_snowflake_trans.unique_stg_customers_customer_id.c7614daada
[0m22:11:51.717190 [debug] [Thread-3 (]: Began running node test.dbt_snowflake_trans.accepted_values_stg_transactions_txn_type__DEPOSIT__WITHDRAWAL__TRANSFER.ee9aed38b8
[0m22:11:51.717718 [info ] [Thread-3 (]: 13 of 22 START test accepted_values_stg_transactions_txn_type__DEPOSIT__WITHDRAWAL__TRANSFER  [RUN]
[0m22:11:51.718089 [debug] [Thread-3 (]: Re-using an available connection from the pool (formerly test.dbt_snowflake_trans.unique_stg_customers_customer_id.c7614daada, now test.dbt_snowflake_trans.accepted_values_stg_transactions_txn_type__DEPOSIT__WITHDRAWAL__TRANSFER.ee9aed38b8)
[0m22:11:51.718378 [debug] [Thread-3 (]: Began compiling node test.dbt_snowflake_trans.accepted_values_stg_transactions_txn_type__DEPOSIT__WITHDRAWAL__TRANSFER.ee9aed38b8
[0m22:11:51.722635 [debug] [Thread-3 (]: Writing injected SQL for node "test.dbt_snowflake_trans.accepted_values_stg_transactions_txn_type__DEPOSIT__WITHDRAWAL__TRANSFER.ee9aed38b8"
[0m22:11:51.723057 [debug] [Thread-3 (]: Began executing node test.dbt_snowflake_trans.accepted_values_stg_transactions_txn_type__DEPOSIT__WITHDRAWAL__TRANSFER.ee9aed38b8
[0m22:11:51.724809 [debug] [Thread-3 (]: Writing runtime sql for node "test.dbt_snowflake_trans.accepted_values_stg_transactions_txn_type__DEPOSIT__WITHDRAWAL__TRANSFER.ee9aed38b8"
[0m22:11:51.725519 [debug] [Thread-3 (]: Using snowflake connection "test.dbt_snowflake_trans.accepted_values_stg_transactions_txn_type__DEPOSIT__WITHDRAWAL__TRANSFER.ee9aed38b8"
[0m22:11:51.725810 [debug] [Thread-3 (]: On test.dbt_snowflake_trans.accepted_values_stg_transactions_txn_type__DEPOSIT__WITHDRAWAL__TRANSFER.ee9aed38b8: select
      count(*) as failures,
      count(*) != 0 as should_warn,
      count(*) != 0 as should_error
    from (
      
    
  
    
    

with all_values as (

    select
        txn_type as value_field,
        count(*) as n_records

    from E2E_DB.RAW.stg_transactions
    group by txn_type

)

select *
from all_values
where value_field not in (
    'DEPOSIT','WITHDRAWAL','TRANSFER'
)



  
  
      
    ) dbt_internal_test
/* {"app": "dbt", "dbt_version": "1.11.0b4", "profile_name": "dbt_snowflake_trans", "target_name": "dev", "node_id": "test.dbt_snowflake_trans.accepted_values_stg_transactions_txn_type__DEPOSIT__WITHDRAWAL__TRANSFER.ee9aed38b8"} */
[0m22:11:51.730088 [debug] [Thread-1 (]: SQL status: SUCCESS 1 in 0.133 seconds
[0m22:11:51.731641 [info ] [Thread-1 (]: 10 of 22 PASS relationships_stg_accounts_customer_id__customer_id__ref_stg_customers_  [[32mPASS[0m in 0.16s]
[0m22:11:51.732067 [debug] [Thread-1 (]: Finished running node test.dbt_snowflake_trans.relationships_stg_accounts_customer_id__customer_id__ref_stg_customers_.5f49160326
[0m22:11:51.732343 [debug] [Thread-1 (]: Began running node test.dbt_snowflake_trans.not_null_stg_transactions_account_id.a7d212da1d
[0m22:11:51.732736 [info ] [Thread-1 (]: 14 of 22 START test not_null_stg_transactions_account_id ....................... [RUN]
[0m22:11:51.733079 [debug] [Thread-1 (]: Re-using an available connection from the pool (formerly test.dbt_snowflake_trans.relationships_stg_accounts_customer_id__customer_id__ref_stg_customers_.5f49160326, now test.dbt_snowflake_trans.not_null_stg_transactions_account_id.a7d212da1d)
[0m22:11:51.733340 [debug] [Thread-1 (]: Began compiling node test.dbt_snowflake_trans.not_null_stg_transactions_account_id.a7d212da1d
[0m22:11:51.736177 [debug] [Thread-1 (]: Writing injected SQL for node "test.dbt_snowflake_trans.not_null_stg_transactions_account_id.a7d212da1d"
[0m22:11:51.736623 [debug] [Thread-1 (]: Began executing node test.dbt_snowflake_trans.not_null_stg_transactions_account_id.a7d212da1d
[0m22:11:51.738307 [debug] [Thread-1 (]: Writing runtime sql for node "test.dbt_snowflake_trans.not_null_stg_transactions_account_id.a7d212da1d"
[0m22:11:51.738896 [debug] [Thread-1 (]: Using snowflake connection "test.dbt_snowflake_trans.not_null_stg_transactions_account_id.a7d212da1d"
[0m22:11:51.739176 [debug] [Thread-1 (]: On test.dbt_snowflake_trans.not_null_stg_transactions_account_id.a7d212da1d: select
      count(*) as failures,
      count(*) != 0 as should_warn,
      count(*) != 0 as should_error
    from (
      
    
  
    
    



select account_id
from E2E_DB.RAW.stg_transactions
where account_id is null



  
  
      
    ) dbt_internal_test
/* {"app": "dbt", "dbt_version": "1.11.0b4", "profile_name": "dbt_snowflake_trans", "target_name": "dev", "node_id": "test.dbt_snowflake_trans.not_null_stg_transactions_account_id.a7d212da1d"} */
[0m22:11:51.842946 [debug] [Thread-1 (]: SQL status: SUCCESS 1 in 0.103 seconds
[0m22:11:51.844703 [debug] [Thread-2 (]: SQL status: SUCCESS 1 in 0.143 seconds
[0m22:11:51.846454 [info ] [Thread-1 (]: 14 of 22 PASS not_null_stg_transactions_account_id ............................. [[32mPASS[0m in 0.11s]
[0m22:11:51.849063 [info ] [Thread-2 (]: 12 of 22 PASS unique_stg_customers_email ....................................... [[32mPASS[0m in 0.15s]
[0m22:11:51.850016 [debug] [Thread-3 (]: SQL status: SUCCESS 1 in 0.124 seconds
[0m22:11:51.850451 [debug] [Thread-1 (]: Finished running node test.dbt_snowflake_trans.not_null_stg_transactions_account_id.a7d212da1d
[0m22:11:51.850864 [debug] [Thread-2 (]: Finished running node test.dbt_snowflake_trans.unique_stg_customers_email.1ebcb2333e
[0m22:11:51.853235 [info ] [Thread-3 (]: 13 of 22 PASS accepted_values_stg_transactions_txn_type__DEPOSIT__WITHDRAWAL__TRANSFER  [[32mPASS[0m in 0.13s]
[0m22:11:51.853846 [debug] [Thread-1 (]: Began running node test.dbt_snowflake_trans.not_null_stg_transactions_transaction_id.1d00a8e2e4
[0m22:11:51.854376 [debug] [Thread-2 (]: Began running node test.dbt_snowflake_trans.relationships_stg_transactions_account_id__account_id__ref_stg_accounts_.c0d3771e54
[0m22:11:51.855095 [debug] [Thread-3 (]: Finished running node test.dbt_snowflake_trans.accepted_values_stg_transactions_txn_type__DEPOSIT__WITHDRAWAL__TRANSFER.ee9aed38b8
[0m22:11:51.855630 [info ] [Thread-1 (]: 15 of 22 START test not_null_stg_transactions_transaction_id ................... [RUN]
[0m22:11:51.856086 [info ] [Thread-2 (]: 16 of 22 START test relationships_stg_transactions_account_id__account_id__ref_stg_accounts_  [RUN]
[0m22:11:51.856496 [debug] [Thread-3 (]: Began running node test.dbt_snowflake_trans.unique_stg_transactions_transaction_id.ee9a78a396
[0m22:11:51.856831 [debug] [Thread-1 (]: Re-using an available connection from the pool (formerly test.dbt_snowflake_trans.not_null_stg_transactions_account_id.a7d212da1d, now test.dbt_snowflake_trans.not_null_stg_transactions_transaction_id.1d00a8e2e4)
[0m22:11:51.857308 [debug] [Thread-2 (]: Re-using an available connection from the pool (formerly test.dbt_snowflake_trans.unique_stg_customers_email.1ebcb2333e, now test.dbt_snowflake_trans.relationships_stg_transactions_account_id__account_id__ref_stg_accounts_.c0d3771e54)
[0m22:11:51.857637 [info ] [Thread-3 (]: 17 of 22 START test unique_stg_transactions_transaction_id ..................... [RUN]
[0m22:11:51.857960 [debug] [Thread-1 (]: Began compiling node test.dbt_snowflake_trans.not_null_stg_transactions_transaction_id.1d00a8e2e4
[0m22:11:51.858246 [debug] [Thread-2 (]: Began compiling node test.dbt_snowflake_trans.relationships_stg_transactions_account_id__account_id__ref_stg_accounts_.c0d3771e54
[0m22:11:51.858627 [debug] [Thread-3 (]: Re-using an available connection from the pool (formerly test.dbt_snowflake_trans.accepted_values_stg_transactions_txn_type__DEPOSIT__WITHDRAWAL__TRANSFER.ee9aed38b8, now test.dbt_snowflake_trans.unique_stg_transactions_transaction_id.ee9a78a396)
[0m22:11:51.863052 [debug] [Thread-1 (]: Writing injected SQL for node "test.dbt_snowflake_trans.not_null_stg_transactions_transaction_id.1d00a8e2e4"
[0m22:11:51.869676 [debug] [Thread-2 (]: Writing injected SQL for node "test.dbt_snowflake_trans.relationships_stg_transactions_account_id__account_id__ref_stg_accounts_.c0d3771e54"
[0m22:11:51.870295 [debug] [Thread-3 (]: Began compiling node test.dbt_snowflake_trans.unique_stg_transactions_transaction_id.ee9a78a396
[0m22:11:51.870890 [debug] [Thread-1 (]: Began executing node test.dbt_snowflake_trans.not_null_stg_transactions_transaction_id.1d00a8e2e4
[0m22:11:51.873809 [debug] [Thread-3 (]: Writing injected SQL for node "test.dbt_snowflake_trans.unique_stg_transactions_transaction_id.ee9a78a396"
[0m22:11:51.875813 [debug] [Thread-1 (]: Writing runtime sql for node "test.dbt_snowflake_trans.not_null_stg_transactions_transaction_id.1d00a8e2e4"
[0m22:11:51.876448 [debug] [Thread-2 (]: Began executing node test.dbt_snowflake_trans.relationships_stg_transactions_account_id__account_id__ref_stg_accounts_.c0d3771e54
[0m22:11:51.877055 [debug] [Thread-3 (]: Began executing node test.dbt_snowflake_trans.unique_stg_transactions_transaction_id.ee9a78a396
[0m22:11:51.879672 [debug] [Thread-2 (]: Writing runtime sql for node "test.dbt_snowflake_trans.relationships_stg_transactions_account_id__account_id__ref_stg_accounts_.c0d3771e54"
[0m22:11:51.880365 [debug] [Thread-1 (]: Using snowflake connection "test.dbt_snowflake_trans.not_null_stg_transactions_transaction_id.1d00a8e2e4"
[0m22:11:51.881957 [debug] [Thread-3 (]: Writing runtime sql for node "test.dbt_snowflake_trans.unique_stg_transactions_transaction_id.ee9a78a396"
[0m22:11:51.882454 [debug] [Thread-1 (]: On test.dbt_snowflake_trans.not_null_stg_transactions_transaction_id.1d00a8e2e4: select
      count(*) as failures,
      count(*) != 0 as should_warn,
      count(*) != 0 as should_error
    from (
      
    
  
    
    



select transaction_id
from E2E_DB.RAW.stg_transactions
where transaction_id is null



  
  
      
    ) dbt_internal_test
/* {"app": "dbt", "dbt_version": "1.11.0b4", "profile_name": "dbt_snowflake_trans", "target_name": "dev", "node_id": "test.dbt_snowflake_trans.not_null_stg_transactions_transaction_id.1d00a8e2e4"} */
[0m22:11:51.883916 [debug] [Thread-2 (]: Using snowflake connection "test.dbt_snowflake_trans.relationships_stg_transactions_account_id__account_id__ref_stg_accounts_.c0d3771e54"
[0m22:11:51.885119 [debug] [Thread-2 (]: On test.dbt_snowflake_trans.relationships_stg_transactions_account_id__account_id__ref_stg_accounts_.c0d3771e54: select
      count(*) as failures,
      count(*) != 0 as should_warn,
      count(*) != 0 as should_error
    from (
      
    
  
    
    

with child as (
    select account_id as from_field
    from E2E_DB.RAW.stg_transactions
    where account_id is not null
),

parent as (
    select account_id as to_field
    from E2E_DB.RAW.stg_accounts
)

select
    from_field

from child
left join parent
    on child.from_field = parent.to_field

where parent.to_field is null



  
  
      
    ) dbt_internal_test
/* {"app": "dbt", "dbt_version": "1.11.0b4", "profile_name": "dbt_snowflake_trans", "target_name": "dev", "node_id": "test.dbt_snowflake_trans.relationships_stg_transactions_account_id__account_id__ref_stg_accounts_.c0d3771e54"} */
[0m22:11:51.886457 [debug] [Thread-3 (]: Using snowflake connection "test.dbt_snowflake_trans.unique_stg_transactions_transaction_id.ee9a78a396"
[0m22:11:51.887264 [debug] [Thread-3 (]: On test.dbt_snowflake_trans.unique_stg_transactions_transaction_id.ee9a78a396: select
      count(*) as failures,
      count(*) != 0 as should_warn,
      count(*) != 0 as should_error
    from (
      
    
  
    
    

select
    transaction_id as unique_field,
    count(*) as n_records

from E2E_DB.RAW.stg_transactions
where transaction_id is not null
group by transaction_id
having count(*) > 1



  
  
      
    ) dbt_internal_test
/* {"app": "dbt", "dbt_version": "1.11.0b4", "profile_name": "dbt_snowflake_trans", "target_name": "dev", "node_id": "test.dbt_snowflake_trans.unique_stg_transactions_transaction_id.ee9a78a396"} */
[0m22:11:51.945952 [debug] [Thread-4 (]: SQL status: SUCCESS 1 in 0.599 seconds
[0m22:11:51.947608 [info ] [Thread-4 (]: 4 of 22 PASS accepted_values_stg_accounts_account_type__SAVINGS__CHECKING ...... [[32mPASS[0m in 0.66s]
[0m22:11:51.948079 [debug] [Thread-4 (]: Finished running node test.dbt_snowflake_trans.accepted_values_stg_accounts_account_type__SAVINGS__CHECKING.1bf6c16db4
[0m22:11:51.948374 [debug] [Thread-4 (]: Began running node snapshot.dbt_snowflake_trans.snp_customers
[0m22:11:51.948744 [info ] [Thread-4 (]: 18 of 22 START snapshot SNAPSHOTS.snp_customers ................................ [RUN]
[0m22:11:51.949064 [debug] [Thread-4 (]: Re-using an available connection from the pool (formerly test.dbt_snowflake_trans.accepted_values_stg_accounts_account_type__SAVINGS__CHECKING.1bf6c16db4, now snapshot.dbt_snowflake_trans.snp_customers)
[0m22:11:51.949319 [debug] [Thread-4 (]: Began compiling node snapshot.dbt_snowflake_trans.snp_customers
[0m22:11:51.951569 [debug] [Thread-4 (]: Began executing node snapshot.dbt_snowflake_trans.snp_customers
[0m22:11:51.999727 [debug] [Thread-4 (]: Using snowflake connection "snapshot.dbt_snowflake_trans.snp_customers"
[0m22:11:52.000626 [debug] [Thread-4 (]: On snapshot.dbt_snowflake_trans.snp_customers: select * from (
        
    

    select *,
        md5(coalesce(cast(customer_id as varchar ), '')
         || '|' || coalesce(cast(last_updated_at as varchar ), '')
        ) as dbt_scd_id,
        last_updated_at as dbt_updated_at,
        last_updated_at as dbt_valid_from,
        
  
  coalesce(nullif(last_updated_at, last_updated_at), null)
  as dbt_valid_to
from (
        




SELECT * FROM E2E_DB.RAW.stg_customers

    ) sbq



    ) as __dbt_sbq
    where false
    limit 0
/* {"app": "dbt", "dbt_version": "1.11.0b4", "profile_name": "dbt_snowflake_trans", "target_name": "dev", "node_id": "snapshot.dbt_snowflake_trans.snp_customers"} */
/* {"app": "dbt", "dbt_version": "1.11.0b4", "profile_name": "dbt_snowflake_trans", "target_name": "dev", "node_id": "snapshot.dbt_snowflake_trans.snp_customers"} */
[0m22:11:52.001677 [debug] [Thread-1 (]: SQL status: SUCCESS 1 in 0.119 seconds
[0m22:11:52.004114 [debug] [Thread-3 (]: SQL status: SUCCESS 1 in 0.116 seconds
[0m22:11:52.003399 [info ] [Thread-1 (]: 15 of 22 PASS not_null_stg_transactions_transaction_id ......................... [[32mPASS[0m in 0.15s]
[0m22:11:52.006159 [info ] [Thread-3 (]: 17 of 22 PASS unique_stg_transactions_transaction_id ........................... [[32mPASS[0m in 0.15s]
[0m22:11:52.007150 [debug] [Thread-1 (]: Finished running node test.dbt_snowflake_trans.not_null_stg_transactions_transaction_id.1d00a8e2e4
[0m22:11:52.007913 [debug] [Thread-3 (]: Finished running node test.dbt_snowflake_trans.unique_stg_transactions_transaction_id.ee9a78a396
[0m22:11:52.008751 [debug] [Thread-2 (]: SQL status: SUCCESS 1 in 0.123 seconds
[0m22:11:52.009425 [debug] [Thread-1 (]: Began running node snapshot.dbt_snowflake_trans.snp_accounts
[0m22:11:52.011997 [info ] [Thread-2 (]: 16 of 22 PASS relationships_stg_transactions_account_id__account_id__ref_stg_accounts_  [[32mPASS[0m in 0.15s]
[0m22:11:52.012747 [info ] [Thread-1 (]: 19 of 22 START snapshot SNAPSHOTS.snp_accounts ................................. [RUN]
[0m22:11:52.013575 [debug] [Thread-2 (]: Finished running node test.dbt_snowflake_trans.relationships_stg_transactions_account_id__account_id__ref_stg_accounts_.c0d3771e54
[0m22:11:52.014114 [debug] [Thread-1 (]: Re-using an available connection from the pool (formerly test.dbt_snowflake_trans.not_null_stg_transactions_transaction_id.1d00a8e2e4, now snapshot.dbt_snowflake_trans.snp_accounts)
[0m22:11:52.014764 [debug] [Thread-1 (]: Began compiling node snapshot.dbt_snowflake_trans.snp_accounts
[0m22:11:52.018398 [debug] [Thread-1 (]: Began executing node snapshot.dbt_snowflake_trans.snp_accounts
[0m22:11:52.018741 [debug] [Thread-3 (]: Began running node model.dbt_snowflake_trans.fact_transactions
[0m22:11:52.021713 [debug] [Thread-1 (]: Using snowflake connection "snapshot.dbt_snowflake_trans.snp_accounts"
[0m22:11:52.022292 [info ] [Thread-3 (]: 20 of 22 START sql incremental model RAW.fact_transactions ..................... [RUN]
[0m22:11:52.022684 [debug] [Thread-1 (]: On snapshot.dbt_snowflake_trans.snp_accounts: select * from (
        
    

    select *,
        md5(coalesce(cast(account_id as varchar ), '')
         || '|' || coalesce(cast(last_updated_at as varchar ), '')
        ) as dbt_scd_id,
        last_updated_at as dbt_updated_at,
        last_updated_at as dbt_valid_from,
        
  
  coalesce(nullif(last_updated_at, last_updated_at), null)
  as dbt_valid_to
from (
        



SELECT * FROM E2E_DB.RAW.stg_accounts

    ) sbq



    ) as __dbt_sbq
    where false
    limit 0
/* {"app": "dbt", "dbt_version": "1.11.0b4", "profile_name": "dbt_snowflake_trans", "target_name": "dev", "node_id": "snapshot.dbt_snowflake_trans.snp_accounts"} */
/* {"app": "dbt", "dbt_version": "1.11.0b4", "profile_name": "dbt_snowflake_trans", "target_name": "dev", "node_id": "snapshot.dbt_snowflake_trans.snp_accounts"} */
[0m22:11:52.023253 [debug] [Thread-3 (]: Re-using an available connection from the pool (formerly test.dbt_snowflake_trans.unique_stg_transactions_transaction_id.ee9a78a396, now model.dbt_snowflake_trans.fact_transactions)
[0m22:11:52.024012 [debug] [Thread-3 (]: Began compiling node model.dbt_snowflake_trans.fact_transactions
[0m22:11:52.029376 [debug] [Thread-3 (]: Writing injected SQL for node "model.dbt_snowflake_trans.fact_transactions"
[0m22:11:52.030085 [debug] [Thread-3 (]: Began executing node model.dbt_snowflake_trans.fact_transactions
[0m22:11:52.057005 [debug] [Thread-3 (]: Using snowflake connection "model.dbt_snowflake_trans.fact_transactions"
[0m22:11:52.057437 [debug] [Thread-3 (]: On model.dbt_snowflake_trans.fact_transactions: create or replace temporary table E2E_DB.RAW.fact_transactions__dbt_tmp
as (
    

WITH transactions AS (
    SELECT * FROM E2E_DB.RAW.stg_transactions
    
    -- LOGIC INCREMENTAL:
    -- Chỉ lấy các giao dịch có thời gian xử lý (processed_at) LỚN HƠN 
    -- thời gian max hiện có trong bảng đích (this).
    
    WHERE processed_at > (SELECT MAX(processed_at) FROM E2E_DB.RAW.fact_transactions)
    
),

-- Join thêm thông tin Account để lấy Customer ID (Denormalization)
accounts AS (
    SELECT account_id, customer_id FROM E2E_DB.RAW.stg_accounts
)

SELECT
    t.transaction_id,
    t.account_id,
    a.customer_id, 
    
    t.txn_type,
    t.status,
    t.amount,
    
    -- Tách Date Dimension (Ngày/Tháng/Năm) phục vụ Partitioning hoặc Filter nhanh
    DATE(t.created_at) AS transaction_date_key,
    YEAR(t.created_at) AS transaction_year,
    MONTH(t.created_at) AS transaction_month,
    
    t.created_at AS transaction_timestamp,
    t.processed_at, -- Cột mốc để chạy incremental
    current_timestamp() AS dwh_load_at

FROM transactions t
LEFT JOIN accounts a ON t.account_id = a.account_id
    )

/* {"app": "dbt", "dbt_version": "1.11.0b4", "profile_name": "dbt_snowflake_trans", "target_name": "dev", "node_id": "model.dbt_snowflake_trans.fact_transactions"} */;
[0m22:11:52.105800 [debug] [Thread-4 (]: SQL status: SUCCESS 0 in 0.105 seconds
[0m22:11:52.110539 [debug] [Thread-4 (]: Using snowflake connection "snapshot.dbt_snowflake_trans.snp_customers"
[0m22:11:52.110852 [debug] [Thread-4 (]: On snapshot.dbt_snowflake_trans.snp_customers: select * from (
        select to_timestamp_ntz(convert_timezone('UTC', current_timestamp())) as dbt_snapshot_time
    ) as __dbt_sbq
    where false
    limit 0
/* {"app": "dbt", "dbt_version": "1.11.0b4", "profile_name": "dbt_snowflake_trans", "target_name": "dev", "node_id": "snapshot.dbt_snowflake_trans.snp_customers"} */
/* {"app": "dbt", "dbt_version": "1.11.0b4", "profile_name": "dbt_snowflake_trans", "target_name": "dev", "node_id": "snapshot.dbt_snowflake_trans.snp_customers"} */
[0m22:11:52.125554 [debug] [Thread-1 (]: SQL status: SUCCESS 0 in 0.102 seconds
[0m22:11:52.126617 [debug] [Thread-1 (]: Using snowflake connection "snapshot.dbt_snowflake_trans.snp_accounts"
[0m22:11:52.126914 [debug] [Thread-1 (]: On snapshot.dbt_snowflake_trans.snp_accounts: select * from (
        select to_timestamp_ntz(convert_timezone('UTC', current_timestamp())) as dbt_snapshot_time
    ) as __dbt_sbq
    where false
    limit 0
/* {"app": "dbt", "dbt_version": "1.11.0b4", "profile_name": "dbt_snowflake_trans", "target_name": "dev", "node_id": "snapshot.dbt_snowflake_trans.snp_accounts"} */
/* {"app": "dbt", "dbt_version": "1.11.0b4", "profile_name": "dbt_snowflake_trans", "target_name": "dev", "node_id": "snapshot.dbt_snowflake_trans.snp_accounts"} */
[0m22:11:52.294567 [debug] [Thread-1 (]: SQL status: SUCCESS 0 in 0.167 seconds
[0m22:11:52.294967 [warn ] [Thread-1 (]: Data type of snapshot table timestamp columns (TIMESTAMP_NTZ) doesn't match derived column 'updated_at' (FIXED). Please update snapshot config 'updated_at'.
[0m22:11:52.295426 [debug] [Thread-1 (]: Writing runtime sql for node "snapshot.dbt_snowflake_trans.snp_accounts"
[0m22:11:52.296204 [debug] [Thread-1 (]: Using snowflake connection "snapshot.dbt_snowflake_trans.snp_accounts"
[0m22:11:52.296518 [debug] [Thread-1 (]: On snapshot.dbt_snowflake_trans.snp_accounts: create or replace transient table E2E_DB.SNAPSHOTS.snp_accounts
    
    
    
    as (
    

    select *,
        md5(coalesce(cast(account_id as varchar ), '')
         || '|' || coalesce(cast(last_updated_at as varchar ), '')
        ) as dbt_scd_id,
        last_updated_at as dbt_updated_at,
        last_updated_at as dbt_valid_from,
        
  
  coalesce(nullif(last_updated_at, last_updated_at), null)
  as dbt_valid_to
from (
        



SELECT * FROM E2E_DB.RAW.stg_accounts

    ) sbq



    )

/* {"app": "dbt", "dbt_version": "1.11.0b4", "profile_name": "dbt_snowflake_trans", "target_name": "dev", "node_id": "snapshot.dbt_snowflake_trans.snp_accounts"} */;
[0m22:11:52.360070 [debug] [Thread-3 (]: SQL status: SUCCESS 1 in 0.302 seconds
[0m22:11:52.366277 [debug] [Thread-3 (]: Using snowflake connection "model.dbt_snowflake_trans.fact_transactions"
[0m22:11:52.366615 [debug] [Thread-3 (]: On model.dbt_snowflake_trans.fact_transactions: describe table E2E_DB.RAW.fact_transactions__dbt_tmp
/* {"app": "dbt", "dbt_version": "1.11.0b4", "profile_name": "dbt_snowflake_trans", "target_name": "dev", "node_id": "model.dbt_snowflake_trans.fact_transactions"} */
[0m22:11:52.390238 [debug] [Thread-1 (]: Snowflake adapter: Snowflake query id: 01c09b8f-3202-20f8-0011-44ea000432a2
[0m22:11:52.390627 [debug] [Thread-1 (]: Snowflake adapter: Snowflake error: 002025 (42S21): SQL compilation error:
duplicate column name 'DBT_UPDATED_AT'
[0m22:11:52.393042 [debug] [Thread-1 (]: Database Error in snapshot snp_accounts (snapshots/snp_accounts.sql)
  002025 (42S21): SQL compilation error:
  duplicate column name 'DBT_UPDATED_AT'
  compiled code at target/run/dbt_snowflake_trans/snapshots/snp_accounts.sql
[0m22:11:52.393429 [debug] [Thread-1 (]: Sending event: {'category': 'dbt', 'action': 'run_model', 'label': 'ca50d99a-8fac-4da1-9ada-e91d6c33ee56', 'context': [<snowplow_tracker.self_describing_json.SelfDescribingJson object at 0x7fb1882d1310>]}
[0m22:11:52.394033 [error] [Thread-1 (]: 19 of 22 ERROR snapshotting SNAPSHOTS.snp_accounts ............................. [[31mERROR[0m in 0.38s]
[0m22:11:52.394456 [debug] [Thread-1 (]: Finished running node snapshot.dbt_snowflake_trans.snp_accounts
[0m22:11:52.395127 [debug] [Thread-7 (]: Marking all children of 'snapshot.dbt_snowflake_trans.snp_accounts' to be skipped because of status 'error'.  Reason: Database Error in snapshot snp_accounts (snapshots/snp_accounts.sql)
  002025 (42S21): SQL compilation error:
  duplicate column name 'DBT_UPDATED_AT'
  compiled code at target/run/dbt_snowflake_trans/snapshots/snp_accounts.sql.
[0m22:11:52.396343 [debug] [Thread-2 (]: Began running node model.dbt_snowflake_trans.dim_accounts
[0m22:11:52.396680 [info ] [Thread-2 (]: 21 of 22 SKIP relation RAW.dim_accounts ........................................ [[33mSKIP[0m]
[0m22:11:52.396983 [debug] [Thread-2 (]: Finished running node model.dbt_snowflake_trans.dim_accounts
[0m22:11:52.397355 [debug] [Thread-7 (]: Marking all children of 'model.dbt_snowflake_trans.dim_accounts' to be skipped because of status 'skipped'. 
[0m22:11:52.478148 [debug] [Thread-3 (]: SQL status: SUCCESS 12 in 0.111 seconds
[0m22:11:52.480930 [debug] [Thread-3 (]: Using snowflake connection "model.dbt_snowflake_trans.fact_transactions"
[0m22:11:52.481242 [debug] [Thread-3 (]: On model.dbt_snowflake_trans.fact_transactions: describe table E2E_DB.RAW.fact_transactions
/* {"app": "dbt", "dbt_version": "1.11.0b4", "profile_name": "dbt_snowflake_trans", "target_name": "dev", "node_id": "model.dbt_snowflake_trans.fact_transactions"} */
[0m22:11:52.559721 [debug] [Thread-3 (]: SQL status: SUCCESS 12 in 0.078 seconds
[0m22:11:52.567363 [debug] [Thread-3 (]: Using snowflake connection "model.dbt_snowflake_trans.fact_transactions"
[0m22:11:52.568004 [debug] [Thread-3 (]: On model.dbt_snowflake_trans.fact_transactions: describe table "E2E_DB"."RAW"."FACT_TRANSACTIONS"
/* {"app": "dbt", "dbt_version": "1.11.0b4", "profile_name": "dbt_snowflake_trans", "target_name": "dev", "node_id": "model.dbt_snowflake_trans.fact_transactions"} */
[0m22:11:52.625002 [debug] [Thread-4 (]: SQL status: SUCCESS 0 in 0.514 seconds
[0m22:11:52.625442 [warn ] [Thread-4 (]: Data type of snapshot table timestamp columns (TIMESTAMP_NTZ) doesn't match derived column 'updated_at' (FIXED). Please update snapshot config 'updated_at'.
[0m22:11:52.625908 [debug] [Thread-4 (]: Writing runtime sql for node "snapshot.dbt_snowflake_trans.snp_customers"
[0m22:11:52.626734 [debug] [Thread-4 (]: Using snowflake connection "snapshot.dbt_snowflake_trans.snp_customers"
[0m22:11:52.627036 [debug] [Thread-4 (]: On snapshot.dbt_snowflake_trans.snp_customers: create or replace transient table E2E_DB.SNAPSHOTS.snp_customers
    
    
    
    as (
    

    select *,
        md5(coalesce(cast(customer_id as varchar ), '')
         || '|' || coalesce(cast(last_updated_at as varchar ), '')
        ) as dbt_scd_id,
        last_updated_at as dbt_updated_at,
        last_updated_at as dbt_valid_from,
        
  
  coalesce(nullif(last_updated_at, last_updated_at), null)
  as dbt_valid_to
from (
        




SELECT * FROM E2E_DB.RAW.stg_customers

    ) sbq



    )

/* {"app": "dbt", "dbt_version": "1.11.0b4", "profile_name": "dbt_snowflake_trans", "target_name": "dev", "node_id": "snapshot.dbt_snowflake_trans.snp_customers"} */;
[0m22:11:52.649961 [debug] [Thread-3 (]: SQL status: SUCCESS 12 in 0.081 seconds
[0m22:11:52.662683 [debug] [Thread-3 (]: Writing runtime sql for node "model.dbt_snowflake_trans.fact_transactions"
[0m22:11:52.663557 [debug] [Thread-3 (]: Using snowflake connection "model.dbt_snowflake_trans.fact_transactions"
[0m22:11:52.663845 [debug] [Thread-3 (]: On model.dbt_snowflake_trans.fact_transactions: BEGIN
/* {"app": "dbt", "dbt_version": "1.11.0b4", "profile_name": "dbt_snowflake_trans", "target_name": "dev", "node_id": "model.dbt_snowflake_trans.fact_transactions"} */
[0m22:11:52.751216 [debug] [Thread-4 (]: Snowflake adapter: Snowflake query id: 01c09b8f-3202-20f8-0011-44ea000432b2
[0m22:11:52.751603 [debug] [Thread-4 (]: Snowflake adapter: Snowflake error: 002025 (42S21): SQL compilation error:
duplicate column name 'DBT_UPDATED_AT'
[0m22:11:52.753810 [debug] [Thread-4 (]: Database Error in snapshot snp_customers (snapshots/snp_customers.sql)
  002025 (42S21): SQL compilation error:
  duplicate column name 'DBT_UPDATED_AT'
  compiled code at target/run/dbt_snowflake_trans/snapshots/snp_customers.sql
[0m22:11:52.754175 [debug] [Thread-4 (]: Sending event: {'category': 'dbt', 'action': 'run_model', 'label': 'ca50d99a-8fac-4da1-9ada-e91d6c33ee56', 'context': [<snowplow_tracker.self_describing_json.SelfDescribingJson object at 0x7fb18821be90>]}
[0m22:11:52.754759 [error] [Thread-4 (]: 18 of 22 ERROR snapshotting SNAPSHOTS.snp_customers ............................ [[31mERROR[0m in 0.81s]
[0m22:11:52.755162 [debug] [Thread-4 (]: Finished running node snapshot.dbt_snowflake_trans.snp_customers
[0m22:11:52.755550 [debug] [Thread-7 (]: Marking all children of 'snapshot.dbt_snowflake_trans.snp_customers' to be skipped because of status 'error'.  Reason: Database Error in snapshot snp_customers (snapshots/snp_customers.sql)
  002025 (42S21): SQL compilation error:
  duplicate column name 'DBT_UPDATED_AT'
  compiled code at target/run/dbt_snowflake_trans/snapshots/snp_customers.sql.
[0m22:11:52.756103 [debug] [Thread-1 (]: Began running node model.dbt_snowflake_trans.dim_customers
[0m22:11:52.756414 [info ] [Thread-1 (]: 22 of 22 SKIP relation RAW.dim_customers ....................................... [[33mSKIP[0m]
[0m22:11:52.756708 [debug] [Thread-1 (]: Finished running node model.dbt_snowflake_trans.dim_customers
[0m22:11:52.757054 [debug] [Thread-7 (]: Marking all children of 'model.dbt_snowflake_trans.dim_customers' to be skipped because of status 'skipped'. 
[0m22:11:52.776528 [debug] [Thread-3 (]: SQL status: SUCCESS 1 in 0.112 seconds
[0m22:11:52.776949 [debug] [Thread-3 (]: Using snowflake connection "model.dbt_snowflake_trans.fact_transactions"
[0m22:11:52.777237 [debug] [Thread-3 (]: On model.dbt_snowflake_trans.fact_transactions: delete from E2E_DB.RAW.fact_transactions as DBT_INTERNAL_DEST
        where (transaction_id) in (
            select distinct transaction_id
            from E2E_DB.RAW.fact_transactions__dbt_tmp as DBT_INTERNAL_SOURCE
        )
/* {"app": "dbt", "dbt_version": "1.11.0b4", "profile_name": "dbt_snowflake_trans", "target_name": "dev", "node_id": "model.dbt_snowflake_trans.fact_transactions"} */;
[0m22:11:53.034184 [debug] [Thread-3 (]: SQL status: SUCCESS 0 in 0.257 seconds
[0m22:11:53.034588 [debug] [Thread-3 (]: Using snowflake connection "model.dbt_snowflake_trans.fact_transactions"
[0m22:11:53.034866 [debug] [Thread-3 (]: On model.dbt_snowflake_trans.fact_transactions: insert into E2E_DB.RAW.fact_transactions ("TRANSACTION_ID", "ACCOUNT_ID", "CUSTOMER_ID", "TXN_TYPE", "STATUS", "AMOUNT", "TRANSACTION_DATE_KEY", "TRANSACTION_YEAR", "TRANSACTION_MONTH", "TRANSACTION_TIMESTAMP", "PROCESSED_AT", "DWH_LOAD_AT")
    (
        select "TRANSACTION_ID", "ACCOUNT_ID", "CUSTOMER_ID", "TXN_TYPE", "STATUS", "AMOUNT", "TRANSACTION_DATE_KEY", "TRANSACTION_YEAR", "TRANSACTION_MONTH", "TRANSACTION_TIMESTAMP", "PROCESSED_AT", "DWH_LOAD_AT"
        from E2E_DB.RAW.fact_transactions__dbt_tmp
    )
/* {"app": "dbt", "dbt_version": "1.11.0b4", "profile_name": "dbt_snowflake_trans", "target_name": "dev", "node_id": "model.dbt_snowflake_trans.fact_transactions"} */;
[0m22:11:53.163472 [debug] [Thread-3 (]: SQL status: SUCCESS 0 in 0.128 seconds
[0m22:11:53.164249 [debug] [Thread-3 (]: Using snowflake connection "model.dbt_snowflake_trans.fact_transactions"
[0m22:11:53.164824 [debug] [Thread-3 (]: On model.dbt_snowflake_trans.fact_transactions: COMMIT
/* {"app": "dbt", "dbt_version": "1.11.0b4", "profile_name": "dbt_snowflake_trans", "target_name": "dev", "node_id": "model.dbt_snowflake_trans.fact_transactions"} */
[0m22:11:53.274906 [debug] [Thread-3 (]: SQL status: SUCCESS 1 in 0.110 seconds
[0m22:11:53.281536 [debug] [Thread-3 (]: Applying DROP to: E2E_DB.RAW.fact_transactions__dbt_tmp
[0m22:11:53.286779 [debug] [Thread-3 (]: Using snowflake connection "model.dbt_snowflake_trans.fact_transactions"
[0m22:11:53.287110 [debug] [Thread-3 (]: On model.dbt_snowflake_trans.fact_transactions: drop table if exists E2E_DB.RAW.fact_transactions__dbt_tmp cascade
/* {"app": "dbt", "dbt_version": "1.11.0b4", "profile_name": "dbt_snowflake_trans", "target_name": "dev", "node_id": "model.dbt_snowflake_trans.fact_transactions"} */
[0m22:11:53.397132 [debug] [Thread-3 (]: SQL status: SUCCESS 1 in 0.110 seconds
[0m22:11:53.408722 [debug] [Thread-3 (]: Sending event: {'category': 'dbt', 'action': 'run_model', 'label': 'ca50d99a-8fac-4da1-9ada-e91d6c33ee56', 'context': [<snowplow_tracker.self_describing_json.SelfDescribingJson object at 0x7fb18826ec90>]}
[0m22:11:53.409273 [info ] [Thread-3 (]: 20 of 22 OK created sql incremental model RAW.fact_transactions ................ [[32mSUCCESS 0[0m in 1.39s]
[0m22:11:53.409715 [debug] [Thread-3 (]: Finished running node model.dbt_snowflake_trans.fact_transactions
[0m22:11:53.411151 [debug] [MainThread]: Connection 'master' was properly closed.
[0m22:11:53.411655 [debug] [MainThread]: Connection 'test.dbt_snowflake_trans.relationships_stg_transactions_account_id__account_id__ref_stg_accounts_.c0d3771e54' was left open.
[0m22:11:53.412104 [debug] [MainThread]: On test.dbt_snowflake_trans.relationships_stg_transactions_account_id__account_id__ref_stg_accounts_.c0d3771e54: Close
[0m22:11:53.546877 [debug] [MainThread]: Connection 'snapshot.dbt_snowflake_trans.snp_accounts' was left open.
[0m22:11:53.547472 [debug] [MainThread]: On snapshot.dbt_snowflake_trans.snp_accounts: Close
[0m22:11:53.671391 [debug] [MainThread]: Connection 'model.dbt_snowflake_trans.fact_transactions' was left open.
[0m22:11:53.671786 [debug] [MainThread]: On model.dbt_snowflake_trans.fact_transactions: Close
[0m22:11:53.799975 [debug] [MainThread]: Connection 'snapshot.dbt_snowflake_trans.snp_customers' was left open.
[0m22:11:53.800343 [debug] [MainThread]: On snapshot.dbt_snowflake_trans.snp_customers: Close
[0m22:11:53.928312 [info ] [MainThread]: 
[0m22:11:53.928709 [info ] [MainThread]: Finished running 3 dynamic table models, 1 incremental model, 2 snapshots, 2 table models, 14 data tests in 0 hours 0 minutes and 3.79 seconds (3.79s).
[0m22:11:53.930821 [debug] [MainThread]: Command end result
[0m22:11:53.946328 [debug] [MainThread]: Wrote artifact WritableManifest to /home/phuoc19/Projects/end_to_end_aws/dbt_snowflake_trans/target/manifest.json
[0m22:11:53.947686 [debug] [MainThread]: Wrote artifact SemanticManifest to /home/phuoc19/Projects/end_to_end_aws/dbt_snowflake_trans/target/semantic_manifest.json
[0m22:11:53.952233 [debug] [MainThread]: Wrote artifact RunExecutionResult to /home/phuoc19/Projects/end_to_end_aws/dbt_snowflake_trans/target/run_results.json
[0m22:11:53.952524 [info ] [MainThread]: 
[0m22:11:53.952802 [info ] [MainThread]: [31mCompleted with 2 errors, 0 partial successes, and 0 warnings:[0m
[0m22:11:53.953038 [info ] [MainThread]: 
[0m22:11:53.953295 [error] [MainThread]: [31mFailure in snapshot snp_accounts (snapshots/snp_accounts.sql)[0m
[0m22:11:53.953543 [error] [MainThread]:   Database Error in snapshot snp_accounts (snapshots/snp_accounts.sql)
  002025 (42S21): SQL compilation error:
  duplicate column name 'DBT_UPDATED_AT'
  compiled code at target/run/dbt_snowflake_trans/snapshots/snp_accounts.sql
[0m22:11:53.953737 [info ] [MainThread]: 
[0m22:11:53.953959 [error] [MainThread]: [31mFailure in snapshot snp_customers (snapshots/snp_customers.sql)[0m
[0m22:11:53.954179 [error] [MainThread]:   Database Error in snapshot snp_customers (snapshots/snp_customers.sql)
  002025 (42S21): SQL compilation error:
  duplicate column name 'DBT_UPDATED_AT'
  compiled code at target/run/dbt_snowflake_trans/snapshots/snp_customers.sql
[0m22:11:53.954374 [info ] [MainThread]: 
[0m22:11:53.954599 [info ] [MainThread]: Done. PASS=18 WARN=0 ERROR=2 SKIP=2 NO-OP=0 TOTAL=22
[0m22:11:53.955203 [debug] [MainThread]: Resource report: {"command_name": "build", "command_success": false, "command_wall_clock_time": 4.6377144, "process_in_blocks": "0", "process_kernel_time": 0.173764, "process_mem_max_rss": "200444", "process_out_blocks": "2832", "process_user_time": 3.743935}
[0m22:11:53.955546 [debug] [MainThread]: Command `dbt build` failed at 22:11:53.955477 after 4.64 seconds
[0m22:11:53.955804 [debug] [MainThread]: Sending event: {'category': 'dbt', 'action': 'invocation', 'label': 'end', 'context': [<snowplow_tracker.self_describing_json.SelfDescribingJson object at 0x7fb1b81a49b0>, <snowplow_tracker.self_describing_json.SelfDescribingJson object at 0x7fb1ba1d18e0>, <snowplow_tracker.self_describing_json.SelfDescribingJson object at 0x7fb1b8f2c1a0>]}
[0m22:11:53.956053 [debug] [MainThread]: Flushing usage events
[0m22:11:55.440704 [debug] [MainThread]: An error was encountered while trying to flush usage events
[0m22:12:08.515079 [debug] [MainThread]: Sending event: {'category': 'dbt', 'action': 'invocation', 'label': 'start', 'context': [<snowplow_tracker.self_describing_json.SelfDescribingJson object at 0x7846d8c8a420>, <snowplow_tracker.self_describing_json.SelfDescribingJson object at 0x7846d89b3fb0>, <snowplow_tracker.self_describing_json.SelfDescribingJson object at 0x7846d8c8b1a0>]}


============================== 22:12:08.517971 | 8e2e6f07-f5a0-4d24-882b-6a251feec37a ==============================
[0m22:12:08.517971 [info ] [MainThread]: Running with dbt=1.11.0-b4
[0m22:12:08.518429 [debug] [MainThread]: running dbt with arguments {'no_print': 'None', 'warn_error': 'None', 'indirect_selection': 'eager', 'write_json': 'True', 'cache_selected_only': 'False', 'profiles_dir': '/home/phuoc19/.dbt', 'send_anonymous_usage_stats': 'True', 'introspect': 'True', 'use_experimental_parser': 'False', 'log_path': '/home/phuoc19/Projects/end_to_end_aws/dbt_snowflake_trans/logs', 'fail_fast': 'False', 'printer_width': '80', 'log_cache_events': 'False', 'empty': 'False', 'use_colors': 'True', 'invocation_command': 'dbt build --full-refresh', 'debug': 'False', 'static_parser': 'True', 'target_path': 'None', 'version_check': 'True', 'log_format': 'default', 'quiet': 'False', 'partial_parse': 'True', 'warn_error_options': 'WarnErrorOptionsV2(error=[], warn=[], silence=[])'}
[0m22:12:08.825693 [debug] [MainThread]: Snowflake adapter: Setting snowflake.connector to ERROR (file logging only)
[0m22:12:08.826036 [debug] [MainThread]: Snowflake adapter: Setting botocore to ERROR (file logging only)
[0m22:12:08.826275 [debug] [MainThread]: Snowflake adapter: Setting boto3 to ERROR (file logging only)
[0m22:12:08.948100 [debug] [MainThread]: Sending event: {'category': 'dbt', 'action': 'project_id', 'label': '8e2e6f07-f5a0-4d24-882b-6a251feec37a', 'context': [<snowplow_tracker.self_describing_json.SelfDescribingJson object at 0x7846aa9f7ce0>]}
[0m22:12:08.995031 [debug] [MainThread]: Sending event: {'category': 'dbt', 'action': 'adapter_info', 'label': '8e2e6f07-f5a0-4d24-882b-6a251feec37a', 'context': [<snowplow_tracker.self_describing_json.SelfDescribingJson object at 0x7846aa7bf800>]}
[0m22:12:08.995615 [info ] [MainThread]: Registered adapter: snowflake=1.10.3
[0m22:12:09.055002 [debug] [MainThread]: checksum: 57e51233fb2305050a86c940b93938a4d3a51a7b95f45f76840a20ffa12695aa, vars: {}, profile: , target: , version: 1.11.0b4
[0m22:12:09.142148 [debug] [MainThread]: Partial parsing enabled: 0 files deleted, 0 files added, 0 files changed.
[0m22:12:09.142439 [debug] [MainThread]: Partial parsing enabled, no changes found, skipping parsing
[0m22:12:09.146177 [warn ] [MainThread]: [[33mWARNING[0m]: Configuration paths exist in your dbt_project.yml file which do not apply to any resources.
There are 1 unused configuration paths:
- models.dbt_snowflake_trans.example
[0m22:12:09.182391 [debug] [MainThread]: Sending event: {'category': 'dbt', 'action': 'load_project', 'label': '8e2e6f07-f5a0-4d24-882b-6a251feec37a', 'context': [<snowplow_tracker.self_describing_json.SelfDescribingJson object at 0x7846aa57d2e0>]}
[0m22:12:09.246545 [debug] [MainThread]: Wrote artifact WritableManifest to /home/phuoc19/Projects/end_to_end_aws/dbt_snowflake_trans/target/manifest.json
[0m22:12:09.247674 [debug] [MainThread]: Wrote artifact SemanticManifest to /home/phuoc19/Projects/end_to_end_aws/dbt_snowflake_trans/target/semantic_manifest.json
[0m22:12:09.264590 [debug] [MainThread]: Sending event: {'category': 'dbt', 'action': 'resource_counts', 'label': '8e2e6f07-f5a0-4d24-882b-6a251feec37a', 'context': [<snowplow_tracker.self_describing_json.SelfDescribingJson object at 0x7846aa0fb530>]}
[0m22:12:09.264945 [info ] [MainThread]: Found 6 models, 2 snapshots, 14 data tests, 3 sources, 494 macros
[0m22:12:09.266865 [info ] [MainThread]: 
[0m22:12:09.267140 [info ] [MainThread]: Concurrency: 4 threads (target='dev')
[0m22:12:09.267352 [info ] [MainThread]: 
[0m22:12:09.267691 [debug] [MainThread]: Acquiring new snowflake connection 'master'
[0m22:12:09.271070 [debug] [ThreadPool]: Acquiring new snowflake connection 'list_E2E_DB'
[0m22:12:09.278369 [debug] [ThreadPool]: Acquiring new snowflake connection 'list_E2E_DB'
[0m22:12:09.299419 [debug] [ThreadPool]: Using snowflake connection "list_E2E_DB"
[0m22:12:09.299827 [debug] [ThreadPool]: Using snowflake connection "list_E2E_DB"
[0m22:12:09.300174 [debug] [ThreadPool]: On list_E2E_DB: show terse schemas in database E2E_DB
    limit 10000
/* {"app": "dbt", "dbt_version": "1.11.0b4", "profile_name": "dbt_snowflake_trans", "target_name": "dev", "connection_name": "list_E2E_DB"} */
[0m22:12:09.300508 [debug] [ThreadPool]: On list_E2E_DB: show terse schemas in database E2E_DB
    limit 10000
/* {"app": "dbt", "dbt_version": "1.11.0b4", "profile_name": "dbt_snowflake_trans", "target_name": "dev", "connection_name": "list_E2E_DB"} */
[0m22:12:09.300747 [debug] [ThreadPool]: Opening a new connection, currently in state init
[0m22:12:09.300977 [debug] [ThreadPool]: Opening a new connection, currently in state init
[0m22:12:10.082717 [debug] [ThreadPool]: SQL status: SUCCESS 4 in 0.782 seconds
[0m22:12:10.107511 [debug] [ThreadPool]: SQL status: SUCCESS 4 in 0.806 seconds
[0m22:12:10.112831 [debug] [ThreadPool]: Re-using an available connection from the pool (formerly list_E2E_DB, now list_E2E_DB_RAW)
[0m22:12:10.119101 [debug] [ThreadPool]: Re-using an available connection from the pool (formerly list_E2E_DB, now list_E2E_DB_SNAPSHOTS)
[0m22:12:10.130746 [debug] [ThreadPool]: Using snowflake connection "list_E2E_DB_RAW"
[0m22:12:10.134064 [debug] [ThreadPool]: Using snowflake connection "list_E2E_DB_SNAPSHOTS"
[0m22:12:10.134872 [debug] [ThreadPool]: On list_E2E_DB_RAW: show objects in E2E_DB.RAW
    limit 10000
    

/* {"app": "dbt", "dbt_version": "1.11.0b4", "profile_name": "dbt_snowflake_trans", "target_name": "dev", "connection_name": "list_E2E_DB_RAW"} */;
[0m22:12:10.135504 [debug] [ThreadPool]: On list_E2E_DB_SNAPSHOTS: show objects in E2E_DB.SNAPSHOTS
    limit 10000
    

/* {"app": "dbt", "dbt_version": "1.11.0b4", "profile_name": "dbt_snowflake_trans", "target_name": "dev", "connection_name": "list_E2E_DB_SNAPSHOTS"} */;
[0m22:12:10.242561 [debug] [ThreadPool]: SQL status: SUCCESS 7 in 0.106 seconds
[0m22:12:10.244971 [debug] [ThreadPool]: SQL status: SUCCESS 0 in 0.107 seconds
[0m22:12:10.252302 [debug] [MainThread]: Sending event: {'category': 'dbt', 'action': 'runnable_timing', 'label': '8e2e6f07-f5a0-4d24-882b-6a251feec37a', 'context': [<snowplow_tracker.self_describing_json.SelfDescribingJson object at 0x7846aa8016d0>]}
[0m22:12:10.256220 [debug] [Thread-1 (]: Began running node model.dbt_snowflake_trans.stg_accounts
[0m22:12:10.257053 [debug] [Thread-2 (]: Began running node model.dbt_snowflake_trans.stg_customers
[0m22:12:10.258022 [debug] [Thread-3 (]: Began running node model.dbt_snowflake_trans.stg_transactions
[0m22:12:10.259079 [info ] [Thread-1 (]: 1 of 22 START sql dynamic_table model RAW.stg_accounts ......................... [RUN]
[0m22:12:10.260086 [info ] [Thread-2 (]: 2 of 22 START sql dynamic_table model RAW.stg_customers ........................ [RUN]
[0m22:12:10.261187 [info ] [Thread-3 (]: 3 of 22 START sql dynamic_table model RAW.stg_transactions ..................... [RUN]
[0m22:12:10.262089 [debug] [Thread-1 (]: Re-using an available connection from the pool (formerly list_E2E_DB_SNAPSHOTS, now model.dbt_snowflake_trans.stg_accounts)
[0m22:12:10.262875 [debug] [Thread-2 (]: Re-using an available connection from the pool (formerly list_E2E_DB_RAW, now model.dbt_snowflake_trans.stg_customers)
[0m22:12:10.263877 [debug] [Thread-3 (]: Acquiring new snowflake connection 'model.dbt_snowflake_trans.stg_transactions'
[0m22:12:10.264772 [debug] [Thread-1 (]: Began compiling node model.dbt_snowflake_trans.stg_accounts
[0m22:12:10.265634 [debug] [Thread-2 (]: Began compiling node model.dbt_snowflake_trans.stg_customers
[0m22:12:10.266439 [debug] [Thread-3 (]: Began compiling node model.dbt_snowflake_trans.stg_transactions
[0m22:12:10.289399 [debug] [Thread-1 (]: Writing injected SQL for node "model.dbt_snowflake_trans.stg_accounts"
[0m22:12:10.293967 [debug] [Thread-3 (]: Writing injected SQL for node "model.dbt_snowflake_trans.stg_transactions"
[0m22:12:10.287468 [debug] [Thread-2 (]: Writing injected SQL for node "model.dbt_snowflake_trans.stg_customers"
[0m22:12:10.295942 [debug] [Thread-1 (]: Began executing node model.dbt_snowflake_trans.stg_accounts
[0m22:12:10.297381 [debug] [Thread-3 (]: Began executing node model.dbt_snowflake_trans.stg_transactions
[0m22:12:10.308564 [debug] [Thread-2 (]: Began executing node model.dbt_snowflake_trans.stg_customers
[0m22:12:10.336827 [debug] [Thread-3 (]: Applying REPLACE to: "E2E_DB"."RAW"."STG_TRANSACTIONS"
[0m22:12:10.338413 [debug] [Thread-2 (]: Applying REPLACE to: "E2E_DB"."RAW"."STG_CUSTOMERS"
[0m22:12:10.339379 [debug] [Thread-1 (]: Applying REPLACE to: "E2E_DB"."RAW"."STG_ACCOUNTS"
[0m22:12:10.349182 [debug] [Thread-3 (]: Writing runtime sql for node "model.dbt_snowflake_trans.stg_transactions"
[0m22:12:10.350050 [debug] [Thread-2 (]: Writing runtime sql for node "model.dbt_snowflake_trans.stg_customers"
[0m22:12:10.350943 [debug] [Thread-1 (]: Writing runtime sql for node "model.dbt_snowflake_trans.stg_accounts"
[0m22:12:10.352507 [debug] [Thread-3 (]: Using snowflake connection "model.dbt_snowflake_trans.stg_transactions"
[0m22:12:10.353575 [debug] [Thread-2 (]: Using snowflake connection "model.dbt_snowflake_trans.stg_customers"
[0m22:12:10.354715 [debug] [Thread-1 (]: Using snowflake connection "model.dbt_snowflake_trans.stg_accounts"
[0m22:12:10.355178 [debug] [Thread-3 (]: On model.dbt_snowflake_trans.stg_transactions: create or replace dynamic table E2E_DB.RAW.stg_transactions
    target_lag = '1 minute'
    warehouse = E2E_WH
    refresh_mode = AUTO

    initialize = ON_CREATE

    

    

    as (
        

WITH source AS (
    SELECT * FROM E2E_DB.RAW.TRANSACTIONS_LANDING
),

parsed AS (
    SELECT
        PAYLOAD:id::INT AS transaction_id,
        PAYLOAD:account_id::INT AS account_id,
        PAYLOAD:txn_type::VARCHAR(20) AS txn_type,
        TRY_CAST(PAYLOAD:amount::VARCHAR AS DECIMAL(15, 2)) AS amount,
        PAYLOAD:related_account_id::INT AS related_account_id,
        PAYLOAD:status::VARCHAR(20) AS status,
        TRY_TO_TIMESTAMP(PAYLOAD:created_at::VARCHAR) AS created_at,
        
        -- Metadata
        PAYLOAD:__op::CHAR(1) AS dml_operation,
        TO_TIMESTAMP_NTZ(PAYLOAD:__source_ts_ms::NUMBER, 3) AS source_timestamp,
        LOAD_TIME
    FROM source
)

SELECT 
    transaction_id,
    account_id,
    txn_type,
    amount,
    related_account_id,
    status,
    created_at,
    source_timestamp as processed_at,
    current_timestamp() as staging_loaded_at
FROM parsed
QUALIFY ROW_NUMBER() OVER (
    PARTITION BY transaction_id 
    ORDER BY source_timestamp DESC, LOAD_TIME DESC
) = 1
AND dml_operation != 'd'
    )
/* {"app": "dbt", "dbt_version": "1.11.0b4", "profile_name": "dbt_snowflake_trans", "target_name": "dev", "node_id": "model.dbt_snowflake_trans.stg_transactions"} */
[0m22:12:10.355752 [debug] [Thread-2 (]: On model.dbt_snowflake_trans.stg_customers: create or replace dynamic table E2E_DB.RAW.stg_customers
    target_lag = '1 minute'
    warehouse = E2E_WH
    refresh_mode = AUTO

    initialize = ON_CREATE

    

    

    as (
        

WITH source AS (
    SELECT * FROM E2E_DB.RAW.CUSTOMERS_LANDING
),

parsed AS (
    SELECT
        PAYLOAD:id::INT AS customer_id,
        PAYLOAD:first_name::VARCHAR(50) AS first_name,
        PAYLOAD:last_name::VARCHAR(50) AS last_name,
        PAYLOAD:email::VARCHAR(100) AS email,
        
        -- Metadata
        PAYLOAD:__op::CHAR(1) AS dml_operation, 
        TO_TIMESTAMP_NTZ(PAYLOAD:__source_ts_ms::NUMBER, 3) AS source_timestamp,
        LOAD_TIME
    FROM source
)

SELECT 
    customer_id,
    first_name,
    last_name,
    email,
    source_timestamp as last_updated_at,
    current_timestamp() as dbt_updated_at -- Để biết DT chạy lúc nào
FROM parsed
-- Dùng QUALIFY để lọc dòng mới nhất ngay trong 1 câu lệnh (Gọn hơn CTE)
QUALIFY ROW_NUMBER() OVER (
    PARTITION BY customer_id 
    ORDER BY source_timestamp DESC, LOAD_TIME DESC
) = 1
-- Logic: Lọc bỏ dòng Delete sau khi đã xếp hạng
AND dml_operation != 'd'
    )
/* {"app": "dbt", "dbt_version": "1.11.0b4", "profile_name": "dbt_snowflake_trans", "target_name": "dev", "node_id": "model.dbt_snowflake_trans.stg_customers"} */
[0m22:12:10.356245 [debug] [Thread-1 (]: On model.dbt_snowflake_trans.stg_accounts: create or replace dynamic table E2E_DB.RAW.stg_accounts
    target_lag = '1 minute'
    warehouse = E2E_WH
    refresh_mode = AUTO

    initialize = ON_CREATE

    

    

    as (
        

WITH source AS (
    SELECT * FROM E2E_DB.RAW.ACCOUNTS_LANDING
),

parsed AS (
    SELECT
        PAYLOAD:id::INT AS account_id,
        PAYLOAD:customer_id::INT AS customer_id,
        PAYLOAD:account_type::VARCHAR(20) AS account_type,
        TRY_CAST(PAYLOAD:balance::VARCHAR AS DECIMAL(15, 2)) AS balance,
        PAYLOAD:currency::VARCHAR(3) AS currency,
        
        -- Metadata
        PAYLOAD:__op::CHAR(1) AS dml_operation,
        TO_TIMESTAMP_NTZ(PAYLOAD:__source_ts_ms::NUMBER, 3) AS source_timestamp,
        LOAD_TIME
    FROM source
)

SELECT 
    account_id,
    customer_id,
    account_type,
    balance,
    currency,
    source_timestamp as last_updated_at,
    current_timestamp() as dbt_updated_at
FROM parsed
QUALIFY ROW_NUMBER() OVER (
    PARTITION BY account_id 
    ORDER BY source_timestamp DESC, LOAD_TIME DESC
) = 1
AND dml_operation != 'd'
    )
/* {"app": "dbt", "dbt_version": "1.11.0b4", "profile_name": "dbt_snowflake_trans", "target_name": "dev", "node_id": "model.dbt_snowflake_trans.stg_accounts"} */
[0m22:12:10.356660 [debug] [Thread-3 (]: Opening a new connection, currently in state init
[0m22:12:11.196961 [debug] [Thread-2 (]: SQL status: SUCCESS 1 in 0.840 seconds
[0m22:12:11.216485 [debug] [Thread-1 (]: SQL status: SUCCESS 1 in 0.859 seconds
[0m22:12:11.218231 [debug] [Thread-2 (]: Sending event: {'category': 'dbt', 'action': 'run_model', 'label': '8e2e6f07-f5a0-4d24-882b-6a251feec37a', 'context': [<snowplow_tracker.self_describing_json.SelfDescribingJson object at 0x7846a8b35610>]}
[0m22:12:11.218509 [debug] [Thread-1 (]: Sending event: {'category': 'dbt', 'action': 'run_model', 'label': '8e2e6f07-f5a0-4d24-882b-6a251feec37a', 'context': [<snowplow_tracker.self_describing_json.SelfDescribingJson object at 0x7846a8bc3050>]}
[0m22:12:11.219065 [info ] [Thread-2 (]: 2 of 22 OK created sql dynamic_table model RAW.stg_customers ................... [[32mSUCCESS 1[0m in 0.95s]
[0m22:12:11.219555 [info ] [Thread-1 (]: 1 of 22 OK created sql dynamic_table model RAW.stg_accounts .................... [[32mSUCCESS 1[0m in 0.96s]
[0m22:12:11.220010 [debug] [Thread-2 (]: Finished running node model.dbt_snowflake_trans.stg_customers
[0m22:12:11.220431 [debug] [Thread-1 (]: Finished running node model.dbt_snowflake_trans.stg_accounts
[0m22:12:11.221301 [debug] [Thread-4 (]: Began running node test.dbt_snowflake_trans.accepted_values_stg_accounts_account_type__SAVINGS__CHECKING.1bf6c16db4
[0m22:12:11.221738 [debug] [Thread-2 (]: Began running node test.dbt_snowflake_trans.not_null_stg_accounts_account_id.182dfbc108
[0m22:12:11.221990 [debug] [Thread-1 (]: Began running node test.dbt_snowflake_trans.not_null_stg_accounts_customer_id.0b54f014a3
[0m22:12:11.222400 [info ] [Thread-4 (]: 4 of 22 START test accepted_values_stg_accounts_account_type__SAVINGS__CHECKING  [RUN]
[0m22:12:11.222889 [info ] [Thread-2 (]: 5 of 22 START test not_null_stg_accounts_account_id ............................ [RUN]
[0m22:12:11.223173 [info ] [Thread-1 (]: 6 of 22 START test not_null_stg_accounts_customer_id ........................... [RUN]
[0m22:12:11.223743 [debug] [Thread-4 (]: Acquiring new snowflake connection 'test.dbt_snowflake_trans.accepted_values_stg_accounts_account_type__SAVINGS__CHECKING.1bf6c16db4'
[0m22:12:11.224267 [debug] [Thread-2 (]: Re-using an available connection from the pool (formerly model.dbt_snowflake_trans.stg_customers, now test.dbt_snowflake_trans.not_null_stg_accounts_account_id.182dfbc108)
[0m22:12:11.224536 [debug] [Thread-1 (]: Re-using an available connection from the pool (formerly model.dbt_snowflake_trans.stg_accounts, now test.dbt_snowflake_trans.not_null_stg_accounts_customer_id.0b54f014a3)
[0m22:12:11.224898 [debug] [Thread-4 (]: Began compiling node test.dbt_snowflake_trans.accepted_values_stg_accounts_account_type__SAVINGS__CHECKING.1bf6c16db4
[0m22:12:11.225365 [debug] [Thread-2 (]: Began compiling node test.dbt_snowflake_trans.not_null_stg_accounts_account_id.182dfbc108
[0m22:12:11.225598 [debug] [Thread-1 (]: Began compiling node test.dbt_snowflake_trans.not_null_stg_accounts_customer_id.0b54f014a3
[0m22:12:11.239780 [debug] [Thread-4 (]: Writing injected SQL for node "test.dbt_snowflake_trans.accepted_values_stg_accounts_account_type__SAVINGS__CHECKING.1bf6c16db4"
[0m22:12:11.249413 [debug] [Thread-2 (]: Writing injected SQL for node "test.dbt_snowflake_trans.not_null_stg_accounts_account_id.182dfbc108"
[0m22:12:11.252616 [debug] [Thread-1 (]: Writing injected SQL for node "test.dbt_snowflake_trans.not_null_stg_accounts_customer_id.0b54f014a3"
[0m22:12:11.253350 [debug] [Thread-4 (]: Began executing node test.dbt_snowflake_trans.accepted_values_stg_accounts_account_type__SAVINGS__CHECKING.1bf6c16db4
[0m22:12:11.253886 [debug] [Thread-2 (]: Began executing node test.dbt_snowflake_trans.not_null_stg_accounts_account_id.182dfbc108
[0m22:12:11.270800 [debug] [Thread-1 (]: Began executing node test.dbt_snowflake_trans.not_null_stg_accounts_customer_id.0b54f014a3
[0m22:12:11.274233 [debug] [Thread-4 (]: Writing runtime sql for node "test.dbt_snowflake_trans.accepted_values_stg_accounts_account_type__SAVINGS__CHECKING.1bf6c16db4"
[0m22:12:11.276287 [debug] [Thread-2 (]: Writing runtime sql for node "test.dbt_snowflake_trans.not_null_stg_accounts_account_id.182dfbc108"
[0m22:12:11.278552 [debug] [Thread-1 (]: Writing runtime sql for node "test.dbt_snowflake_trans.not_null_stg_accounts_customer_id.0b54f014a3"
[0m22:12:11.279840 [debug] [Thread-4 (]: Using snowflake connection "test.dbt_snowflake_trans.accepted_values_stg_accounts_account_type__SAVINGS__CHECKING.1bf6c16db4"
[0m22:12:11.280641 [debug] [Thread-2 (]: Using snowflake connection "test.dbt_snowflake_trans.not_null_stg_accounts_account_id.182dfbc108"
[0m22:12:11.281543 [debug] [Thread-1 (]: Using snowflake connection "test.dbt_snowflake_trans.not_null_stg_accounts_customer_id.0b54f014a3"
[0m22:12:11.282066 [debug] [Thread-4 (]: On test.dbt_snowflake_trans.accepted_values_stg_accounts_account_type__SAVINGS__CHECKING.1bf6c16db4: select
      count(*) as failures,
      count(*) != 0 as should_warn,
      count(*) != 0 as should_error
    from (
      
    
  
    
    

with all_values as (

    select
        account_type as value_field,
        count(*) as n_records

    from E2E_DB.RAW.stg_accounts
    group by account_type

)

select *
from all_values
where value_field not in (
    'SAVINGS','CHECKING'
)



  
  
      
    ) dbt_internal_test
/* {"app": "dbt", "dbt_version": "1.11.0b4", "profile_name": "dbt_snowflake_trans", "target_name": "dev", "node_id": "test.dbt_snowflake_trans.accepted_values_stg_accounts_account_type__SAVINGS__CHECKING.1bf6c16db4"} */
[0m22:12:11.282658 [debug] [Thread-2 (]: On test.dbt_snowflake_trans.not_null_stg_accounts_account_id.182dfbc108: select
      count(*) as failures,
      count(*) != 0 as should_warn,
      count(*) != 0 as should_error
    from (
      
    
  
    
    



select account_id
from E2E_DB.RAW.stg_accounts
where account_id is null



  
  
      
    ) dbt_internal_test
/* {"app": "dbt", "dbt_version": "1.11.0b4", "profile_name": "dbt_snowflake_trans", "target_name": "dev", "node_id": "test.dbt_snowflake_trans.not_null_stg_accounts_account_id.182dfbc108"} */
[0m22:12:11.283213 [debug] [Thread-1 (]: On test.dbt_snowflake_trans.not_null_stg_accounts_customer_id.0b54f014a3: select
      count(*) as failures,
      count(*) != 0 as should_warn,
      count(*) != 0 as should_error
    from (
      
    
  
    
    



select customer_id
from E2E_DB.RAW.stg_accounts
where customer_id is null



  
  
      
    ) dbt_internal_test
/* {"app": "dbt", "dbt_version": "1.11.0b4", "profile_name": "dbt_snowflake_trans", "target_name": "dev", "node_id": "test.dbt_snowflake_trans.not_null_stg_accounts_customer_id.0b54f014a3"} */
[0m22:12:11.283715 [debug] [Thread-4 (]: Opening a new connection, currently in state init
[0m22:12:11.457523 [debug] [Thread-2 (]: SQL status: SUCCESS 1 in 0.173 seconds
[0m22:12:11.464245 [info ] [Thread-2 (]: 5 of 22 PASS not_null_stg_accounts_account_id .................................. [[32mPASS[0m in 0.24s]
[0m22:12:11.465114 [debug] [Thread-2 (]: Finished running node test.dbt_snowflake_trans.not_null_stg_accounts_account_id.182dfbc108
[0m22:12:11.465691 [debug] [Thread-2 (]: Began running node test.dbt_snowflake_trans.not_null_stg_customers_customer_id.e2cfb1f9aa
[0m22:12:11.466164 [info ] [Thread-2 (]: 7 of 22 START test not_null_stg_customers_customer_id .......................... [RUN]
[0m22:12:11.466705 [debug] [Thread-2 (]: Re-using an available connection from the pool (formerly test.dbt_snowflake_trans.not_null_stg_accounts_account_id.182dfbc108, now test.dbt_snowflake_trans.not_null_stg_customers_customer_id.e2cfb1f9aa)
[0m22:12:11.467218 [debug] [Thread-2 (]: Began compiling node test.dbt_snowflake_trans.not_null_stg_customers_customer_id.e2cfb1f9aa
[0m22:12:11.472111 [debug] [Thread-2 (]: Writing injected SQL for node "test.dbt_snowflake_trans.not_null_stg_customers_customer_id.e2cfb1f9aa"
[0m22:12:11.473628 [debug] [Thread-1 (]: SQL status: SUCCESS 1 in 0.189 seconds
[0m22:12:11.475446 [info ] [Thread-1 (]: 6 of 22 PASS not_null_stg_accounts_customer_id ................................. [[32mPASS[0m in 0.25s]
[0m22:12:11.476075 [debug] [Thread-1 (]: Finished running node test.dbt_snowflake_trans.not_null_stg_accounts_customer_id.0b54f014a3
[0m22:12:11.476662 [debug] [Thread-1 (]: Began running node test.dbt_snowflake_trans.not_null_stg_customers_email.d7cf761533
[0m22:12:11.477869 [debug] [Thread-2 (]: Began executing node test.dbt_snowflake_trans.not_null_stg_customers_customer_id.e2cfb1f9aa
[0m22:12:11.477427 [info ] [Thread-1 (]: 8 of 22 START test not_null_stg_customers_email ................................ [RUN]
[0m22:12:11.481323 [debug] [Thread-2 (]: Writing runtime sql for node "test.dbt_snowflake_trans.not_null_stg_customers_customer_id.e2cfb1f9aa"
[0m22:12:11.481835 [debug] [Thread-1 (]: Re-using an available connection from the pool (formerly test.dbt_snowflake_trans.not_null_stg_accounts_customer_id.0b54f014a3, now test.dbt_snowflake_trans.not_null_stg_customers_email.d7cf761533)
[0m22:12:11.482368 [debug] [Thread-1 (]: Began compiling node test.dbt_snowflake_trans.not_null_stg_customers_email.d7cf761533
[0m22:12:11.485882 [debug] [Thread-1 (]: Writing injected SQL for node "test.dbt_snowflake_trans.not_null_stg_customers_email.d7cf761533"
[0m22:12:11.486706 [debug] [Thread-2 (]: Using snowflake connection "test.dbt_snowflake_trans.not_null_stg_customers_customer_id.e2cfb1f9aa"
[0m22:12:11.487215 [debug] [Thread-2 (]: On test.dbt_snowflake_trans.not_null_stg_customers_customer_id.e2cfb1f9aa: select
      count(*) as failures,
      count(*) != 0 as should_warn,
      count(*) != 0 as should_error
    from (
      
    
  
    
    



select customer_id
from E2E_DB.RAW.stg_customers
where customer_id is null



  
  
      
    ) dbt_internal_test
/* {"app": "dbt", "dbt_version": "1.11.0b4", "profile_name": "dbt_snowflake_trans", "target_name": "dev", "node_id": "test.dbt_snowflake_trans.not_null_stg_customers_customer_id.e2cfb1f9aa"} */
[0m22:12:11.487627 [debug] [Thread-1 (]: Began executing node test.dbt_snowflake_trans.not_null_stg_customers_email.d7cf761533
[0m22:12:11.490975 [debug] [Thread-1 (]: Writing runtime sql for node "test.dbt_snowflake_trans.not_null_stg_customers_email.d7cf761533"
[0m22:12:11.493309 [debug] [Thread-1 (]: Using snowflake connection "test.dbt_snowflake_trans.not_null_stg_customers_email.d7cf761533"
[0m22:12:11.493988 [debug] [Thread-1 (]: On test.dbt_snowflake_trans.not_null_stg_customers_email.d7cf761533: select
      count(*) as failures,
      count(*) != 0 as should_warn,
      count(*) != 0 as should_error
    from (
      
    
  
    
    



select email
from E2E_DB.RAW.stg_customers
where email is null



  
  
      
    ) dbt_internal_test
/* {"app": "dbt", "dbt_version": "1.11.0b4", "profile_name": "dbt_snowflake_trans", "target_name": "dev", "node_id": "test.dbt_snowflake_trans.not_null_stg_customers_email.d7cf761533"} */
[0m22:12:11.517974 [debug] [Thread-3 (]: SQL status: SUCCESS 1 in 1.161 seconds
[0m22:12:11.522413 [debug] [Thread-3 (]: Sending event: {'category': 'dbt', 'action': 'run_model', 'label': '8e2e6f07-f5a0-4d24-882b-6a251feec37a', 'context': [<snowplow_tracker.self_describing_json.SelfDescribingJson object at 0x7846a8bb4860>]}
[0m22:12:11.523483 [info ] [Thread-3 (]: 3 of 22 OK created sql dynamic_table model RAW.stg_transactions ................ [[32mSUCCESS 1[0m in 1.26s]
[0m22:12:11.524679 [debug] [Thread-3 (]: Finished running node model.dbt_snowflake_trans.stg_transactions
[0m22:12:11.525347 [debug] [Thread-3 (]: Began running node test.dbt_snowflake_trans.relationships_stg_accounts_customer_id__customer_id__ref_stg_customers_.5f49160326
[0m22:12:11.526414 [info ] [Thread-3 (]: 9 of 22 START test relationships_stg_accounts_customer_id__customer_id__ref_stg_customers_  [RUN]
[0m22:12:11.535132 [debug] [Thread-3 (]: Re-using an available connection from the pool (formerly model.dbt_snowflake_trans.stg_transactions, now test.dbt_snowflake_trans.relationships_stg_accounts_customer_id__customer_id__ref_stg_customers_.5f49160326)
[0m22:12:11.536651 [debug] [Thread-3 (]: Began compiling node test.dbt_snowflake_trans.relationships_stg_accounts_customer_id__customer_id__ref_stg_customers_.5f49160326
[0m22:12:11.556259 [debug] [Thread-3 (]: Writing injected SQL for node "test.dbt_snowflake_trans.relationships_stg_accounts_customer_id__customer_id__ref_stg_customers_.5f49160326"
[0m22:12:11.556964 [debug] [Thread-3 (]: Began executing node test.dbt_snowflake_trans.relationships_stg_accounts_customer_id__customer_id__ref_stg_customers_.5f49160326
[0m22:12:11.559230 [debug] [Thread-3 (]: Writing runtime sql for node "test.dbt_snowflake_trans.relationships_stg_accounts_customer_id__customer_id__ref_stg_customers_.5f49160326"
[0m22:12:11.560028 [debug] [Thread-3 (]: Using snowflake connection "test.dbt_snowflake_trans.relationships_stg_accounts_customer_id__customer_id__ref_stg_customers_.5f49160326"
[0m22:12:11.560345 [debug] [Thread-3 (]: On test.dbt_snowflake_trans.relationships_stg_accounts_customer_id__customer_id__ref_stg_customers_.5f49160326: select
      count(*) as failures,
      count(*) != 0 as should_warn,
      count(*) != 0 as should_error
    from (
      
    
  
    
    

with child as (
    select customer_id as from_field
    from E2E_DB.RAW.stg_accounts
    where customer_id is not null
),

parent as (
    select customer_id as to_field
    from E2E_DB.RAW.stg_customers
)

select
    from_field

from child
left join parent
    on child.from_field = parent.to_field

where parent.to_field is null



  
  
      
    ) dbt_internal_test
/* {"app": "dbt", "dbt_version": "1.11.0b4", "profile_name": "dbt_snowflake_trans", "target_name": "dev", "node_id": "test.dbt_snowflake_trans.relationships_stg_accounts_customer_id__customer_id__ref_stg_customers_.5f49160326"} */
[0m22:12:11.653185 [debug] [Thread-2 (]: SQL status: SUCCESS 1 in 0.165 seconds
[0m22:12:11.656946 [info ] [Thread-2 (]: 7 of 22 PASS not_null_stg_customers_customer_id ................................ [[32mPASS[0m in 0.19s]
[0m22:12:11.658738 [debug] [Thread-2 (]: Finished running node test.dbt_snowflake_trans.not_null_stg_customers_customer_id.e2cfb1f9aa
[0m22:12:11.659317 [debug] [Thread-2 (]: Began running node test.dbt_snowflake_trans.unique_stg_accounts_account_id.cdf6252c79
[0m22:12:11.660079 [info ] [Thread-2 (]: 10 of 22 START test unique_stg_accounts_account_id ............................. [RUN]
[0m22:12:11.660707 [debug] [Thread-2 (]: Re-using an available connection from the pool (formerly test.dbt_snowflake_trans.not_null_stg_customers_customer_id.e2cfb1f9aa, now test.dbt_snowflake_trans.unique_stg_accounts_account_id.cdf6252c79)
[0m22:12:11.661211 [debug] [Thread-2 (]: Began compiling node test.dbt_snowflake_trans.unique_stg_accounts_account_id.cdf6252c79
[0m22:12:11.673550 [debug] [Thread-2 (]: Writing injected SQL for node "test.dbt_snowflake_trans.unique_stg_accounts_account_id.cdf6252c79"
[0m22:12:11.674857 [debug] [Thread-1 (]: SQL status: SUCCESS 1 in 0.180 seconds
[0m22:12:11.677168 [debug] [Thread-2 (]: Began executing node test.dbt_snowflake_trans.unique_stg_accounts_account_id.cdf6252c79
[0m22:12:11.676747 [info ] [Thread-1 (]: 8 of 22 PASS not_null_stg_customers_email ...................................... [[32mPASS[0m in 0.19s]
[0m22:12:11.680444 [debug] [Thread-2 (]: Writing runtime sql for node "test.dbt_snowflake_trans.unique_stg_accounts_account_id.cdf6252c79"
[0m22:12:11.681336 [debug] [Thread-1 (]: Finished running node test.dbt_snowflake_trans.not_null_stg_customers_email.d7cf761533
[0m22:12:11.682362 [debug] [Thread-1 (]: Began running node test.dbt_snowflake_trans.unique_stg_customers_customer_id.c7614daada
[0m22:12:11.683107 [info ] [Thread-1 (]: 11 of 22 START test unique_stg_customers_customer_id ........................... [RUN]
[0m22:12:11.684033 [debug] [Thread-1 (]: Re-using an available connection from the pool (formerly test.dbt_snowflake_trans.not_null_stg_customers_email.d7cf761533, now test.dbt_snowflake_trans.unique_stg_customers_customer_id.c7614daada)
[0m22:12:11.685351 [debug] [Thread-2 (]: Using snowflake connection "test.dbt_snowflake_trans.unique_stg_accounts_account_id.cdf6252c79"
[0m22:12:11.686082 [debug] [Thread-1 (]: Began compiling node test.dbt_snowflake_trans.unique_stg_customers_customer_id.c7614daada
[0m22:12:11.686773 [debug] [Thread-2 (]: On test.dbt_snowflake_trans.unique_stg_accounts_account_id.cdf6252c79: select
      count(*) as failures,
      count(*) != 0 as should_warn,
      count(*) != 0 as should_error
    from (
      
    
  
    
    

select
    account_id as unique_field,
    count(*) as n_records

from E2E_DB.RAW.stg_accounts
where account_id is not null
group by account_id
having count(*) > 1



  
  
      
    ) dbt_internal_test
/* {"app": "dbt", "dbt_version": "1.11.0b4", "profile_name": "dbt_snowflake_trans", "target_name": "dev", "node_id": "test.dbt_snowflake_trans.unique_stg_accounts_account_id.cdf6252c79"} */
[0m22:12:11.694220 [debug] [Thread-1 (]: Writing injected SQL for node "test.dbt_snowflake_trans.unique_stg_customers_customer_id.c7614daada"
[0m22:12:11.698012 [debug] [Thread-1 (]: Began executing node test.dbt_snowflake_trans.unique_stg_customers_customer_id.c7614daada
[0m22:12:11.703992 [debug] [Thread-1 (]: Writing runtime sql for node "test.dbt_snowflake_trans.unique_stg_customers_customer_id.c7614daada"
[0m22:12:11.705908 [debug] [Thread-1 (]: Using snowflake connection "test.dbt_snowflake_trans.unique_stg_customers_customer_id.c7614daada"
[0m22:12:11.706688 [debug] [Thread-1 (]: On test.dbt_snowflake_trans.unique_stg_customers_customer_id.c7614daada: select
      count(*) as failures,
      count(*) != 0 as should_warn,
      count(*) != 0 as should_error
    from (
      
    
  
    
    

select
    customer_id as unique_field,
    count(*) as n_records

from E2E_DB.RAW.stg_customers
where customer_id is not null
group by customer_id
having count(*) > 1



  
  
      
    ) dbt_internal_test
/* {"app": "dbt", "dbt_version": "1.11.0b4", "profile_name": "dbt_snowflake_trans", "target_name": "dev", "node_id": "test.dbt_snowflake_trans.unique_stg_customers_customer_id.c7614daada"} */
[0m22:12:11.756135 [debug] [Thread-3 (]: SQL status: SUCCESS 1 in 0.195 seconds
[0m22:12:11.759723 [info ] [Thread-3 (]: 9 of 22 PASS relationships_stg_accounts_customer_id__customer_id__ref_stg_customers_  [[32mPASS[0m in 0.22s]
[0m22:12:11.760694 [debug] [Thread-3 (]: Finished running node test.dbt_snowflake_trans.relationships_stg_accounts_customer_id__customer_id__ref_stg_customers_.5f49160326
[0m22:12:11.761347 [debug] [Thread-3 (]: Began running node test.dbt_snowflake_trans.unique_stg_customers_email.1ebcb2333e
[0m22:12:11.762209 [info ] [Thread-3 (]: 12 of 22 START test unique_stg_customers_email ................................. [RUN]
[0m22:12:11.763058 [debug] [Thread-3 (]: Re-using an available connection from the pool (formerly test.dbt_snowflake_trans.relationships_stg_accounts_customer_id__customer_id__ref_stg_customers_.5f49160326, now test.dbt_snowflake_trans.unique_stg_customers_email.1ebcb2333e)
[0m22:12:11.763712 [debug] [Thread-3 (]: Began compiling node test.dbt_snowflake_trans.unique_stg_customers_email.1ebcb2333e
[0m22:12:11.771247 [debug] [Thread-3 (]: Writing injected SQL for node "test.dbt_snowflake_trans.unique_stg_customers_email.1ebcb2333e"
[0m22:12:11.772849 [debug] [Thread-3 (]: Began executing node test.dbt_snowflake_trans.unique_stg_customers_email.1ebcb2333e
[0m22:12:11.777865 [debug] [Thread-3 (]: Writing runtime sql for node "test.dbt_snowflake_trans.unique_stg_customers_email.1ebcb2333e"
[0m22:12:11.779208 [debug] [Thread-3 (]: Using snowflake connection "test.dbt_snowflake_trans.unique_stg_customers_email.1ebcb2333e"
[0m22:12:11.779788 [debug] [Thread-3 (]: On test.dbt_snowflake_trans.unique_stg_customers_email.1ebcb2333e: select
      count(*) as failures,
      count(*) != 0 as should_warn,
      count(*) != 0 as should_error
    from (
      
    
  
    
    

select
    email as unique_field,
    count(*) as n_records

from E2E_DB.RAW.stg_customers
where email is not null
group by email
having count(*) > 1



  
  
      
    ) dbt_internal_test
/* {"app": "dbt", "dbt_version": "1.11.0b4", "profile_name": "dbt_snowflake_trans", "target_name": "dev", "node_id": "test.dbt_snowflake_trans.unique_stg_customers_email.1ebcb2333e"} */
[0m22:12:11.810982 [debug] [Thread-4 (]: SQL status: SUCCESS 1 in 0.527 seconds
[0m22:12:11.814901 [info ] [Thread-4 (]: 4 of 22 PASS accepted_values_stg_accounts_account_type__SAVINGS__CHECKING ...... [[32mPASS[0m in 0.59s]
[0m22:12:11.815909 [debug] [Thread-4 (]: Finished running node test.dbt_snowflake_trans.accepted_values_stg_accounts_account_type__SAVINGS__CHECKING.1bf6c16db4
[0m22:12:11.816583 [debug] [Thread-4 (]: Began running node test.dbt_snowflake_trans.accepted_values_stg_transactions_txn_type__DEPOSIT__WITHDRAWAL__TRANSFER.ee9aed38b8
[0m22:12:11.817415 [info ] [Thread-4 (]: 13 of 22 START test accepted_values_stg_transactions_txn_type__DEPOSIT__WITHDRAWAL__TRANSFER  [RUN]
[0m22:12:11.818134 [debug] [Thread-4 (]: Re-using an available connection from the pool (formerly test.dbt_snowflake_trans.accepted_values_stg_accounts_account_type__SAVINGS__CHECKING.1bf6c16db4, now test.dbt_snowflake_trans.accepted_values_stg_transactions_txn_type__DEPOSIT__WITHDRAWAL__TRANSFER.ee9aed38b8)
[0m22:12:11.818703 [debug] [Thread-4 (]: Began compiling node test.dbt_snowflake_trans.accepted_values_stg_transactions_txn_type__DEPOSIT__WITHDRAWAL__TRANSFER.ee9aed38b8
[0m22:12:11.825143 [debug] [Thread-4 (]: Writing injected SQL for node "test.dbt_snowflake_trans.accepted_values_stg_transactions_txn_type__DEPOSIT__WITHDRAWAL__TRANSFER.ee9aed38b8"
[0m22:12:11.825988 [debug] [Thread-2 (]: SQL status: SUCCESS 1 in 0.131 seconds
[0m22:12:11.827554 [info ] [Thread-2 (]: 10 of 22 PASS unique_stg_accounts_account_id ................................... [[32mPASS[0m in 0.17s]
[0m22:12:11.827990 [debug] [Thread-2 (]: Finished running node test.dbt_snowflake_trans.unique_stg_accounts_account_id.cdf6252c79
[0m22:12:11.828282 [debug] [Thread-2 (]: Began running node test.dbt_snowflake_trans.not_null_stg_transactions_account_id.a7d212da1d
[0m22:12:11.828698 [info ] [Thread-2 (]: 14 of 22 START test not_null_stg_transactions_account_id ....................... [RUN]
[0m22:12:11.829132 [debug] [Thread-2 (]: Re-using an available connection from the pool (formerly test.dbt_snowflake_trans.unique_stg_accounts_account_id.cdf6252c79, now test.dbt_snowflake_trans.not_null_stg_transactions_account_id.a7d212da1d)
[0m22:12:11.829561 [debug] [Thread-4 (]: Began executing node test.dbt_snowflake_trans.accepted_values_stg_transactions_txn_type__DEPOSIT__WITHDRAWAL__TRANSFER.ee9aed38b8
[0m22:12:11.830012 [debug] [Thread-2 (]: Began compiling node test.dbt_snowflake_trans.not_null_stg_transactions_account_id.a7d212da1d
[0m22:12:11.832223 [debug] [Thread-4 (]: Writing runtime sql for node "test.dbt_snowflake_trans.accepted_values_stg_transactions_txn_type__DEPOSIT__WITHDRAWAL__TRANSFER.ee9aed38b8"
[0m22:12:11.835259 [debug] [Thread-2 (]: Writing injected SQL for node "test.dbt_snowflake_trans.not_null_stg_transactions_account_id.a7d212da1d"
[0m22:12:11.836793 [debug] [Thread-4 (]: Using snowflake connection "test.dbt_snowflake_trans.accepted_values_stg_transactions_txn_type__DEPOSIT__WITHDRAWAL__TRANSFER.ee9aed38b8"
[0m22:12:11.837290 [debug] [Thread-4 (]: On test.dbt_snowflake_trans.accepted_values_stg_transactions_txn_type__DEPOSIT__WITHDRAWAL__TRANSFER.ee9aed38b8: select
      count(*) as failures,
      count(*) != 0 as should_warn,
      count(*) != 0 as should_error
    from (
      
    
  
    
    

with all_values as (

    select
        txn_type as value_field,
        count(*) as n_records

    from E2E_DB.RAW.stg_transactions
    group by txn_type

)

select *
from all_values
where value_field not in (
    'DEPOSIT','WITHDRAWAL','TRANSFER'
)



  
  
      
    ) dbt_internal_test
/* {"app": "dbt", "dbt_version": "1.11.0b4", "profile_name": "dbt_snowflake_trans", "target_name": "dev", "node_id": "test.dbt_snowflake_trans.accepted_values_stg_transactions_txn_type__DEPOSIT__WITHDRAWAL__TRANSFER.ee9aed38b8"} */
[0m22:12:11.838046 [debug] [Thread-1 (]: SQL status: SUCCESS 1 in 0.131 seconds
[0m22:12:11.838874 [debug] [Thread-2 (]: Began executing node test.dbt_snowflake_trans.not_null_stg_transactions_account_id.a7d212da1d
[0m22:12:11.840971 [info ] [Thread-1 (]: 11 of 22 PASS unique_stg_customers_customer_id ................................. [[32mPASS[0m in 0.16s]
[0m22:12:11.848478 [debug] [Thread-2 (]: Writing runtime sql for node "test.dbt_snowflake_trans.not_null_stg_transactions_account_id.a7d212da1d"
[0m22:12:11.849543 [debug] [Thread-1 (]: Finished running node test.dbt_snowflake_trans.unique_stg_customers_customer_id.c7614daada
[0m22:12:11.850570 [debug] [Thread-1 (]: Began running node test.dbt_snowflake_trans.not_null_stg_transactions_transaction_id.1d00a8e2e4
[0m22:12:11.851552 [info ] [Thread-1 (]: 15 of 22 START test not_null_stg_transactions_transaction_id ................... [RUN]
[0m22:12:11.853089 [debug] [Thread-2 (]: Using snowflake connection "test.dbt_snowflake_trans.not_null_stg_transactions_account_id.a7d212da1d"
[0m22:12:11.853983 [debug] [Thread-1 (]: Re-using an available connection from the pool (formerly test.dbt_snowflake_trans.unique_stg_customers_customer_id.c7614daada, now test.dbt_snowflake_trans.not_null_stg_transactions_transaction_id.1d00a8e2e4)
[0m22:12:11.854821 [debug] [Thread-2 (]: On test.dbt_snowflake_trans.not_null_stg_transactions_account_id.a7d212da1d: select
      count(*) as failures,
      count(*) != 0 as should_warn,
      count(*) != 0 as should_error
    from (
      
    
  
    
    



select account_id
from E2E_DB.RAW.stg_transactions
where account_id is null



  
  
      
    ) dbt_internal_test
/* {"app": "dbt", "dbt_version": "1.11.0b4", "profile_name": "dbt_snowflake_trans", "target_name": "dev", "node_id": "test.dbt_snowflake_trans.not_null_stg_transactions_account_id.a7d212da1d"} */
[0m22:12:11.855827 [debug] [Thread-1 (]: Began compiling node test.dbt_snowflake_trans.not_null_stg_transactions_transaction_id.1d00a8e2e4
[0m22:12:11.869740 [debug] [Thread-1 (]: Writing injected SQL for node "test.dbt_snowflake_trans.not_null_stg_transactions_transaction_id.1d00a8e2e4"
[0m22:12:11.871523 [debug] [Thread-1 (]: Began executing node test.dbt_snowflake_trans.not_null_stg_transactions_transaction_id.1d00a8e2e4
[0m22:12:11.876102 [debug] [Thread-1 (]: Writing runtime sql for node "test.dbt_snowflake_trans.not_null_stg_transactions_transaction_id.1d00a8e2e4"
[0m22:12:11.877656 [debug] [Thread-1 (]: Using snowflake connection "test.dbt_snowflake_trans.not_null_stg_transactions_transaction_id.1d00a8e2e4"
[0m22:12:11.878556 [debug] [Thread-1 (]: On test.dbt_snowflake_trans.not_null_stg_transactions_transaction_id.1d00a8e2e4: select
      count(*) as failures,
      count(*) != 0 as should_warn,
      count(*) != 0 as should_error
    from (
      
    
  
    
    



select transaction_id
from E2E_DB.RAW.stg_transactions
where transaction_id is null



  
  
      
    ) dbt_internal_test
/* {"app": "dbt", "dbt_version": "1.11.0b4", "profile_name": "dbt_snowflake_trans", "target_name": "dev", "node_id": "test.dbt_snowflake_trans.not_null_stg_transactions_transaction_id.1d00a8e2e4"} */
[0m22:12:11.919324 [debug] [Thread-3 (]: SQL status: SUCCESS 1 in 0.139 seconds
[0m22:12:11.923043 [info ] [Thread-3 (]: 12 of 22 PASS unique_stg_customers_email ....................................... [[32mPASS[0m in 0.16s]
[0m22:12:11.924054 [debug] [Thread-3 (]: Finished running node test.dbt_snowflake_trans.unique_stg_customers_email.1ebcb2333e
[0m22:12:11.924698 [debug] [Thread-3 (]: Began running node test.dbt_snowflake_trans.relationships_stg_transactions_account_id__account_id__ref_stg_accounts_.c0d3771e54
[0m22:12:11.925258 [info ] [Thread-3 (]: 16 of 22 START test relationships_stg_transactions_account_id__account_id__ref_stg_accounts_  [RUN]
[0m22:12:11.925876 [debug] [Thread-3 (]: Re-using an available connection from the pool (formerly test.dbt_snowflake_trans.unique_stg_customers_email.1ebcb2333e, now test.dbt_snowflake_trans.relationships_stg_transactions_account_id__account_id__ref_stg_accounts_.c0d3771e54)
[0m22:12:11.926429 [debug] [Thread-3 (]: Began compiling node test.dbt_snowflake_trans.relationships_stg_transactions_account_id__account_id__ref_stg_accounts_.c0d3771e54
[0m22:12:11.935368 [debug] [Thread-3 (]: Writing injected SQL for node "test.dbt_snowflake_trans.relationships_stg_transactions_account_id__account_id__ref_stg_accounts_.c0d3771e54"
[0m22:12:11.936275 [debug] [Thread-3 (]: Began executing node test.dbt_snowflake_trans.relationships_stg_transactions_account_id__account_id__ref_stg_accounts_.c0d3771e54
[0m22:12:11.938466 [debug] [Thread-3 (]: Writing runtime sql for node "test.dbt_snowflake_trans.relationships_stg_transactions_account_id__account_id__ref_stg_accounts_.c0d3771e54"
[0m22:12:11.939287 [debug] [Thread-3 (]: Using snowflake connection "test.dbt_snowflake_trans.relationships_stg_transactions_account_id__account_id__ref_stg_accounts_.c0d3771e54"
[0m22:12:11.939601 [debug] [Thread-3 (]: On test.dbt_snowflake_trans.relationships_stg_transactions_account_id__account_id__ref_stg_accounts_.c0d3771e54: select
      count(*) as failures,
      count(*) != 0 as should_warn,
      count(*) != 0 as should_error
    from (
      
    
  
    
    

with child as (
    select account_id as from_field
    from E2E_DB.RAW.stg_transactions
    where account_id is not null
),

parent as (
    select account_id as to_field
    from E2E_DB.RAW.stg_accounts
)

select
    from_field

from child
left join parent
    on child.from_field = parent.to_field

where parent.to_field is null



  
  
      
    ) dbt_internal_test
/* {"app": "dbt", "dbt_version": "1.11.0b4", "profile_name": "dbt_snowflake_trans", "target_name": "dev", "node_id": "test.dbt_snowflake_trans.relationships_stg_transactions_account_id__account_id__ref_stg_accounts_.c0d3771e54"} */
[0m22:12:12.011982 [debug] [Thread-2 (]: SQL status: SUCCESS 1 in 0.155 seconds
[0m22:12:12.016208 [info ] [Thread-2 (]: 14 of 22 PASS not_null_stg_transactions_account_id ............................. [[32mPASS[0m in 0.19s]
[0m22:12:12.018102 [debug] [Thread-2 (]: Finished running node test.dbt_snowflake_trans.not_null_stg_transactions_account_id.a7d212da1d
[0m22:12:12.019122 [debug] [Thread-2 (]: Began running node test.dbt_snowflake_trans.unique_stg_transactions_transaction_id.ee9a78a396
[0m22:12:12.021041 [debug] [Thread-4 (]: SQL status: SUCCESS 1 in 0.182 seconds
[0m22:12:12.021717 [info ] [Thread-2 (]: 17 of 22 START test unique_stg_transactions_transaction_id ..................... [RUN]
[0m22:12:12.023305 [debug] [Thread-1 (]: SQL status: SUCCESS 1 in 0.144 seconds
[0m22:12:12.027337 [info ] [Thread-4 (]: 13 of 22 PASS accepted_values_stg_transactions_txn_type__DEPOSIT__WITHDRAWAL__TRANSFER  [[32mPASS[0m in 0.21s]
[0m22:12:12.029148 [debug] [Thread-2 (]: Re-using an available connection from the pool (formerly test.dbt_snowflake_trans.not_null_stg_transactions_account_id.a7d212da1d, now test.dbt_snowflake_trans.unique_stg_transactions_transaction_id.ee9a78a396)
[0m22:12:12.034840 [info ] [Thread-1 (]: 15 of 22 PASS not_null_stg_transactions_transaction_id ......................... [[32mPASS[0m in 0.18s]
[0m22:12:12.036797 [debug] [Thread-4 (]: Finished running node test.dbt_snowflake_trans.accepted_values_stg_transactions_txn_type__DEPOSIT__WITHDRAWAL__TRANSFER.ee9aed38b8
[0m22:12:12.038065 [debug] [Thread-2 (]: Began compiling node test.dbt_snowflake_trans.unique_stg_transactions_transaction_id.ee9a78a396
[0m22:12:12.039654 [debug] [Thread-1 (]: Finished running node test.dbt_snowflake_trans.not_null_stg_transactions_transaction_id.1d00a8e2e4
[0m22:12:12.040655 [debug] [Thread-4 (]: Began running node snapshot.dbt_snowflake_trans.snp_accounts
[0m22:12:12.050670 [debug] [Thread-2 (]: Writing injected SQL for node "test.dbt_snowflake_trans.unique_stg_transactions_transaction_id.ee9a78a396"
[0m22:12:12.052111 [debug] [Thread-1 (]: Began running node snapshot.dbt_snowflake_trans.snp_customers
[0m22:12:12.054166 [info ] [Thread-4 (]: 18 of 22 START snapshot SNAPSHOTS.snp_accounts ................................. [RUN]
[0m22:12:12.056907 [info ] [Thread-1 (]: 19 of 22 START snapshot SNAPSHOTS.snp_customers ................................ [RUN]
[0m22:12:12.058274 [debug] [Thread-2 (]: Began executing node test.dbt_snowflake_trans.unique_stg_transactions_transaction_id.ee9a78a396
[0m22:12:12.059561 [debug] [Thread-4 (]: Re-using an available connection from the pool (formerly test.dbt_snowflake_trans.accepted_values_stg_transactions_txn_type__DEPOSIT__WITHDRAWAL__TRANSFER.ee9aed38b8, now snapshot.dbt_snowflake_trans.snp_accounts)
[0m22:12:12.060829 [debug] [Thread-1 (]: Re-using an available connection from the pool (formerly test.dbt_snowflake_trans.not_null_stg_transactions_transaction_id.1d00a8e2e4, now snapshot.dbt_snowflake_trans.snp_customers)
[0m22:12:12.067035 [debug] [Thread-2 (]: Writing runtime sql for node "test.dbt_snowflake_trans.unique_stg_transactions_transaction_id.ee9a78a396"
[0m22:12:12.067886 [debug] [Thread-4 (]: Began compiling node snapshot.dbt_snowflake_trans.snp_accounts
[0m22:12:12.068725 [debug] [Thread-1 (]: Began compiling node snapshot.dbt_snowflake_trans.snp_customers
[0m22:12:12.073636 [debug] [Thread-4 (]: Began executing node snapshot.dbt_snowflake_trans.snp_accounts
[0m22:12:12.075319 [debug] [Thread-2 (]: Using snowflake connection "test.dbt_snowflake_trans.unique_stg_transactions_transaction_id.ee9a78a396"
[0m22:12:12.083133 [debug] [Thread-1 (]: Began executing node snapshot.dbt_snowflake_trans.snp_customers
[0m22:12:12.100210 [debug] [Thread-2 (]: On test.dbt_snowflake_trans.unique_stg_transactions_transaction_id.ee9a78a396: select
      count(*) as failures,
      count(*) != 0 as should_warn,
      count(*) != 0 as should_error
    from (
      
    
  
    
    

select
    transaction_id as unique_field,
    count(*) as n_records

from E2E_DB.RAW.stg_transactions
where transaction_id is not null
group by transaction_id
having count(*) > 1



  
  
      
    ) dbt_internal_test
/* {"app": "dbt", "dbt_version": "1.11.0b4", "profile_name": "dbt_snowflake_trans", "target_name": "dev", "node_id": "test.dbt_snowflake_trans.unique_stg_transactions_transaction_id.ee9a78a396"} */
[0m22:12:12.121509 [debug] [Thread-3 (]: SQL status: SUCCESS 1 in 0.182 seconds
[0m22:12:12.180102 [debug] [Thread-4 (]: Using snowflake connection "snapshot.dbt_snowflake_trans.snp_accounts"
[0m22:12:12.181827 [debug] [Thread-1 (]: Using snowflake connection "snapshot.dbt_snowflake_trans.snp_customers"
[0m22:12:12.184174 [info ] [Thread-3 (]: 16 of 22 PASS relationships_stg_transactions_account_id__account_id__ref_stg_accounts_  [[32mPASS[0m in 0.26s]
[0m22:12:12.185491 [debug] [Thread-4 (]: On snapshot.dbt_snowflake_trans.snp_accounts: select * from (
        
    

    select *,
        md5(coalesce(cast(account_id as varchar ), '')
         || '|' || coalesce(cast(last_updated_at as varchar ), '')
        ) as dbt_scd_id,
        last_updated_at as dbt_updated_at,
        last_updated_at as dbt_valid_from,
        
  
  coalesce(nullif(last_updated_at, last_updated_at), null)
  as dbt_valid_to
from (
        



SELECT * FROM E2E_DB.RAW.stg_accounts

    ) sbq



    ) as __dbt_sbq
    where false
    limit 0
/* {"app": "dbt", "dbt_version": "1.11.0b4", "profile_name": "dbt_snowflake_trans", "target_name": "dev", "node_id": "snapshot.dbt_snowflake_trans.snp_accounts"} */
/* {"app": "dbt", "dbt_version": "1.11.0b4", "profile_name": "dbt_snowflake_trans", "target_name": "dev", "node_id": "snapshot.dbt_snowflake_trans.snp_accounts"} */
[0m22:12:12.186216 [debug] [Thread-1 (]: On snapshot.dbt_snowflake_trans.snp_customers: select * from (
        
    

    select *,
        md5(coalesce(cast(customer_id as varchar ), '')
         || '|' || coalesce(cast(last_updated_at as varchar ), '')
        ) as dbt_scd_id,
        last_updated_at as dbt_updated_at,
        last_updated_at as dbt_valid_from,
        
  
  coalesce(nullif(last_updated_at, last_updated_at), null)
  as dbt_valid_to
from (
        




SELECT * FROM E2E_DB.RAW.stg_customers

    ) sbq



    ) as __dbt_sbq
    where false
    limit 0
/* {"app": "dbt", "dbt_version": "1.11.0b4", "profile_name": "dbt_snowflake_trans", "target_name": "dev", "node_id": "snapshot.dbt_snowflake_trans.snp_customers"} */
/* {"app": "dbt", "dbt_version": "1.11.0b4", "profile_name": "dbt_snowflake_trans", "target_name": "dev", "node_id": "snapshot.dbt_snowflake_trans.snp_customers"} */
[0m22:12:12.186950 [debug] [Thread-3 (]: Finished running node test.dbt_snowflake_trans.relationships_stg_transactions_account_id__account_id__ref_stg_accounts_.c0d3771e54
[0m22:12:12.307722 [debug] [Thread-2 (]: SQL status: SUCCESS 1 in 0.135 seconds
[0m22:12:12.313991 [debug] [Thread-1 (]: SQL status: SUCCESS 0 in 0.126 seconds
[0m22:12:12.312828 [info ] [Thread-2 (]: 17 of 22 PASS unique_stg_transactions_transaction_id ........................... [[32mPASS[0m in 0.28s]
[0m22:12:12.324587 [debug] [Thread-1 (]: Using snowflake connection "snapshot.dbt_snowflake_trans.snp_customers"
[0m22:12:12.325454 [debug] [Thread-2 (]: Finished running node test.dbt_snowflake_trans.unique_stg_transactions_transaction_id.ee9a78a396
[0m22:12:12.326082 [debug] [Thread-1 (]: On snapshot.dbt_snowflake_trans.snp_customers: select * from (
        select to_timestamp_ntz(convert_timezone('UTC', current_timestamp())) as dbt_snapshot_time
    ) as __dbt_sbq
    where false
    limit 0
/* {"app": "dbt", "dbt_version": "1.11.0b4", "profile_name": "dbt_snowflake_trans", "target_name": "dev", "node_id": "snapshot.dbt_snowflake_trans.snp_customers"} */
/* {"app": "dbt", "dbt_version": "1.11.0b4", "profile_name": "dbt_snowflake_trans", "target_name": "dev", "node_id": "snapshot.dbt_snowflake_trans.snp_customers"} */
[0m22:12:12.328006 [debug] [Thread-4 (]: SQL status: SUCCESS 0 in 0.140 seconds
[0m22:12:12.331200 [debug] [Thread-4 (]: Using snowflake connection "snapshot.dbt_snowflake_trans.snp_accounts"
[0m22:12:12.332033 [debug] [Thread-4 (]: On snapshot.dbt_snowflake_trans.snp_accounts: select * from (
        select to_timestamp_ntz(convert_timezone('UTC', current_timestamp())) as dbt_snapshot_time
    ) as __dbt_sbq
    where false
    limit 0
/* {"app": "dbt", "dbt_version": "1.11.0b4", "profile_name": "dbt_snowflake_trans", "target_name": "dev", "node_id": "snapshot.dbt_snowflake_trans.snp_accounts"} */
/* {"app": "dbt", "dbt_version": "1.11.0b4", "profile_name": "dbt_snowflake_trans", "target_name": "dev", "node_id": "snapshot.dbt_snowflake_trans.snp_accounts"} */
[0m22:12:12.334698 [debug] [Thread-3 (]: Began running node model.dbt_snowflake_trans.fact_transactions
[0m22:12:12.335769 [info ] [Thread-3 (]: 20 of 22 START sql incremental model RAW.fact_transactions ..................... [RUN]
[0m22:12:12.336801 [debug] [Thread-3 (]: Re-using an available connection from the pool (formerly test.dbt_snowflake_trans.relationships_stg_transactions_account_id__account_id__ref_stg_accounts_.c0d3771e54, now model.dbt_snowflake_trans.fact_transactions)
[0m22:12:12.337375 [debug] [Thread-3 (]: Began compiling node model.dbt_snowflake_trans.fact_transactions
[0m22:12:12.350445 [debug] [Thread-3 (]: Writing injected SQL for node "model.dbt_snowflake_trans.fact_transactions"
[0m22:12:12.351244 [debug] [Thread-3 (]: Began executing node model.dbt_snowflake_trans.fact_transactions
[0m22:12:12.374978 [debug] [Thread-3 (]: Writing runtime sql for node "model.dbt_snowflake_trans.fact_transactions"
[0m22:12:12.375811 [debug] [Thread-3 (]: Using snowflake connection "model.dbt_snowflake_trans.fact_transactions"
[0m22:12:12.376101 [debug] [Thread-3 (]: On model.dbt_snowflake_trans.fact_transactions: create or replace transient table E2E_DB.RAW.fact_transactions
    
    
    
    as (

WITH transactions AS (
    SELECT * FROM E2E_DB.RAW.stg_transactions
    
    -- LOGIC INCREMENTAL:
    -- Chỉ lấy các giao dịch có thời gian xử lý (processed_at) LỚN HƠN 
    -- thời gian max hiện có trong bảng đích (this).
    
),

-- Join thêm thông tin Account để lấy Customer ID (Denormalization)
accounts AS (
    SELECT account_id, customer_id FROM E2E_DB.RAW.stg_accounts
)

SELECT
    t.transaction_id,
    t.account_id,
    a.customer_id, 
    
    t.txn_type,
    t.status,
    t.amount,
    
    -- Tách Date Dimension (Ngày/Tháng/Năm) phục vụ Partitioning hoặc Filter nhanh
    DATE(t.created_at) AS transaction_date_key,
    YEAR(t.created_at) AS transaction_year,
    MONTH(t.created_at) AS transaction_month,
    
    t.created_at AS transaction_timestamp,
    t.processed_at, -- Cột mốc để chạy incremental
    current_timestamp() AS dwh_load_at

FROM transactions t
LEFT JOIN accounts a ON t.account_id = a.account_id
    )

/* {"app": "dbt", "dbt_version": "1.11.0b4", "profile_name": "dbt_snowflake_trans", "target_name": "dev", "node_id": "model.dbt_snowflake_trans.fact_transactions"} */;
[0m22:12:12.429857 [debug] [Thread-1 (]: SQL status: SUCCESS 0 in 0.101 seconds
[0m22:12:12.431359 [debug] [Thread-4 (]: SQL status: SUCCESS 0 in 0.099 seconds
[0m22:12:12.432536 [debug] [Thread-1 (]: Writing runtime sql for node "snapshot.dbt_snowflake_trans.snp_customers"
[0m22:12:12.433582 [debug] [Thread-4 (]: Writing runtime sql for node "snapshot.dbt_snowflake_trans.snp_accounts"
[0m22:12:12.435254 [debug] [Thread-1 (]: Using snowflake connection "snapshot.dbt_snowflake_trans.snp_customers"
[0m22:12:12.436605 [debug] [Thread-4 (]: Using snowflake connection "snapshot.dbt_snowflake_trans.snp_accounts"
[0m22:12:12.437269 [debug] [Thread-1 (]: On snapshot.dbt_snowflake_trans.snp_customers: create or replace transient table E2E_DB.SNAPSHOTS.snp_customers
    
    
    
    as (
    

    select *,
        md5(coalesce(cast(customer_id as varchar ), '')
         || '|' || coalesce(cast(last_updated_at as varchar ), '')
        ) as dbt_scd_id,
        last_updated_at as dbt_updated_at,
        last_updated_at as dbt_valid_from,
        
  
  coalesce(nullif(last_updated_at, last_updated_at), null)
  as dbt_valid_to
from (
        




SELECT * FROM E2E_DB.RAW.stg_customers

    ) sbq



    )

/* {"app": "dbt", "dbt_version": "1.11.0b4", "profile_name": "dbt_snowflake_trans", "target_name": "dev", "node_id": "snapshot.dbt_snowflake_trans.snp_customers"} */;
[0m22:12:12.438049 [debug] [Thread-4 (]: On snapshot.dbt_snowflake_trans.snp_accounts: create or replace transient table E2E_DB.SNAPSHOTS.snp_accounts
    
    
    
    as (
    

    select *,
        md5(coalesce(cast(account_id as varchar ), '')
         || '|' || coalesce(cast(last_updated_at as varchar ), '')
        ) as dbt_scd_id,
        last_updated_at as dbt_updated_at,
        last_updated_at as dbt_valid_from,
        
  
  coalesce(nullif(last_updated_at, last_updated_at), null)
  as dbt_valid_to
from (
        



SELECT * FROM E2E_DB.RAW.stg_accounts

    ) sbq



    )

/* {"app": "dbt", "dbt_version": "1.11.0b4", "profile_name": "dbt_snowflake_trans", "target_name": "dev", "node_id": "snapshot.dbt_snowflake_trans.snp_accounts"} */;
[0m22:12:12.539411 [debug] [Thread-1 (]: Snowflake adapter: Snowflake query id: 01c09b90-3202-20f8-0011-44ea0004335a
[0m22:12:12.540383 [debug] [Thread-1 (]: Snowflake adapter: Snowflake error: 002025 (42S21): SQL compilation error:
duplicate column name 'DBT_UPDATED_AT'
[0m22:12:12.545502 [debug] [Thread-1 (]: Database Error in snapshot snp_customers (snapshots/snp_customers.sql)
  002025 (42S21): SQL compilation error:
  duplicate column name 'DBT_UPDATED_AT'
  compiled code at target/run/dbt_snowflake_trans/snapshots/snp_customers.sql
[0m22:12:12.546544 [debug] [Thread-1 (]: Sending event: {'category': 'dbt', 'action': 'run_model', 'label': '8e2e6f07-f5a0-4d24-882b-6a251feec37a', 'context': [<snowplow_tracker.self_describing_json.SelfDescribingJson object at 0x7846a819c3b0>]}
[0m22:12:12.550583 [debug] [Thread-4 (]: Snowflake adapter: Snowflake query id: 01c09b90-3202-20f8-0011-44ea0004335e
[0m22:12:12.548960 [error] [Thread-1 (]: 19 of 22 ERROR snapshotting SNAPSHOTS.snp_customers ............................ [[31mERROR[0m in 0.49s]
[0m22:12:12.552157 [debug] [Thread-4 (]: Snowflake adapter: Snowflake error: 002025 (42S21): SQL compilation error:
duplicate column name 'DBT_UPDATED_AT'
[0m22:12:12.553802 [debug] [Thread-1 (]: Finished running node snapshot.dbt_snowflake_trans.snp_customers
[0m22:12:12.563014 [debug] [Thread-4 (]: Database Error in snapshot snp_accounts (snapshots/snp_accounts.sql)
  002025 (42S21): SQL compilation error:
  duplicate column name 'DBT_UPDATED_AT'
  compiled code at target/run/dbt_snowflake_trans/snapshots/snp_accounts.sql
[0m22:12:12.565039 [debug] [Thread-7 (]: Marking all children of 'snapshot.dbt_snowflake_trans.snp_customers' to be skipped because of status 'error'.  Reason: Database Error in snapshot snp_customers (snapshots/snp_customers.sql)
  002025 (42S21): SQL compilation error:
  duplicate column name 'DBT_UPDATED_AT'
  compiled code at target/run/dbt_snowflake_trans/snapshots/snp_customers.sql.
[0m22:12:12.566383 [debug] [Thread-4 (]: Sending event: {'category': 'dbt', 'action': 'run_model', 'label': '8e2e6f07-f5a0-4d24-882b-6a251feec37a', 'context': [<snowplow_tracker.self_describing_json.SelfDescribingJson object at 0x7846a8a9f980>]}
[0m22:12:12.570049 [error] [Thread-4 (]: 18 of 22 ERROR snapshotting SNAPSHOTS.snp_accounts ............................. [[31mERROR[0m in 0.51s]
[0m22:12:12.571562 [debug] [Thread-2 (]: Began running node model.dbt_snowflake_trans.dim_customers
[0m22:12:12.572966 [debug] [Thread-4 (]: Finished running node snapshot.dbt_snowflake_trans.snp_accounts
[0m22:12:12.573960 [info ] [Thread-2 (]: 21 of 22 SKIP relation RAW.dim_customers ....................................... [[33mSKIP[0m]
[0m22:12:12.575118 [debug] [Thread-7 (]: Marking all children of 'snapshot.dbt_snowflake_trans.snp_accounts' to be skipped because of status 'error'.  Reason: Database Error in snapshot snp_accounts (snapshots/snp_accounts.sql)
  002025 (42S21): SQL compilation error:
  duplicate column name 'DBT_UPDATED_AT'
  compiled code at target/run/dbt_snowflake_trans/snapshots/snp_accounts.sql.
[0m22:12:12.576034 [debug] [Thread-2 (]: Finished running node model.dbt_snowflake_trans.dim_customers
[0m22:12:12.577308 [debug] [Thread-1 (]: Began running node model.dbt_snowflake_trans.dim_accounts
[0m22:12:12.578096 [debug] [Thread-7 (]: Marking all children of 'model.dbt_snowflake_trans.dim_customers' to be skipped because of status 'skipped'. 
[0m22:12:12.579077 [info ] [Thread-1 (]: 22 of 22 SKIP relation RAW.dim_accounts ........................................ [[33mSKIP[0m]
[0m22:12:12.580291 [debug] [Thread-1 (]: Finished running node model.dbt_snowflake_trans.dim_accounts
[0m22:12:12.581237 [debug] [Thread-7 (]: Marking all children of 'model.dbt_snowflake_trans.dim_accounts' to be skipped because of status 'skipped'. 
[0m22:12:13.004533 [debug] [Thread-3 (]: SQL status: SUCCESS 1 in 0.628 seconds
[0m22:12:13.017662 [debug] [Thread-3 (]: Applying DROP to: E2E_DB.RAW.fact_transactions__dbt_tmp
[0m22:12:13.024118 [debug] [Thread-3 (]: Using snowflake connection "model.dbt_snowflake_trans.fact_transactions"
[0m22:12:13.024455 [debug] [Thread-3 (]: On model.dbt_snowflake_trans.fact_transactions: drop table if exists E2E_DB.RAW.fact_transactions__dbt_tmp cascade
/* {"app": "dbt", "dbt_version": "1.11.0b4", "profile_name": "dbt_snowflake_trans", "target_name": "dev", "node_id": "model.dbt_snowflake_trans.fact_transactions"} */
[0m22:12:13.121260 [debug] [Thread-3 (]: SQL status: SUCCESS 1 in 0.096 seconds
[0m22:12:13.125700 [debug] [Thread-3 (]: Sending event: {'category': 'dbt', 'action': 'run_model', 'label': '8e2e6f07-f5a0-4d24-882b-6a251feec37a', 'context': [<snowplow_tracker.self_describing_json.SelfDescribingJson object at 0x7846a89f6720>]}
[0m22:12:13.126180 [info ] [Thread-3 (]: 20 of 22 OK created sql incremental model RAW.fact_transactions ................ [[32mSUCCESS 1[0m in 0.79s]
[0m22:12:13.126587 [debug] [Thread-3 (]: Finished running node model.dbt_snowflake_trans.fact_transactions
[0m22:12:13.128103 [debug] [MainThread]: Connection 'master' was properly closed.
[0m22:12:13.128558 [debug] [MainThread]: Connection 'snapshot.dbt_snowflake_trans.snp_customers' was left open.
[0m22:12:13.128818 [debug] [MainThread]: On snapshot.dbt_snowflake_trans.snp_customers: Close
[0m22:12:13.289690 [debug] [MainThread]: Connection 'test.dbt_snowflake_trans.unique_stg_transactions_transaction_id.ee9a78a396' was left open.
[0m22:12:13.290661 [debug] [MainThread]: On test.dbt_snowflake_trans.unique_stg_transactions_transaction_id.ee9a78a396: Close
[0m22:12:13.421223 [debug] [MainThread]: Connection 'model.dbt_snowflake_trans.fact_transactions' was left open.
[0m22:12:13.422000 [debug] [MainThread]: On model.dbt_snowflake_trans.fact_transactions: Close
[0m22:12:13.580415 [debug] [MainThread]: Connection 'snapshot.dbt_snowflake_trans.snp_accounts' was left open.
[0m22:12:13.581347 [debug] [MainThread]: On snapshot.dbt_snowflake_trans.snp_accounts: Close
[0m22:12:13.756404 [info ] [MainThread]: 
[0m22:12:13.757523 [info ] [MainThread]: Finished running 3 dynamic table models, 1 incremental model, 2 snapshots, 2 table models, 14 data tests in 0 hours 0 minutes and 4.49 seconds (4.49s).
[0m22:12:13.762559 [debug] [MainThread]: Command end result
[0m22:12:13.784590 [debug] [MainThread]: Wrote artifact WritableManifest to /home/phuoc19/Projects/end_to_end_aws/dbt_snowflake_trans/target/manifest.json
[0m22:12:13.785744 [debug] [MainThread]: Wrote artifact SemanticManifest to /home/phuoc19/Projects/end_to_end_aws/dbt_snowflake_trans/target/semantic_manifest.json
[0m22:12:13.790225 [debug] [MainThread]: Wrote artifact RunExecutionResult to /home/phuoc19/Projects/end_to_end_aws/dbt_snowflake_trans/target/run_results.json
[0m22:12:13.790506 [info ] [MainThread]: 
[0m22:12:13.790774 [info ] [MainThread]: [31mCompleted with 2 errors, 0 partial successes, and 0 warnings:[0m
[0m22:12:13.790999 [info ] [MainThread]: 
[0m22:12:13.791266 [error] [MainThread]: [31mFailure in snapshot snp_customers (snapshots/snp_customers.sql)[0m
[0m22:12:13.791532 [error] [MainThread]:   Database Error in snapshot snp_customers (snapshots/snp_customers.sql)
  002025 (42S21): SQL compilation error:
  duplicate column name 'DBT_UPDATED_AT'
  compiled code at target/run/dbt_snowflake_trans/snapshots/snp_customers.sql
[0m22:12:13.791729 [info ] [MainThread]: 
[0m22:12:13.791960 [error] [MainThread]: [31mFailure in snapshot snp_accounts (snapshots/snp_accounts.sql)[0m
[0m22:12:13.792187 [error] [MainThread]:   Database Error in snapshot snp_accounts (snapshots/snp_accounts.sql)
  002025 (42S21): SQL compilation error:
  duplicate column name 'DBT_UPDATED_AT'
  compiled code at target/run/dbt_snowflake_trans/snapshots/snp_accounts.sql
[0m22:12:13.792381 [info ] [MainThread]: 
[0m22:12:13.792615 [info ] [MainThread]: Done. PASS=18 WARN=0 ERROR=2 SKIP=2 NO-OP=0 TOTAL=22
[0m22:12:13.793258 [debug] [MainThread]: Resource report: {"command_name": "build", "command_success": false, "command_wall_clock_time": 5.317337, "process_in_blocks": "0", "process_kernel_time": 0.18724, "process_mem_max_rss": "200240", "process_out_blocks": "2848", "process_user_time": 4.180368}
[0m22:12:13.793598 [debug] [MainThread]: Command `dbt build` failed at 22:12:13.793529 after 5.32 seconds
[0m22:12:13.793854 [debug] [MainThread]: Sending event: {'category': 'dbt', 'action': 'invocation', 'label': 'end', 'context': [<snowplow_tracker.self_describing_json.SelfDescribingJson object at 0x7846d85fac00>, <snowplow_tracker.self_describing_json.SelfDescribingJson object at 0x7846d89151c0>, <snowplow_tracker.self_describing_json.SelfDescribingJson object at 0x7846dade1f70>]}
[0m22:12:13.794102 [debug] [MainThread]: Flushing usage events
[0m22:12:15.358428 [debug] [MainThread]: An error was encountered while trying to flush usage events
[0m22:14:16.746374 [debug] [MainThread]: Sending event: {'category': 'dbt', 'action': 'invocation', 'label': 'start', 'context': [<snowplow_tracker.self_describing_json.SelfDescribingJson object at 0x7b413b34f200>, <snowplow_tracker.self_describing_json.SelfDescribingJson object at 0x7b413ac8bd40>, <snowplow_tracker.self_describing_json.SelfDescribingJson object at 0x7b413ac88e00>]}


============================== 22:14:16.750126 | 25aa4a15-ff95-4b7b-8b36-e4da5671e06d ==============================
[0m22:14:16.750126 [info ] [MainThread]: Running with dbt=1.11.0-b4
[0m22:14:16.750511 [debug] [MainThread]: running dbt with arguments {'quiet': 'False', 'target_path': 'None', 'invocation_command': 'dbt build --full-refresh', 'warn_error': 'None', 'profiles_dir': '/home/phuoc19/.dbt', 'introspect': 'True', 'empty': 'False', 'write_json': 'True', 'send_anonymous_usage_stats': 'True', 'log_cache_events': 'False', 'debug': 'False', 'static_parser': 'True', 'use_colors': 'True', 'log_path': '/home/phuoc19/Projects/end_to_end_aws/dbt_snowflake_trans/logs', 'version_check': 'True', 'log_format': 'default', 'cache_selected_only': 'False', 'partial_parse': 'True', 'fail_fast': 'False', 'warn_error_options': 'WarnErrorOptionsV2(error=[], warn=[], silence=[])', 'no_print': 'None', 'printer_width': '80', 'indirect_selection': 'eager', 'use_experimental_parser': 'False'}
[0m22:14:17.052666 [debug] [MainThread]: Snowflake adapter: Setting snowflake.connector to ERROR (file logging only)
[0m22:14:17.052999 [debug] [MainThread]: Snowflake adapter: Setting botocore to ERROR (file logging only)
[0m22:14:17.053231 [debug] [MainThread]: Snowflake adapter: Setting boto3 to ERROR (file logging only)
[0m22:14:17.175424 [debug] [MainThread]: Sending event: {'category': 'dbt', 'action': 'project_id', 'label': '25aa4a15-ff95-4b7b-8b36-e4da5671e06d', 'context': [<snowplow_tracker.self_describing_json.SelfDescribingJson object at 0x7b410d06b5f0>]}
[0m22:14:17.222624 [debug] [MainThread]: Sending event: {'category': 'dbt', 'action': 'adapter_info', 'label': '25aa4a15-ff95-4b7b-8b36-e4da5671e06d', 'context': [<snowplow_tracker.self_describing_json.SelfDescribingJson object at 0x7b410ca58e00>]}
[0m22:14:17.223180 [info ] [MainThread]: Registered adapter: snowflake=1.10.3
[0m22:14:17.284432 [debug] [MainThread]: checksum: 57e51233fb2305050a86c940b93938a4d3a51a7b95f45f76840a20ffa12695aa, vars: {}, profile: , target: , version: 1.11.0b4
[0m22:14:17.371837 [debug] [MainThread]: Partial parsing enabled: 0 files deleted, 0 files added, 0 files changed.
[0m22:14:17.372121 [debug] [MainThread]: Partial parsing enabled, no changes found, skipping parsing
[0m22:14:17.375828 [warn ] [MainThread]: [[33mWARNING[0m]: Configuration paths exist in your dbt_project.yml file which do not apply to any resources.
There are 1 unused configuration paths:
- models.dbt_snowflake_trans.example
[0m22:14:17.411867 [debug] [MainThread]: Sending event: {'category': 'dbt', 'action': 'load_project', 'label': '25aa4a15-ff95-4b7b-8b36-e4da5671e06d', 'context': [<snowplow_tracker.self_describing_json.SelfDescribingJson object at 0x7b410c4ff710>]}
[0m22:14:17.476092 [debug] [MainThread]: Wrote artifact WritableManifest to /home/phuoc19/Projects/end_to_end_aws/dbt_snowflake_trans/target/manifest.json
[0m22:14:17.477181 [debug] [MainThread]: Wrote artifact SemanticManifest to /home/phuoc19/Projects/end_to_end_aws/dbt_snowflake_trans/target/semantic_manifest.json
[0m22:14:17.493707 [debug] [MainThread]: Sending event: {'category': 'dbt', 'action': 'resource_counts', 'label': '25aa4a15-ff95-4b7b-8b36-e4da5671e06d', 'context': [<snowplow_tracker.self_describing_json.SelfDescribingJson object at 0x7b410c1313d0>]}
[0m22:14:17.494055 [info ] [MainThread]: Found 6 models, 2 snapshots, 14 data tests, 3 sources, 494 macros
[0m22:14:17.496051 [info ] [MainThread]: 
[0m22:14:17.496337 [info ] [MainThread]: Concurrency: 4 threads (target='dev')
[0m22:14:17.496566 [info ] [MainThread]: 
[0m22:14:17.496912 [debug] [MainThread]: Acquiring new snowflake connection 'master'
[0m22:14:17.500459 [debug] [ThreadPool]: Acquiring new snowflake connection 'list_E2E_DB'
[0m22:14:17.507218 [debug] [ThreadPool]: Acquiring new snowflake connection 'list_E2E_DB'
[0m22:14:17.524543 [debug] [ThreadPool]: Using snowflake connection "list_E2E_DB"
[0m22:14:17.524842 [debug] [ThreadPool]: On list_E2E_DB: show terse schemas in database E2E_DB
    limit 10000
/* {"app": "dbt", "dbt_version": "1.11.0b4", "profile_name": "dbt_snowflake_trans", "target_name": "dev", "connection_name": "list_E2E_DB"} */
[0m22:14:17.525286 [debug] [ThreadPool]: Using snowflake connection "list_E2E_DB"
[0m22:14:17.525810 [debug] [ThreadPool]: Opening a new connection, currently in state init
[0m22:14:17.526293 [debug] [ThreadPool]: On list_E2E_DB: show terse schemas in database E2E_DB
    limit 10000
/* {"app": "dbt", "dbt_version": "1.11.0b4", "profile_name": "dbt_snowflake_trans", "target_name": "dev", "connection_name": "list_E2E_DB"} */
[0m22:14:17.527207 [debug] [ThreadPool]: Opening a new connection, currently in state init
[0m22:14:18.321651 [debug] [ThreadPool]: SQL status: SUCCESS 4 in 0.794 seconds
[0m22:14:18.425257 [debug] [ThreadPool]: SQL status: SUCCESS 4 in 0.899 seconds
[0m22:14:18.430819 [debug] [ThreadPool]: Re-using an available connection from the pool (formerly list_E2E_DB, now list_E2E_DB_SNAPSHOTS)
[0m22:14:18.442693 [debug] [ThreadPool]: Re-using an available connection from the pool (formerly list_E2E_DB, now list_E2E_DB_RAW)
[0m22:14:18.457048 [debug] [ThreadPool]: Using snowflake connection "list_E2E_DB_SNAPSHOTS"
[0m22:14:18.457642 [debug] [ThreadPool]: On list_E2E_DB_SNAPSHOTS: show objects in E2E_DB.SNAPSHOTS
    limit 10000
    

/* {"app": "dbt", "dbt_version": "1.11.0b4", "profile_name": "dbt_snowflake_trans", "target_name": "dev", "connection_name": "list_E2E_DB_SNAPSHOTS"} */;
[0m22:14:18.470159 [debug] [ThreadPool]: Using snowflake connection "list_E2E_DB_RAW"
[0m22:14:18.470898 [debug] [ThreadPool]: On list_E2E_DB_RAW: show objects in E2E_DB.RAW
    limit 10000
    

/* {"app": "dbt", "dbt_version": "1.11.0b4", "profile_name": "dbt_snowflake_trans", "target_name": "dev", "connection_name": "list_E2E_DB_RAW"} */;
[0m22:14:18.586112 [debug] [ThreadPool]: SQL status: SUCCESS 0 in 0.128 seconds
[0m22:14:18.591291 [debug] [ThreadPool]: SQL status: SUCCESS 7 in 0.120 seconds
[0m22:14:18.595875 [debug] [MainThread]: Sending event: {'category': 'dbt', 'action': 'runnable_timing', 'label': '25aa4a15-ff95-4b7b-8b36-e4da5671e06d', 'context': [<snowplow_tracker.self_describing_json.SelfDescribingJson object at 0x7b410c7f99a0>]}
[0m22:14:18.599706 [debug] [Thread-1 (]: Began running node model.dbt_snowflake_trans.stg_accounts
[0m22:14:18.600554 [debug] [Thread-2 (]: Began running node model.dbt_snowflake_trans.stg_customers
[0m22:14:18.601485 [debug] [Thread-3 (]: Began running node model.dbt_snowflake_trans.stg_transactions
[0m22:14:18.602641 [info ] [Thread-1 (]: 1 of 22 START sql dynamic_table model RAW.stg_accounts ......................... [RUN]
[0m22:14:18.603673 [info ] [Thread-2 (]: 2 of 22 START sql dynamic_table model RAW.stg_customers ........................ [RUN]
[0m22:14:18.604609 [info ] [Thread-3 (]: 3 of 22 START sql dynamic_table model RAW.stg_transactions ..................... [RUN]
[0m22:14:18.605409 [debug] [Thread-1 (]: Re-using an available connection from the pool (formerly list_E2E_DB_RAW, now model.dbt_snowflake_trans.stg_accounts)
[0m22:14:18.606175 [debug] [Thread-2 (]: Re-using an available connection from the pool (formerly list_E2E_DB_SNAPSHOTS, now model.dbt_snowflake_trans.stg_customers)
[0m22:14:18.607060 [debug] [Thread-3 (]: Acquiring new snowflake connection 'model.dbt_snowflake_trans.stg_transactions'
[0m22:14:18.607804 [debug] [Thread-1 (]: Began compiling node model.dbt_snowflake_trans.stg_accounts
[0m22:14:18.608719 [debug] [Thread-2 (]: Began compiling node model.dbt_snowflake_trans.stg_customers
[0m22:14:18.609526 [debug] [Thread-3 (]: Began compiling node model.dbt_snowflake_trans.stg_transactions
[0m22:14:18.629288 [debug] [Thread-1 (]: Writing injected SQL for node "model.dbt_snowflake_trans.stg_accounts"
[0m22:14:18.635615 [debug] [Thread-2 (]: Writing injected SQL for node "model.dbt_snowflake_trans.stg_customers"
[0m22:14:18.646432 [debug] [Thread-3 (]: Writing injected SQL for node "model.dbt_snowflake_trans.stg_transactions"
[0m22:14:18.648108 [debug] [Thread-1 (]: Began executing node model.dbt_snowflake_trans.stg_accounts
[0m22:14:18.649322 [debug] [Thread-2 (]: Began executing node model.dbt_snowflake_trans.stg_customers
[0m22:14:18.666111 [debug] [Thread-3 (]: Began executing node model.dbt_snowflake_trans.stg_transactions
[0m22:14:18.675383 [debug] [Thread-1 (]: Applying REPLACE to: "E2E_DB"."RAW"."STG_ACCOUNTS"
[0m22:14:18.676987 [debug] [Thread-2 (]: Applying REPLACE to: "E2E_DB"."RAW"."STG_CUSTOMERS"
[0m22:14:18.678598 [debug] [Thread-3 (]: Applying REPLACE to: "E2E_DB"."RAW"."STG_TRANSACTIONS"
[0m22:14:18.687278 [debug] [Thread-1 (]: Writing runtime sql for node "model.dbt_snowflake_trans.stg_accounts"
[0m22:14:18.687959 [debug] [Thread-2 (]: Writing runtime sql for node "model.dbt_snowflake_trans.stg_customers"
[0m22:14:18.688555 [debug] [Thread-3 (]: Writing runtime sql for node "model.dbt_snowflake_trans.stg_transactions"
[0m22:14:18.689685 [debug] [Thread-1 (]: Using snowflake connection "model.dbt_snowflake_trans.stg_accounts"
[0m22:14:18.690125 [debug] [Thread-1 (]: On model.dbt_snowflake_trans.stg_accounts: create or replace dynamic table E2E_DB.RAW.stg_accounts
    target_lag = '1 minute'
    warehouse = E2E_WH
    refresh_mode = AUTO

    initialize = ON_CREATE

    

    

    as (
        

WITH source AS (
    SELECT * FROM E2E_DB.RAW.ACCOUNTS_LANDING
),

parsed AS (
    SELECT
        PAYLOAD:id::INT AS account_id,
        PAYLOAD:customer_id::INT AS customer_id,
        PAYLOAD:account_type::VARCHAR(20) AS account_type,
        TRY_CAST(PAYLOAD:balance::VARCHAR AS DECIMAL(15, 2)) AS balance,
        PAYLOAD:currency::VARCHAR(3) AS currency,
        
        -- Metadata
        PAYLOAD:__op::CHAR(1) AS dml_operation,
        TO_TIMESTAMP_NTZ(PAYLOAD:__source_ts_ms::NUMBER, 3) AS source_timestamp,
        LOAD_TIME
    FROM source
)

SELECT 
    account_id,
    customer_id,
    account_type,
    balance,
    currency,
    source_timestamp as last_updated_at,
    current_timestamp() as staging_loaded_at
FROM parsed
QUALIFY ROW_NUMBER() OVER (
    PARTITION BY account_id 
    ORDER BY source_timestamp DESC, LOAD_TIME DESC
) = 1
AND dml_operation != 'd'
    )
/* {"app": "dbt", "dbt_version": "1.11.0b4", "profile_name": "dbt_snowflake_trans", "target_name": "dev", "node_id": "model.dbt_snowflake_trans.stg_accounts"} */
[0m22:14:18.691128 [debug] [Thread-2 (]: Using snowflake connection "model.dbt_snowflake_trans.stg_customers"
[0m22:14:18.692094 [debug] [Thread-3 (]: Using snowflake connection "model.dbt_snowflake_trans.stg_transactions"
[0m22:14:18.692431 [debug] [Thread-2 (]: On model.dbt_snowflake_trans.stg_customers: create or replace dynamic table E2E_DB.RAW.stg_customers
    target_lag = '1 minute'
    warehouse = E2E_WH
    refresh_mode = AUTO

    initialize = ON_CREATE

    

    

    as (
        

WITH source AS (
    SELECT * FROM E2E_DB.RAW.CUSTOMERS_LANDING
),

parsed AS (
    SELECT
        PAYLOAD:id::INT AS customer_id,
        PAYLOAD:first_name::VARCHAR(50) AS first_name,
        PAYLOAD:last_name::VARCHAR(50) AS last_name,
        PAYLOAD:email::VARCHAR(100) AS email,
        
        -- Metadata
        PAYLOAD:__op::CHAR(1) AS dml_operation, 
        TO_TIMESTAMP_NTZ(PAYLOAD:__source_ts_ms::NUMBER, 3) AS source_timestamp,
        LOAD_TIME
    FROM source
)

SELECT 
    customer_id,
    first_name,
    last_name,
    email,
    source_timestamp as last_updated_at,
    current_timestamp() as staging_loaded_at -- Để biết DT chạy lúc nào
FROM parsed
-- Dùng QUALIFY để lọc dòng mới nhất ngay trong 1 câu lệnh (Gọn hơn CTE)
QUALIFY ROW_NUMBER() OVER (
    PARTITION BY customer_id 
    ORDER BY source_timestamp DESC, LOAD_TIME DESC
) = 1
-- Logic: Lọc bỏ dòng Delete sau khi đã xếp hạng
AND dml_operation != 'd'
    )
/* {"app": "dbt", "dbt_version": "1.11.0b4", "profile_name": "dbt_snowflake_trans", "target_name": "dev", "node_id": "model.dbt_snowflake_trans.stg_customers"} */
[0m22:14:18.692922 [debug] [Thread-3 (]: On model.dbt_snowflake_trans.stg_transactions: create or replace dynamic table E2E_DB.RAW.stg_transactions
    target_lag = '1 minute'
    warehouse = E2E_WH
    refresh_mode = AUTO

    initialize = ON_CREATE

    

    

    as (
        

WITH source AS (
    SELECT * FROM E2E_DB.RAW.TRANSACTIONS_LANDING
),

parsed AS (
    SELECT
        PAYLOAD:id::INT AS transaction_id,
        PAYLOAD:account_id::INT AS account_id,
        PAYLOAD:txn_type::VARCHAR(20) AS txn_type,
        TRY_CAST(PAYLOAD:amount::VARCHAR AS DECIMAL(15, 2)) AS amount,
        PAYLOAD:related_account_id::INT AS related_account_id,
        PAYLOAD:status::VARCHAR(20) AS status,
        TRY_TO_TIMESTAMP(PAYLOAD:created_at::VARCHAR) AS created_at,
        
        -- Metadata
        PAYLOAD:__op::CHAR(1) AS dml_operation,
        TO_TIMESTAMP_NTZ(PAYLOAD:__source_ts_ms::NUMBER, 3) AS source_timestamp,
        LOAD_TIME
    FROM source
)

SELECT 
    transaction_id,
    account_id,
    txn_type,
    amount,
    related_account_id,
    status,
    created_at,
    source_timestamp as processed_at,
    current_timestamp() as staging_loaded_at
FROM parsed
QUALIFY ROW_NUMBER() OVER (
    PARTITION BY transaction_id 
    ORDER BY source_timestamp DESC, LOAD_TIME DESC
) = 1
AND dml_operation != 'd'
    )
/* {"app": "dbt", "dbt_version": "1.11.0b4", "profile_name": "dbt_snowflake_trans", "target_name": "dev", "node_id": "model.dbt_snowflake_trans.stg_transactions"} */
[0m22:14:18.694460 [debug] [Thread-3 (]: Opening a new connection, currently in state init
[0m22:14:19.784784 [debug] [Thread-1 (]: SQL status: SUCCESS 1 in 1.094 seconds
[0m22:14:19.803661 [debug] [Thread-1 (]: Sending event: {'category': 'dbt', 'action': 'run_model', 'label': '25aa4a15-ff95-4b7b-8b36-e4da5671e06d', 'context': [<snowplow_tracker.self_describing_json.SelfDescribingJson object at 0x7b413cd1a0f0>]}
[0m22:14:19.804118 [info ] [Thread-1 (]: 1 of 22 OK created sql dynamic_table model RAW.stg_accounts .................... [[32mSUCCESS 1[0m in 1.20s]
[0m22:14:19.804515 [debug] [Thread-1 (]: Finished running node model.dbt_snowflake_trans.stg_accounts
[0m22:14:19.805345 [debug] [Thread-4 (]: Began running node test.dbt_snowflake_trans.accepted_values_stg_accounts_account_type__SAVINGS__CHECKING.1bf6c16db4
[0m22:14:19.805757 [info ] [Thread-4 (]: 4 of 22 START test accepted_values_stg_accounts_account_type__SAVINGS__CHECKING  [RUN]
[0m22:14:19.806055 [debug] [Thread-1 (]: Began running node test.dbt_snowflake_trans.not_null_stg_accounts_account_id.182dfbc108
[0m22:14:19.806514 [debug] [Thread-4 (]: Acquiring new snowflake connection 'test.dbt_snowflake_trans.accepted_values_stg_accounts_account_type__SAVINGS__CHECKING.1bf6c16db4'
[0m22:14:19.806841 [info ] [Thread-1 (]: 5 of 22 START test not_null_stg_accounts_account_id ............................ [RUN]
[0m22:14:19.807164 [debug] [Thread-4 (]: Began compiling node test.dbt_snowflake_trans.accepted_values_stg_accounts_account_type__SAVINGS__CHECKING.1bf6c16db4
[0m22:14:19.807438 [debug] [Thread-1 (]: Re-using an available connection from the pool (formerly model.dbt_snowflake_trans.stg_accounts, now test.dbt_snowflake_trans.not_null_stg_accounts_account_id.182dfbc108)
[0m22:14:19.815922 [debug] [Thread-4 (]: Writing injected SQL for node "test.dbt_snowflake_trans.accepted_values_stg_accounts_account_type__SAVINGS__CHECKING.1bf6c16db4"
[0m22:14:19.816414 [debug] [Thread-1 (]: Began compiling node test.dbt_snowflake_trans.not_null_stg_accounts_account_id.182dfbc108
[0m22:14:19.823985 [debug] [Thread-1 (]: Writing injected SQL for node "test.dbt_snowflake_trans.not_null_stg_accounts_account_id.182dfbc108"
[0m22:14:19.824836 [debug] [Thread-2 (]: SQL status: SUCCESS 1 in 1.131 seconds
[0m22:14:19.825417 [debug] [Thread-4 (]: Began executing node test.dbt_snowflake_trans.accepted_values_stg_accounts_account_type__SAVINGS__CHECKING.1bf6c16db4
[0m22:14:19.828010 [debug] [Thread-2 (]: Sending event: {'category': 'dbt', 'action': 'run_model', 'label': '25aa4a15-ff95-4b7b-8b36-e4da5671e06d', 'context': [<snowplow_tracker.self_describing_json.SelfDescribingJson object at 0x7b410aa15f40>]}
[0m22:14:19.828456 [debug] [Thread-1 (]: Began executing node test.dbt_snowflake_trans.not_null_stg_accounts_account_id.182dfbc108
[0m22:14:19.841767 [debug] [Thread-4 (]: Writing runtime sql for node "test.dbt_snowflake_trans.accepted_values_stg_accounts_account_type__SAVINGS__CHECKING.1bf6c16db4"
[0m22:14:19.842471 [info ] [Thread-2 (]: 2 of 22 OK created sql dynamic_table model RAW.stg_customers ................... [[32mSUCCESS 1[0m in 1.22s]
[0m22:14:19.844029 [debug] [Thread-1 (]: Writing runtime sql for node "test.dbt_snowflake_trans.not_null_stg_accounts_account_id.182dfbc108"
[0m22:14:19.844681 [debug] [Thread-4 (]: Using snowflake connection "test.dbt_snowflake_trans.accepted_values_stg_accounts_account_type__SAVINGS__CHECKING.1bf6c16db4"
[0m22:14:19.845236 [debug] [Thread-2 (]: Finished running node model.dbt_snowflake_trans.stg_customers
[0m22:14:19.845654 [debug] [Thread-4 (]: On test.dbt_snowflake_trans.accepted_values_stg_accounts_account_type__SAVINGS__CHECKING.1bf6c16db4: select
      count(*) as failures,
      count(*) != 0 as should_warn,
      count(*) != 0 as should_error
    from (
      
    
  
    
    

with all_values as (

    select
        account_type as value_field,
        count(*) as n_records

    from E2E_DB.RAW.stg_accounts
    group by account_type

)

select *
from all_values
where value_field not in (
    'SAVINGS','CHECKING'
)



  
  
      
    ) dbt_internal_test
/* {"app": "dbt", "dbt_version": "1.11.0b4", "profile_name": "dbt_snowflake_trans", "target_name": "dev", "node_id": "test.dbt_snowflake_trans.accepted_values_stg_accounts_account_type__SAVINGS__CHECKING.1bf6c16db4"} */
[0m22:14:19.846131 [debug] [Thread-1 (]: Using snowflake connection "test.dbt_snowflake_trans.not_null_stg_accounts_account_id.182dfbc108"
[0m22:14:19.846586 [debug] [Thread-2 (]: Began running node test.dbt_snowflake_trans.not_null_stg_accounts_customer_id.0b54f014a3
[0m22:14:19.847139 [debug] [Thread-4 (]: Opening a new connection, currently in state init
[0m22:14:19.847422 [debug] [Thread-1 (]: On test.dbt_snowflake_trans.not_null_stg_accounts_account_id.182dfbc108: select
      count(*) as failures,
      count(*) != 0 as should_warn,
      count(*) != 0 as should_error
    from (
      
    
  
    
    



select account_id
from E2E_DB.RAW.stg_accounts
where account_id is null



  
  
      
    ) dbt_internal_test
/* {"app": "dbt", "dbt_version": "1.11.0b4", "profile_name": "dbt_snowflake_trans", "target_name": "dev", "node_id": "test.dbt_snowflake_trans.not_null_stg_accounts_account_id.182dfbc108"} */
[0m22:14:19.847784 [info ] [Thread-2 (]: 6 of 22 START test not_null_stg_accounts_customer_id ........................... [RUN]
[0m22:14:19.850217 [debug] [Thread-2 (]: Re-using an available connection from the pool (formerly model.dbt_snowflake_trans.stg_customers, now test.dbt_snowflake_trans.not_null_stg_accounts_customer_id.0b54f014a3)
[0m22:14:19.850529 [debug] [Thread-2 (]: Began compiling node test.dbt_snowflake_trans.not_null_stg_accounts_customer_id.0b54f014a3
[0m22:14:19.853332 [debug] [Thread-2 (]: Writing injected SQL for node "test.dbt_snowflake_trans.not_null_stg_accounts_customer_id.0b54f014a3"
[0m22:14:19.854017 [debug] [Thread-2 (]: Began executing node test.dbt_snowflake_trans.not_null_stg_accounts_customer_id.0b54f014a3
[0m22:14:19.857501 [debug] [Thread-2 (]: Writing runtime sql for node "test.dbt_snowflake_trans.not_null_stg_accounts_customer_id.0b54f014a3"
[0m22:14:19.863709 [debug] [Thread-2 (]: Using snowflake connection "test.dbt_snowflake_trans.not_null_stg_accounts_customer_id.0b54f014a3"
[0m22:14:19.864044 [debug] [Thread-2 (]: On test.dbt_snowflake_trans.not_null_stg_accounts_customer_id.0b54f014a3: select
      count(*) as failures,
      count(*) != 0 as should_warn,
      count(*) != 0 as should_error
    from (
      
    
  
    
    



select customer_id
from E2E_DB.RAW.stg_accounts
where customer_id is null



  
  
      
    ) dbt_internal_test
/* {"app": "dbt", "dbt_version": "1.11.0b4", "profile_name": "dbt_snowflake_trans", "target_name": "dev", "node_id": "test.dbt_snowflake_trans.not_null_stg_accounts_customer_id.0b54f014a3"} */
[0m22:14:19.970929 [debug] [Thread-3 (]: SQL status: SUCCESS 1 in 1.276 seconds
[0m22:14:19.975682 [debug] [Thread-3 (]: Sending event: {'category': 'dbt', 'action': 'run_model', 'label': '25aa4a15-ff95-4b7b-8b36-e4da5671e06d', 'context': [<snowplow_tracker.self_describing_json.SelfDescribingJson object at 0x7b410aa8fc50>]}
[0m22:14:19.976175 [info ] [Thread-3 (]: 3 of 22 OK created sql dynamic_table model RAW.stg_transactions ................ [[32mSUCCESS 1[0m in 1.37s]
[0m22:14:19.976586 [debug] [Thread-3 (]: Finished running node model.dbt_snowflake_trans.stg_transactions
[0m22:14:19.976867 [debug] [Thread-3 (]: Began running node test.dbt_snowflake_trans.unique_stg_accounts_account_id.cdf6252c79
[0m22:14:19.977127 [info ] [Thread-3 (]: 7 of 22 START test unique_stg_accounts_account_id .............................. [RUN]
[0m22:14:19.977418 [debug] [Thread-3 (]: Re-using an available connection from the pool (formerly model.dbt_snowflake_trans.stg_transactions, now test.dbt_snowflake_trans.unique_stg_accounts_account_id.cdf6252c79)
[0m22:14:19.977656 [debug] [Thread-3 (]: Began compiling node test.dbt_snowflake_trans.unique_stg_accounts_account_id.cdf6252c79
[0m22:14:19.981976 [debug] [Thread-3 (]: Writing injected SQL for node "test.dbt_snowflake_trans.unique_stg_accounts_account_id.cdf6252c79"
[0m22:14:19.982672 [debug] [Thread-3 (]: Began executing node test.dbt_snowflake_trans.unique_stg_accounts_account_id.cdf6252c79
[0m22:14:19.984276 [debug] [Thread-3 (]: Writing runtime sql for node "test.dbt_snowflake_trans.unique_stg_accounts_account_id.cdf6252c79"
[0m22:14:19.984881 [debug] [Thread-3 (]: Using snowflake connection "test.dbt_snowflake_trans.unique_stg_accounts_account_id.cdf6252c79"
[0m22:14:19.985139 [debug] [Thread-3 (]: On test.dbt_snowflake_trans.unique_stg_accounts_account_id.cdf6252c79: select
      count(*) as failures,
      count(*) != 0 as should_warn,
      count(*) != 0 as should_error
    from (
      
    
  
    
    

select
    account_id as unique_field,
    count(*) as n_records

from E2E_DB.RAW.stg_accounts
where account_id is not null
group by account_id
having count(*) > 1



  
  
      
    ) dbt_internal_test
/* {"app": "dbt", "dbt_version": "1.11.0b4", "profile_name": "dbt_snowflake_trans", "target_name": "dev", "node_id": "test.dbt_snowflake_trans.unique_stg_accounts_account_id.cdf6252c79"} */
[0m22:14:20.029239 [debug] [Thread-2 (]: SQL status: SUCCESS 1 in 0.164 seconds
[0m22:14:20.036869 [info ] [Thread-2 (]: 6 of 22 PASS not_null_stg_accounts_customer_id ................................. [[32mPASS[0m in 0.19s]
[0m22:14:20.038921 [debug] [Thread-1 (]: SQL status: SUCCESS 1 in 0.190 seconds
[0m22:14:20.039967 [debug] [Thread-2 (]: Finished running node test.dbt_snowflake_trans.not_null_stg_accounts_customer_id.0b54f014a3
[0m22:14:20.043112 [info ] [Thread-1 (]: 5 of 22 PASS not_null_stg_accounts_account_id .................................. [[32mPASS[0m in 0.24s]
[0m22:14:20.044134 [debug] [Thread-2 (]: Began running node test.dbt_snowflake_trans.not_null_stg_customers_customer_id.e2cfb1f9aa
[0m22:14:20.045435 [debug] [Thread-1 (]: Finished running node test.dbt_snowflake_trans.not_null_stg_accounts_account_id.182dfbc108
[0m22:14:20.046295 [info ] [Thread-2 (]: 8 of 22 START test not_null_stg_customers_customer_id .......................... [RUN]
[0m22:14:20.047111 [debug] [Thread-1 (]: Began running node test.dbt_snowflake_trans.not_null_stg_customers_email.d7cf761533
[0m22:14:20.055746 [debug] [Thread-2 (]: Re-using an available connection from the pool (formerly test.dbt_snowflake_trans.not_null_stg_accounts_customer_id.0b54f014a3, now test.dbt_snowflake_trans.not_null_stg_customers_customer_id.e2cfb1f9aa)
[0m22:14:20.057203 [info ] [Thread-1 (]: 9 of 22 START test not_null_stg_customers_email ................................ [RUN]
[0m22:14:20.058065 [debug] [Thread-2 (]: Began compiling node test.dbt_snowflake_trans.not_null_stg_customers_customer_id.e2cfb1f9aa
[0m22:14:20.058742 [debug] [Thread-1 (]: Re-using an available connection from the pool (formerly test.dbt_snowflake_trans.not_null_stg_accounts_account_id.182dfbc108, now test.dbt_snowflake_trans.not_null_stg_customers_email.d7cf761533)
[0m22:14:20.066380 [debug] [Thread-2 (]: Writing injected SQL for node "test.dbt_snowflake_trans.not_null_stg_customers_customer_id.e2cfb1f9aa"
[0m22:14:20.067321 [debug] [Thread-1 (]: Began compiling node test.dbt_snowflake_trans.not_null_stg_customers_email.d7cf761533
[0m22:14:20.075413 [debug] [Thread-1 (]: Writing injected SQL for node "test.dbt_snowflake_trans.not_null_stg_customers_email.d7cf761533"
[0m22:14:20.076340 [debug] [Thread-2 (]: Began executing node test.dbt_snowflake_trans.not_null_stg_customers_customer_id.e2cfb1f9aa
[0m22:14:20.083205 [debug] [Thread-2 (]: Writing runtime sql for node "test.dbt_snowflake_trans.not_null_stg_customers_customer_id.e2cfb1f9aa"
[0m22:14:20.084077 [debug] [Thread-1 (]: Began executing node test.dbt_snowflake_trans.not_null_stg_customers_email.d7cf761533
[0m22:14:20.085067 [debug] [Thread-2 (]: Using snowflake connection "test.dbt_snowflake_trans.not_null_stg_customers_customer_id.e2cfb1f9aa"
[0m22:14:20.088172 [debug] [Thread-1 (]: Writing runtime sql for node "test.dbt_snowflake_trans.not_null_stg_customers_email.d7cf761533"
[0m22:14:20.088881 [debug] [Thread-2 (]: On test.dbt_snowflake_trans.not_null_stg_customers_customer_id.e2cfb1f9aa: select
      count(*) as failures,
      count(*) != 0 as should_warn,
      count(*) != 0 as should_error
    from (
      
    
  
    
    



select customer_id
from E2E_DB.RAW.stg_customers
where customer_id is null



  
  
      
    ) dbt_internal_test
/* {"app": "dbt", "dbt_version": "1.11.0b4", "profile_name": "dbt_snowflake_trans", "target_name": "dev", "node_id": "test.dbt_snowflake_trans.not_null_stg_customers_customer_id.e2cfb1f9aa"} */
[0m22:14:20.091937 [debug] [Thread-1 (]: Using snowflake connection "test.dbt_snowflake_trans.not_null_stg_customers_email.d7cf761533"
[0m22:14:20.092595 [debug] [Thread-1 (]: On test.dbt_snowflake_trans.not_null_stg_customers_email.d7cf761533: select
      count(*) as failures,
      count(*) != 0 as should_warn,
      count(*) != 0 as should_error
    from (
      
    
  
    
    



select email
from E2E_DB.RAW.stg_customers
where email is null



  
  
      
    ) dbt_internal_test
/* {"app": "dbt", "dbt_version": "1.11.0b4", "profile_name": "dbt_snowflake_trans", "target_name": "dev", "node_id": "test.dbt_snowflake_trans.not_null_stg_customers_email.d7cf761533"} */
[0m22:14:20.130971 [debug] [Thread-3 (]: SQL status: SUCCESS 1 in 0.145 seconds
[0m22:14:20.134699 [info ] [Thread-3 (]: 7 of 22 PASS unique_stg_accounts_account_id .................................... [[32mPASS[0m in 0.16s]
[0m22:14:20.135100 [debug] [Thread-3 (]: Finished running node test.dbt_snowflake_trans.unique_stg_accounts_account_id.cdf6252c79
[0m22:14:20.135364 [debug] [Thread-3 (]: Began running node test.dbt_snowflake_trans.relationships_stg_accounts_customer_id__customer_id__ref_stg_customers_.5f49160326
[0m22:14:20.135607 [info ] [Thread-3 (]: 10 of 22 START test relationships_stg_accounts_customer_id__customer_id__ref_stg_customers_  [RUN]
[0m22:14:20.135914 [debug] [Thread-3 (]: Re-using an available connection from the pool (formerly test.dbt_snowflake_trans.unique_stg_accounts_account_id.cdf6252c79, now test.dbt_snowflake_trans.relationships_stg_accounts_customer_id__customer_id__ref_stg_customers_.5f49160326)
[0m22:14:20.136138 [debug] [Thread-3 (]: Began compiling node test.dbt_snowflake_trans.relationships_stg_accounts_customer_id__customer_id__ref_stg_customers_.5f49160326
[0m22:14:20.141629 [debug] [Thread-3 (]: Writing injected SQL for node "test.dbt_snowflake_trans.relationships_stg_accounts_customer_id__customer_id__ref_stg_customers_.5f49160326"
[0m22:14:20.142016 [debug] [Thread-3 (]: Began executing node test.dbt_snowflake_trans.relationships_stg_accounts_customer_id__customer_id__ref_stg_customers_.5f49160326
[0m22:14:20.143515 [debug] [Thread-3 (]: Writing runtime sql for node "test.dbt_snowflake_trans.relationships_stg_accounts_customer_id__customer_id__ref_stg_customers_.5f49160326"
[0m22:14:20.144170 [debug] [Thread-3 (]: Using snowflake connection "test.dbt_snowflake_trans.relationships_stg_accounts_customer_id__customer_id__ref_stg_customers_.5f49160326"
[0m22:14:20.144455 [debug] [Thread-3 (]: On test.dbt_snowflake_trans.relationships_stg_accounts_customer_id__customer_id__ref_stg_customers_.5f49160326: select
      count(*) as failures,
      count(*) != 0 as should_warn,
      count(*) != 0 as should_error
    from (
      
    
  
    
    

with child as (
    select customer_id as from_field
    from E2E_DB.RAW.stg_accounts
    where customer_id is not null
),

parent as (
    select customer_id as to_field
    from E2E_DB.RAW.stg_customers
)

select
    from_field

from child
left join parent
    on child.from_field = parent.to_field

where parent.to_field is null



  
  
      
    ) dbt_internal_test
/* {"app": "dbt", "dbt_version": "1.11.0b4", "profile_name": "dbt_snowflake_trans", "target_name": "dev", "node_id": "test.dbt_snowflake_trans.relationships_stg_accounts_customer_id__customer_id__ref_stg_customers_.5f49160326"} */
[0m22:14:20.267927 [debug] [Thread-1 (]: SQL status: SUCCESS 1 in 0.175 seconds
[0m22:14:20.271549 [info ] [Thread-1 (]: 9 of 22 PASS not_null_stg_customers_email ...................................... [[32mPASS[0m in 0.21s]
[0m22:14:20.272061 [debug] [Thread-1 (]: Finished running node test.dbt_snowflake_trans.not_null_stg_customers_email.d7cf761533
[0m22:14:20.272364 [debug] [Thread-1 (]: Began running node test.dbt_snowflake_trans.unique_stg_customers_customer_id.c7614daada
[0m22:14:20.272820 [info ] [Thread-1 (]: 11 of 22 START test unique_stg_customers_customer_id ........................... [RUN]
[0m22:14:20.273177 [debug] [Thread-1 (]: Re-using an available connection from the pool (formerly test.dbt_snowflake_trans.not_null_stg_customers_email.d7cf761533, now test.dbt_snowflake_trans.unique_stg_customers_customer_id.c7614daada)
[0m22:14:20.273467 [debug] [Thread-1 (]: Began compiling node test.dbt_snowflake_trans.unique_stg_customers_customer_id.c7614daada
[0m22:14:20.276248 [debug] [Thread-1 (]: Writing injected SQL for node "test.dbt_snowflake_trans.unique_stg_customers_customer_id.c7614daada"
[0m22:14:20.276920 [debug] [Thread-1 (]: Began executing node test.dbt_snowflake_trans.unique_stg_customers_customer_id.c7614daada
[0m22:14:20.280011 [debug] [Thread-1 (]: Writing runtime sql for node "test.dbt_snowflake_trans.unique_stg_customers_customer_id.c7614daada"
[0m22:14:20.281186 [debug] [Thread-1 (]: Using snowflake connection "test.dbt_snowflake_trans.unique_stg_customers_customer_id.c7614daada"
[0m22:14:20.281686 [debug] [Thread-1 (]: On test.dbt_snowflake_trans.unique_stg_customers_customer_id.c7614daada: select
      count(*) as failures,
      count(*) != 0 as should_warn,
      count(*) != 0 as should_error
    from (
      
    
  
    
    

select
    customer_id as unique_field,
    count(*) as n_records

from E2E_DB.RAW.stg_customers
where customer_id is not null
group by customer_id
having count(*) > 1



  
  
      
    ) dbt_internal_test
/* {"app": "dbt", "dbt_version": "1.11.0b4", "profile_name": "dbt_snowflake_trans", "target_name": "dev", "node_id": "test.dbt_snowflake_trans.unique_stg_customers_customer_id.c7614daada"} */
[0m22:14:20.289871 [debug] [Thread-2 (]: SQL status: SUCCESS 1 in 0.200 seconds
[0m22:14:20.293975 [info ] [Thread-2 (]: 8 of 22 PASS not_null_stg_customers_customer_id ................................ [[32mPASS[0m in 0.24s]
[0m22:14:20.295804 [debug] [Thread-2 (]: Finished running node test.dbt_snowflake_trans.not_null_stg_customers_customer_id.e2cfb1f9aa
[0m22:14:20.297274 [debug] [Thread-2 (]: Began running node test.dbt_snowflake_trans.unique_stg_customers_email.1ebcb2333e
[0m22:14:20.298686 [info ] [Thread-2 (]: 12 of 22 START test unique_stg_customers_email ................................. [RUN]
[0m22:14:20.299756 [debug] [Thread-2 (]: Re-using an available connection from the pool (formerly test.dbt_snowflake_trans.not_null_stg_customers_customer_id.e2cfb1f9aa, now test.dbt_snowflake_trans.unique_stg_customers_email.1ebcb2333e)
[0m22:14:20.300641 [debug] [Thread-2 (]: Began compiling node test.dbt_snowflake_trans.unique_stg_customers_email.1ebcb2333e
[0m22:14:20.305391 [debug] [Thread-2 (]: Writing injected SQL for node "test.dbt_snowflake_trans.unique_stg_customers_email.1ebcb2333e"
[0m22:14:20.305760 [debug] [Thread-2 (]: Began executing node test.dbt_snowflake_trans.unique_stg_customers_email.1ebcb2333e
[0m22:14:20.307241 [debug] [Thread-2 (]: Writing runtime sql for node "test.dbt_snowflake_trans.unique_stg_customers_email.1ebcb2333e"
[0m22:14:20.307871 [debug] [Thread-2 (]: Using snowflake connection "test.dbt_snowflake_trans.unique_stg_customers_email.1ebcb2333e"
[0m22:14:20.308216 [debug] [Thread-2 (]: On test.dbt_snowflake_trans.unique_stg_customers_email.1ebcb2333e: select
      count(*) as failures,
      count(*) != 0 as should_warn,
      count(*) != 0 as should_error
    from (
      
    
  
    
    

select
    email as unique_field,
    count(*) as n_records

from E2E_DB.RAW.stg_customers
where email is not null
group by email
having count(*) > 1



  
  
      
    ) dbt_internal_test
/* {"app": "dbt", "dbt_version": "1.11.0b4", "profile_name": "dbt_snowflake_trans", "target_name": "dev", "node_id": "test.dbt_snowflake_trans.unique_stg_customers_email.1ebcb2333e"} */
[0m22:14:20.309375 [debug] [Thread-3 (]: SQL status: SUCCESS 1 in 0.165 seconds
[0m22:14:20.310039 [debug] [Thread-4 (]: SQL status: SUCCESS 1 in 0.463 seconds
[0m22:14:20.312250 [info ] [Thread-3 (]: 10 of 22 PASS relationships_stg_accounts_customer_id__customer_id__ref_stg_customers_  [[32mPASS[0m in 0.18s]
[0m22:14:20.315934 [info ] [Thread-4 (]: 4 of 22 PASS accepted_values_stg_accounts_account_type__SAVINGS__CHECKING ...... [[32mPASS[0m in 0.51s]
[0m22:14:20.316922 [debug] [Thread-3 (]: Finished running node test.dbt_snowflake_trans.relationships_stg_accounts_customer_id__customer_id__ref_stg_customers_.5f49160326
[0m22:14:20.317664 [debug] [Thread-4 (]: Finished running node test.dbt_snowflake_trans.accepted_values_stg_accounts_account_type__SAVINGS__CHECKING.1bf6c16db4
[0m22:14:20.318232 [debug] [Thread-3 (]: Began running node test.dbt_snowflake_trans.accepted_values_stg_transactions_txn_type__DEPOSIT__WITHDRAWAL__TRANSFER.ee9aed38b8
[0m22:14:20.318847 [debug] [Thread-4 (]: Began running node test.dbt_snowflake_trans.not_null_stg_transactions_account_id.a7d212da1d
[0m22:14:20.319522 [info ] [Thread-3 (]: 13 of 22 START test accepted_values_stg_transactions_txn_type__DEPOSIT__WITHDRAWAL__TRANSFER  [RUN]
[0m22:14:20.320043 [info ] [Thread-4 (]: 14 of 22 START test not_null_stg_transactions_account_id ....................... [RUN]
[0m22:14:20.320577 [debug] [Thread-3 (]: Re-using an available connection from the pool (formerly test.dbt_snowflake_trans.relationships_stg_accounts_customer_id__customer_id__ref_stg_customers_.5f49160326, now test.dbt_snowflake_trans.accepted_values_stg_transactions_txn_type__DEPOSIT__WITHDRAWAL__TRANSFER.ee9aed38b8)
[0m22:14:20.321102 [debug] [Thread-4 (]: Re-using an available connection from the pool (formerly test.dbt_snowflake_trans.accepted_values_stg_accounts_account_type__SAVINGS__CHECKING.1bf6c16db4, now test.dbt_snowflake_trans.not_null_stg_transactions_account_id.a7d212da1d)
[0m22:14:20.321620 [debug] [Thread-3 (]: Began compiling node test.dbt_snowflake_trans.accepted_values_stg_transactions_txn_type__DEPOSIT__WITHDRAWAL__TRANSFER.ee9aed38b8
[0m22:14:20.322098 [debug] [Thread-4 (]: Began compiling node test.dbt_snowflake_trans.not_null_stg_transactions_account_id.a7d212da1d
[0m22:14:20.330151 [debug] [Thread-3 (]: Writing injected SQL for node "test.dbt_snowflake_trans.accepted_values_stg_transactions_txn_type__DEPOSIT__WITHDRAWAL__TRANSFER.ee9aed38b8"
[0m22:14:20.336128 [debug] [Thread-4 (]: Writing injected SQL for node "test.dbt_snowflake_trans.not_null_stg_transactions_account_id.a7d212da1d"
[0m22:14:20.336996 [debug] [Thread-3 (]: Began executing node test.dbt_snowflake_trans.accepted_values_stg_transactions_txn_type__DEPOSIT__WITHDRAWAL__TRANSFER.ee9aed38b8
[0m22:14:20.342553 [debug] [Thread-3 (]: Writing runtime sql for node "test.dbt_snowflake_trans.accepted_values_stg_transactions_txn_type__DEPOSIT__WITHDRAWAL__TRANSFER.ee9aed38b8"
[0m22:14:20.343081 [debug] [Thread-4 (]: Began executing node test.dbt_snowflake_trans.not_null_stg_transactions_account_id.a7d212da1d
[0m22:14:20.346833 [debug] [Thread-4 (]: Writing runtime sql for node "test.dbt_snowflake_trans.not_null_stg_transactions_account_id.a7d212da1d"
[0m22:14:20.348157 [debug] [Thread-3 (]: Using snowflake connection "test.dbt_snowflake_trans.accepted_values_stg_transactions_txn_type__DEPOSIT__WITHDRAWAL__TRANSFER.ee9aed38b8"
[0m22:14:20.348819 [debug] [Thread-3 (]: On test.dbt_snowflake_trans.accepted_values_stg_transactions_txn_type__DEPOSIT__WITHDRAWAL__TRANSFER.ee9aed38b8: select
      count(*) as failures,
      count(*) != 0 as should_warn,
      count(*) != 0 as should_error
    from (
      
    
  
    
    

with all_values as (

    select
        txn_type as value_field,
        count(*) as n_records

    from E2E_DB.RAW.stg_transactions
    group by txn_type

)

select *
from all_values
where value_field not in (
    'DEPOSIT','WITHDRAWAL','TRANSFER'
)



  
  
      
    ) dbt_internal_test
/* {"app": "dbt", "dbt_version": "1.11.0b4", "profile_name": "dbt_snowflake_trans", "target_name": "dev", "node_id": "test.dbt_snowflake_trans.accepted_values_stg_transactions_txn_type__DEPOSIT__WITHDRAWAL__TRANSFER.ee9aed38b8"} */
[0m22:14:20.349687 [debug] [Thread-4 (]: Using snowflake connection "test.dbt_snowflake_trans.not_null_stg_transactions_account_id.a7d212da1d"
[0m22:14:20.350885 [debug] [Thread-4 (]: On test.dbt_snowflake_trans.not_null_stg_transactions_account_id.a7d212da1d: select
      count(*) as failures,
      count(*) != 0 as should_warn,
      count(*) != 0 as should_error
    from (
      
    
  
    
    



select account_id
from E2E_DB.RAW.stg_transactions
where account_id is null



  
  
      
    ) dbt_internal_test
/* {"app": "dbt", "dbt_version": "1.11.0b4", "profile_name": "dbt_snowflake_trans", "target_name": "dev", "node_id": "test.dbt_snowflake_trans.not_null_stg_transactions_account_id.a7d212da1d"} */
[0m22:14:20.435964 [debug] [Thread-1 (]: SQL status: SUCCESS 1 in 0.154 seconds
[0m22:14:20.440081 [info ] [Thread-1 (]: 11 of 22 PASS unique_stg_customers_customer_id ................................. [[32mPASS[0m in 0.17s]
[0m22:14:20.440529 [debug] [Thread-1 (]: Finished running node test.dbt_snowflake_trans.unique_stg_customers_customer_id.c7614daada
[0m22:14:20.440839 [debug] [Thread-1 (]: Began running node test.dbt_snowflake_trans.not_null_stg_transactions_transaction_id.1d00a8e2e4
[0m22:14:20.441106 [info ] [Thread-1 (]: 15 of 22 START test not_null_stg_transactions_transaction_id ................... [RUN]
[0m22:14:20.441462 [debug] [Thread-1 (]: Re-using an available connection from the pool (formerly test.dbt_snowflake_trans.unique_stg_customers_customer_id.c7614daada, now test.dbt_snowflake_trans.not_null_stg_transactions_transaction_id.1d00a8e2e4)
[0m22:14:20.441720 [debug] [Thread-1 (]: Began compiling node test.dbt_snowflake_trans.not_null_stg_transactions_transaction_id.1d00a8e2e4
[0m22:14:20.444399 [debug] [Thread-1 (]: Writing injected SQL for node "test.dbt_snowflake_trans.not_null_stg_transactions_transaction_id.1d00a8e2e4"
[0m22:14:20.444815 [debug] [Thread-1 (]: Began executing node test.dbt_snowflake_trans.not_null_stg_transactions_transaction_id.1d00a8e2e4
[0m22:14:20.446352 [debug] [Thread-1 (]: Writing runtime sql for node "test.dbt_snowflake_trans.not_null_stg_transactions_transaction_id.1d00a8e2e4"
[0m22:14:20.446918 [debug] [Thread-1 (]: Using snowflake connection "test.dbt_snowflake_trans.not_null_stg_transactions_transaction_id.1d00a8e2e4"
[0m22:14:20.447277 [debug] [Thread-1 (]: On test.dbt_snowflake_trans.not_null_stg_transactions_transaction_id.1d00a8e2e4: select
      count(*) as failures,
      count(*) != 0 as should_warn,
      count(*) != 0 as should_error
    from (
      
    
  
    
    



select transaction_id
from E2E_DB.RAW.stg_transactions
where transaction_id is null



  
  
      
    ) dbt_internal_test
/* {"app": "dbt", "dbt_version": "1.11.0b4", "profile_name": "dbt_snowflake_trans", "target_name": "dev", "node_id": "test.dbt_snowflake_trans.not_null_stg_transactions_transaction_id.1d00a8e2e4"} */
[0m22:14:20.467416 [debug] [Thread-2 (]: SQL status: SUCCESS 1 in 0.158 seconds
[0m22:14:20.472856 [info ] [Thread-2 (]: 12 of 22 PASS unique_stg_customers_email ....................................... [[32mPASS[0m in 0.17s]
[0m22:14:20.474808 [debug] [Thread-2 (]: Finished running node test.dbt_snowflake_trans.unique_stg_customers_email.1ebcb2333e
[0m22:14:20.475119 [debug] [Thread-2 (]: Began running node test.dbt_snowflake_trans.relationships_stg_transactions_account_id__account_id__ref_stg_accounts_.c0d3771e54
[0m22:14:20.475456 [info ] [Thread-2 (]: 16 of 22 START test relationships_stg_transactions_account_id__account_id__ref_stg_accounts_  [RUN]
[0m22:14:20.475849 [debug] [Thread-2 (]: Re-using an available connection from the pool (formerly test.dbt_snowflake_trans.unique_stg_customers_email.1ebcb2333e, now test.dbt_snowflake_trans.relationships_stg_transactions_account_id__account_id__ref_stg_accounts_.c0d3771e54)
[0m22:14:20.477044 [debug] [Thread-2 (]: Began compiling node test.dbt_snowflake_trans.relationships_stg_transactions_account_id__account_id__ref_stg_accounts_.c0d3771e54
[0m22:14:20.484546 [debug] [Thread-2 (]: Writing injected SQL for node "test.dbt_snowflake_trans.relationships_stg_transactions_account_id__account_id__ref_stg_accounts_.c0d3771e54"
[0m22:14:20.484960 [debug] [Thread-2 (]: Began executing node test.dbt_snowflake_trans.relationships_stg_transactions_account_id__account_id__ref_stg_accounts_.c0d3771e54
[0m22:14:20.486549 [debug] [Thread-2 (]: Writing runtime sql for node "test.dbt_snowflake_trans.relationships_stg_transactions_account_id__account_id__ref_stg_accounts_.c0d3771e54"
[0m22:14:20.487208 [debug] [Thread-2 (]: Using snowflake connection "test.dbt_snowflake_trans.relationships_stg_transactions_account_id__account_id__ref_stg_accounts_.c0d3771e54"
[0m22:14:20.487503 [debug] [Thread-2 (]: On test.dbt_snowflake_trans.relationships_stg_transactions_account_id__account_id__ref_stg_accounts_.c0d3771e54: select
      count(*) as failures,
      count(*) != 0 as should_warn,
      count(*) != 0 as should_error
    from (
      
    
  
    
    

with child as (
    select account_id as from_field
    from E2E_DB.RAW.stg_transactions
    where account_id is not null
),

parent as (
    select account_id as to_field
    from E2E_DB.RAW.stg_accounts
)

select
    from_field

from child
left join parent
    on child.from_field = parent.to_field

where parent.to_field is null



  
  
      
    ) dbt_internal_test
/* {"app": "dbt", "dbt_version": "1.11.0b4", "profile_name": "dbt_snowflake_trans", "target_name": "dev", "node_id": "test.dbt_snowflake_trans.relationships_stg_transactions_account_id__account_id__ref_stg_accounts_.c0d3771e54"} */
[0m22:14:20.512470 [debug] [Thread-4 (]: SQL status: SUCCESS 1 in 0.160 seconds
[0m22:14:20.517509 [info ] [Thread-4 (]: 14 of 22 PASS not_null_stg_transactions_account_id ............................. [[32mPASS[0m in 0.20s]
[0m22:14:20.518728 [debug] [Thread-4 (]: Finished running node test.dbt_snowflake_trans.not_null_stg_transactions_account_id.a7d212da1d
[0m22:14:20.519550 [debug] [Thread-4 (]: Began running node test.dbt_snowflake_trans.unique_stg_transactions_transaction_id.ee9a78a396
[0m22:14:20.520217 [info ] [Thread-4 (]: 17 of 22 START test unique_stg_transactions_transaction_id ..................... [RUN]
[0m22:14:20.520905 [debug] [Thread-4 (]: Re-using an available connection from the pool (formerly test.dbt_snowflake_trans.not_null_stg_transactions_account_id.a7d212da1d, now test.dbt_snowflake_trans.unique_stg_transactions_transaction_id.ee9a78a396)
[0m22:14:20.521482 [debug] [Thread-4 (]: Began compiling node test.dbt_snowflake_trans.unique_stg_transactions_transaction_id.ee9a78a396
[0m22:14:20.526407 [debug] [Thread-4 (]: Writing injected SQL for node "test.dbt_snowflake_trans.unique_stg_transactions_transaction_id.ee9a78a396"
[0m22:14:20.526957 [debug] [Thread-4 (]: Began executing node test.dbt_snowflake_trans.unique_stg_transactions_transaction_id.ee9a78a396
[0m22:14:20.528942 [debug] [Thread-4 (]: Writing runtime sql for node "test.dbt_snowflake_trans.unique_stg_transactions_transaction_id.ee9a78a396"
[0m22:14:20.529568 [debug] [Thread-4 (]: Using snowflake connection "test.dbt_snowflake_trans.unique_stg_transactions_transaction_id.ee9a78a396"
[0m22:14:20.529842 [debug] [Thread-4 (]: On test.dbt_snowflake_trans.unique_stg_transactions_transaction_id.ee9a78a396: select
      count(*) as failures,
      count(*) != 0 as should_warn,
      count(*) != 0 as should_error
    from (
      
    
  
    
    

select
    transaction_id as unique_field,
    count(*) as n_records

from E2E_DB.RAW.stg_transactions
where transaction_id is not null
group by transaction_id
having count(*) > 1



  
  
      
    ) dbt_internal_test
/* {"app": "dbt", "dbt_version": "1.11.0b4", "profile_name": "dbt_snowflake_trans", "target_name": "dev", "node_id": "test.dbt_snowflake_trans.unique_stg_transactions_transaction_id.ee9a78a396"} */
[0m22:14:20.625595 [debug] [Thread-1 (]: SQL status: SUCCESS 1 in 0.178 seconds
[0m22:14:20.629874 [info ] [Thread-1 (]: 15 of 22 PASS not_null_stg_transactions_transaction_id ......................... [[32mPASS[0m in 0.19s]
[0m22:14:20.630766 [debug] [Thread-1 (]: Finished running node test.dbt_snowflake_trans.not_null_stg_transactions_transaction_id.1d00a8e2e4
[0m22:14:20.631160 [debug] [Thread-1 (]: Began running node snapshot.dbt_snowflake_trans.snp_accounts
[0m22:14:20.631761 [info ] [Thread-1 (]: 18 of 22 START snapshot SNAPSHOTS.snp_accounts ................................. [RUN]
[0m22:14:20.632088 [debug] [Thread-1 (]: Re-using an available connection from the pool (formerly test.dbt_snowflake_trans.not_null_stg_transactions_transaction_id.1d00a8e2e4, now snapshot.dbt_snowflake_trans.snp_accounts)
[0m22:14:20.632344 [debug] [Thread-1 (]: Began compiling node snapshot.dbt_snowflake_trans.snp_accounts
[0m22:14:20.636436 [debug] [Thread-1 (]: Began executing node snapshot.dbt_snowflake_trans.snp_accounts
[0m22:14:20.672265 [debug] [Thread-4 (]: SQL status: SUCCESS 1 in 0.142 seconds
[0m22:14:20.679355 [info ] [Thread-4 (]: 17 of 22 PASS unique_stg_transactions_transaction_id ........................... [[32mPASS[0m in 0.16s]
[0m22:14:20.685416 [debug] [Thread-2 (]: SQL status: SUCCESS 1 in 0.198 seconds
[0m22:14:20.686027 [debug] [Thread-4 (]: Finished running node test.dbt_snowflake_trans.unique_stg_transactions_transaction_id.ee9a78a396
[0m22:14:20.690754 [debug] [Thread-1 (]: Using snowflake connection "snapshot.dbt_snowflake_trans.snp_accounts"
[0m22:14:20.692790 [info ] [Thread-2 (]: 16 of 22 PASS relationships_stg_transactions_account_id__account_id__ref_stg_accounts_  [[32mPASS[0m in 0.22s]
[0m22:14:20.693141 [debug] [Thread-4 (]: Began running node snapshot.dbt_snowflake_trans.snp_customers
[0m22:14:20.693505 [debug] [Thread-1 (]: On snapshot.dbt_snowflake_trans.snp_accounts: select * from (
        
    

    select *,
        md5(coalesce(cast(account_id as varchar ), '')
         || '|' || coalesce(cast(last_updated_at as varchar ), '')
        ) as dbt_scd_id,
        last_updated_at as dbt_updated_at,
        last_updated_at as dbt_valid_from,
        
  
  coalesce(nullif(last_updated_at, last_updated_at), null)
  as dbt_valid_to
from (
        



SELECT * FROM E2E_DB.RAW.stg_accounts

    ) sbq



    ) as __dbt_sbq
    where false
    limit 0
/* {"app": "dbt", "dbt_version": "1.11.0b4", "profile_name": "dbt_snowflake_trans", "target_name": "dev", "node_id": "snapshot.dbt_snowflake_trans.snp_accounts"} */
/* {"app": "dbt", "dbt_version": "1.11.0b4", "profile_name": "dbt_snowflake_trans", "target_name": "dev", "node_id": "snapshot.dbt_snowflake_trans.snp_accounts"} */
[0m22:14:20.693912 [debug] [Thread-2 (]: Finished running node test.dbt_snowflake_trans.relationships_stg_transactions_account_id__account_id__ref_stg_accounts_.c0d3771e54
[0m22:14:20.694263 [info ] [Thread-4 (]: 19 of 22 START snapshot SNAPSHOTS.snp_customers ................................ [RUN]
[0m22:14:20.695298 [debug] [Thread-4 (]: Re-using an available connection from the pool (formerly test.dbt_snowflake_trans.unique_stg_transactions_transaction_id.ee9a78a396, now snapshot.dbt_snowflake_trans.snp_customers)
[0m22:14:20.695743 [debug] [Thread-4 (]: Began compiling node snapshot.dbt_snowflake_trans.snp_customers
[0m22:14:20.697839 [debug] [Thread-4 (]: Began executing node snapshot.dbt_snowflake_trans.snp_customers
[0m22:14:20.700390 [debug] [Thread-4 (]: Using snowflake connection "snapshot.dbt_snowflake_trans.snp_customers"
[0m22:14:20.700675 [debug] [Thread-4 (]: On snapshot.dbt_snowflake_trans.snp_customers: select * from (
        
    

    select *,
        md5(coalesce(cast(customer_id as varchar ), '')
         || '|' || coalesce(cast(last_updated_at as varchar ), '')
        ) as dbt_scd_id,
        last_updated_at as dbt_updated_at,
        last_updated_at as dbt_valid_from,
        
  
  coalesce(nullif(last_updated_at, last_updated_at), null)
  as dbt_valid_to
from (
        




SELECT * FROM E2E_DB.RAW.stg_customers

    ) sbq



    ) as __dbt_sbq
    where false
    limit 0
/* {"app": "dbt", "dbt_version": "1.11.0b4", "profile_name": "dbt_snowflake_trans", "target_name": "dev", "node_id": "snapshot.dbt_snowflake_trans.snp_customers"} */
/* {"app": "dbt", "dbt_version": "1.11.0b4", "profile_name": "dbt_snowflake_trans", "target_name": "dev", "node_id": "snapshot.dbt_snowflake_trans.snp_customers"} */
[0m22:14:20.752425 [debug] [Thread-3 (]: SQL status: SUCCESS 1 in 0.402 seconds
[0m22:14:20.756738 [info ] [Thread-3 (]: 13 of 22 PASS accepted_values_stg_transactions_txn_type__DEPOSIT__WITHDRAWAL__TRANSFER  [[32mPASS[0m in 0.44s]
[0m22:14:20.757875 [debug] [Thread-3 (]: Finished running node test.dbt_snowflake_trans.accepted_values_stg_transactions_txn_type__DEPOSIT__WITHDRAWAL__TRANSFER.ee9aed38b8
[0m22:14:20.759147 [debug] [Thread-2 (]: Began running node model.dbt_snowflake_trans.fact_transactions
[0m22:14:20.759974 [info ] [Thread-2 (]: 20 of 22 START sql incremental model RAW.fact_transactions ..................... [RUN]
[0m22:14:20.760683 [debug] [Thread-2 (]: Re-using an available connection from the pool (formerly test.dbt_snowflake_trans.relationships_stg_transactions_account_id__account_id__ref_stg_accounts_.c0d3771e54, now model.dbt_snowflake_trans.fact_transactions)
[0m22:14:20.761241 [debug] [Thread-2 (]: Began compiling node model.dbt_snowflake_trans.fact_transactions
[0m22:14:20.769040 [debug] [Thread-2 (]: Writing injected SQL for node "model.dbt_snowflake_trans.fact_transactions"
[0m22:14:20.769455 [debug] [Thread-2 (]: Began executing node model.dbt_snowflake_trans.fact_transactions
[0m22:14:20.798294 [debug] [Thread-2 (]: Writing runtime sql for node "model.dbt_snowflake_trans.fact_transactions"
[0m22:14:20.799156 [debug] [Thread-2 (]: Using snowflake connection "model.dbt_snowflake_trans.fact_transactions"
[0m22:14:20.799453 [debug] [Thread-2 (]: On model.dbt_snowflake_trans.fact_transactions: create or replace transient table E2E_DB.RAW.fact_transactions
    
    
    
    as (

WITH transactions AS (
    SELECT * FROM E2E_DB.RAW.stg_transactions
    
    -- LOGIC INCREMENTAL:
    -- Chỉ lấy các giao dịch có thời gian xử lý (processed_at) LỚN HƠN 
    -- thời gian max hiện có trong bảng đích (this).
    
),

-- Join thêm thông tin Account để lấy Customer ID (Denormalization)
accounts AS (
    SELECT account_id, customer_id FROM E2E_DB.RAW.stg_accounts
)

SELECT
    t.transaction_id,
    t.account_id,
    a.customer_id, 
    
    t.txn_type,
    t.status,
    t.amount,
    
    -- Tách Date Dimension (Ngày/Tháng/Năm) phục vụ Partitioning hoặc Filter nhanh
    DATE(t.created_at) AS transaction_date_key,
    YEAR(t.created_at) AS transaction_year,
    MONTH(t.created_at) AS transaction_month,
    
    t.created_at AS transaction_timestamp,
    t.processed_at, -- Cột mốc để chạy incremental
    current_timestamp() AS dwh_load_at

FROM transactions t
LEFT JOIN accounts a ON t.account_id = a.account_id
    )

/* {"app": "dbt", "dbt_version": "1.11.0b4", "profile_name": "dbt_snowflake_trans", "target_name": "dev", "node_id": "model.dbt_snowflake_trans.fact_transactions"} */;
[0m22:14:20.812152 [debug] [Thread-4 (]: SQL status: SUCCESS 0 in 0.111 seconds
[0m22:14:20.817030 [debug] [Thread-4 (]: Using snowflake connection "snapshot.dbt_snowflake_trans.snp_customers"
[0m22:14:20.817314 [debug] [Thread-4 (]: On snapshot.dbt_snowflake_trans.snp_customers: select * from (
        select to_timestamp_ntz(convert_timezone('UTC', current_timestamp())) as dbt_snapshot_time
    ) as __dbt_sbq
    where false
    limit 0
/* {"app": "dbt", "dbt_version": "1.11.0b4", "profile_name": "dbt_snowflake_trans", "target_name": "dev", "node_id": "snapshot.dbt_snowflake_trans.snp_customers"} */
/* {"app": "dbt", "dbt_version": "1.11.0b4", "profile_name": "dbt_snowflake_trans", "target_name": "dev", "node_id": "snapshot.dbt_snowflake_trans.snp_customers"} */
[0m22:14:20.845743 [debug] [Thread-1 (]: SQL status: SUCCESS 0 in 0.151 seconds
[0m22:14:20.848366 [debug] [Thread-1 (]: Using snowflake connection "snapshot.dbt_snowflake_trans.snp_accounts"
[0m22:14:20.849178 [debug] [Thread-1 (]: On snapshot.dbt_snowflake_trans.snp_accounts: select * from (
        select to_timestamp_ntz(convert_timezone('UTC', current_timestamp())) as dbt_snapshot_time
    ) as __dbt_sbq
    where false
    limit 0
/* {"app": "dbt", "dbt_version": "1.11.0b4", "profile_name": "dbt_snowflake_trans", "target_name": "dev", "node_id": "snapshot.dbt_snowflake_trans.snp_accounts"} */
/* {"app": "dbt", "dbt_version": "1.11.0b4", "profile_name": "dbt_snowflake_trans", "target_name": "dev", "node_id": "snapshot.dbt_snowflake_trans.snp_accounts"} */
[0m22:14:20.902905 [debug] [Thread-4 (]: SQL status: SUCCESS 0 in 0.085 seconds
[0m22:14:20.903323 [debug] [Thread-4 (]: Writing runtime sql for node "snapshot.dbt_snowflake_trans.snp_customers"
[0m22:14:20.904025 [debug] [Thread-4 (]: Using snowflake connection "snapshot.dbt_snowflake_trans.snp_customers"
[0m22:14:20.904304 [debug] [Thread-4 (]: On snapshot.dbt_snowflake_trans.snp_customers: create or replace transient table E2E_DB.SNAPSHOTS.snp_customers
    
    
    
    as (
    

    select *,
        md5(coalesce(cast(customer_id as varchar ), '')
         || '|' || coalesce(cast(last_updated_at as varchar ), '')
        ) as dbt_scd_id,
        last_updated_at as dbt_updated_at,
        last_updated_at as dbt_valid_from,
        
  
  coalesce(nullif(last_updated_at, last_updated_at), null)
  as dbt_valid_to
from (
        




SELECT * FROM E2E_DB.RAW.stg_customers

    ) sbq



    )

/* {"app": "dbt", "dbt_version": "1.11.0b4", "profile_name": "dbt_snowflake_trans", "target_name": "dev", "node_id": "snapshot.dbt_snowflake_trans.snp_customers"} */;
[0m22:14:20.946164 [debug] [Thread-1 (]: SQL status: SUCCESS 0 in 0.096 seconds
[0m22:14:20.947372 [debug] [Thread-1 (]: Writing runtime sql for node "snapshot.dbt_snowflake_trans.snp_accounts"
[0m22:14:20.949202 [debug] [Thread-1 (]: Using snowflake connection "snapshot.dbt_snowflake_trans.snp_accounts"
[0m22:14:20.949943 [debug] [Thread-1 (]: On snapshot.dbt_snowflake_trans.snp_accounts: create or replace transient table E2E_DB.SNAPSHOTS.snp_accounts
    
    
    
    as (
    

    select *,
        md5(coalesce(cast(account_id as varchar ), '')
         || '|' || coalesce(cast(last_updated_at as varchar ), '')
        ) as dbt_scd_id,
        last_updated_at as dbt_updated_at,
        last_updated_at as dbt_valid_from,
        
  
  coalesce(nullif(last_updated_at, last_updated_at), null)
  as dbt_valid_to
from (
        



SELECT * FROM E2E_DB.RAW.stg_accounts

    ) sbq



    )

/* {"app": "dbt", "dbt_version": "1.11.0b4", "profile_name": "dbt_snowflake_trans", "target_name": "dev", "node_id": "snapshot.dbt_snowflake_trans.snp_accounts"} */;
[0m22:14:21.417294 [debug] [Thread-4 (]: SQL status: SUCCESS 1 in 0.512 seconds
[0m22:14:21.419565 [debug] [Thread-2 (]: SQL status: SUCCESS 1 in 0.620 seconds
[0m22:14:21.428955 [debug] [Thread-4 (]: Sending event: {'category': 'dbt', 'action': 'run_model', 'label': '25aa4a15-ff95-4b7b-8b36-e4da5671e06d', 'context': [<snowplow_tracker.self_describing_json.SelfDescribingJson object at 0x7b410abaeea0>]}
[0m22:14:21.441333 [debug] [Thread-2 (]: Applying DROP to: E2E_DB.RAW.fact_transactions__dbt_tmp
[0m22:14:21.442725 [info ] [Thread-4 (]: 19 of 22 OK snapshotted SNAPSHOTS.snp_customers ................................ [[32mSUCCESS 1[0m in 0.73s]
[0m22:14:21.449722 [debug] [Thread-1 (]: SQL status: SUCCESS 1 in 0.499 seconds
[0m22:14:21.452055 [debug] [Thread-2 (]: Using snowflake connection "model.dbt_snowflake_trans.fact_transactions"
[0m22:14:21.452515 [debug] [Thread-4 (]: Finished running node snapshot.dbt_snowflake_trans.snp_customers
[0m22:14:21.454106 [debug] [Thread-1 (]: Sending event: {'category': 'dbt', 'action': 'run_model', 'label': '25aa4a15-ff95-4b7b-8b36-e4da5671e06d', 'context': [<snowplow_tracker.self_describing_json.SelfDescribingJson object at 0x7b4108175730>]}
[0m22:14:21.454417 [debug] [Thread-2 (]: On model.dbt_snowflake_trans.fact_transactions: drop table if exists E2E_DB.RAW.fact_transactions__dbt_tmp cascade
/* {"app": "dbt", "dbt_version": "1.11.0b4", "profile_name": "dbt_snowflake_trans", "target_name": "dev", "node_id": "model.dbt_snowflake_trans.fact_transactions"} */
[0m22:14:21.455102 [info ] [Thread-1 (]: 18 of 22 OK snapshotted SNAPSHOTS.snp_accounts ................................. [[32mSUCCESS 1[0m in 0.82s]
[0m22:14:21.455448 [debug] [Thread-3 (]: Began running node model.dbt_snowflake_trans.dim_customers
[0m22:14:21.456920 [debug] [Thread-1 (]: Finished running node snapshot.dbt_snowflake_trans.snp_accounts
[0m22:14:21.457712 [info ] [Thread-3 (]: 21 of 22 START sql table model RAW.dim_customers ............................... [RUN]
[0m22:14:21.458374 [debug] [Thread-3 (]: Re-using an available connection from the pool (formerly test.dbt_snowflake_trans.accepted_values_stg_transactions_txn_type__DEPOSIT__WITHDRAWAL__TRANSFER.ee9aed38b8, now model.dbt_snowflake_trans.dim_customers)
[0m22:14:21.458667 [debug] [Thread-3 (]: Began compiling node model.dbt_snowflake_trans.dim_customers
[0m22:14:21.460566 [debug] [Thread-3 (]: Writing injected SQL for node "model.dbt_snowflake_trans.dim_customers"
[0m22:14:21.460860 [debug] [Thread-4 (]: Began running node model.dbt_snowflake_trans.dim_accounts
[0m22:14:21.461290 [info ] [Thread-4 (]: 22 of 22 START sql table model RAW.dim_accounts ................................ [RUN]
[0m22:14:21.461623 [debug] [Thread-4 (]: Re-using an available connection from the pool (formerly snapshot.dbt_snowflake_trans.snp_customers, now model.dbt_snowflake_trans.dim_accounts)
[0m22:14:21.461890 [debug] [Thread-4 (]: Began compiling node model.dbt_snowflake_trans.dim_accounts
[0m22:14:21.462132 [debug] [Thread-3 (]: Began executing node model.dbt_snowflake_trans.dim_customers
[0m22:14:21.463852 [debug] [Thread-4 (]: Writing injected SQL for node "model.dbt_snowflake_trans.dim_accounts"
[0m22:14:21.470436 [debug] [Thread-3 (]: Writing runtime sql for node "model.dbt_snowflake_trans.dim_customers"
[0m22:14:21.470882 [debug] [Thread-4 (]: Began executing node model.dbt_snowflake_trans.dim_accounts
[0m22:14:21.472452 [debug] [Thread-4 (]: Writing runtime sql for node "model.dbt_snowflake_trans.dim_accounts"
[0m22:14:21.473019 [debug] [Thread-3 (]: Using snowflake connection "model.dbt_snowflake_trans.dim_customers"
[0m22:14:21.473374 [debug] [Thread-3 (]: On model.dbt_snowflake_trans.dim_customers: create or replace transient table E2E_DB.RAW.dim_customers
    
    
    
    as (

WITH snapshot_source AS (
    -- Đọc từ bảng Snapshot thay vì Staging
    SELECT * FROM E2E_DB.SNAPSHOTS.snp_customers
)

SELECT
    customer_id,
    CONCAT(first_name, ' ', last_name) AS full_name,
    first_name,
    last_name,
    email,
    
    -- Các cột của Snapshot
    dbt_valid_from AS valid_from,
    dbt_valid_to   AS valid_to,
    
    last_updated_at,
    current_timestamp() AS dwh_load_at

FROM snapshot_source
    )

/* {"app": "dbt", "dbt_version": "1.11.0b4", "profile_name": "dbt_snowflake_trans", "target_name": "dev", "node_id": "model.dbt_snowflake_trans.dim_customers"} */;
[0m22:14:21.474146 [debug] [Thread-4 (]: Using snowflake connection "model.dbt_snowflake_trans.dim_accounts"
[0m22:14:21.474632 [debug] [Thread-4 (]: On model.dbt_snowflake_trans.dim_accounts: create or replace transient table E2E_DB.RAW.dim_accounts
    
    
    
    as (

WITH snapshot_source AS (
    SELECT * FROM E2E_DB.SNAPSHOTS.snp_accounts
)

SELECT
    account_id,
    customer_id,
    account_type,
    balance,
    currency,
    
    -- Business Logic vẫn giữ nguyên
    CASE 
        WHEN balance >= 5000 THEN 'VIP'
        WHEN balance >= 1000 THEN 'GOLD'
        ELSE 'STANDARD'
    END AS customer_segment,
    
    -- Cột lịch sử
    dbt_valid_from AS valid_from,
    dbt_valid_to   AS valid_to,
    
    last_updated_at,
    current_timestamp() AS dwh_load_at

FROM snapshot_source
    )

/* {"app": "dbt", "dbt_version": "1.11.0b4", "profile_name": "dbt_snowflake_trans", "target_name": "dev", "node_id": "model.dbt_snowflake_trans.dim_accounts"} */;
[0m22:14:21.567730 [debug] [Thread-2 (]: SQL status: SUCCESS 1 in 0.112 seconds
[0m22:14:21.571439 [debug] [Thread-2 (]: Sending event: {'category': 'dbt', 'action': 'run_model', 'label': '25aa4a15-ff95-4b7b-8b36-e4da5671e06d', 'context': [<snowplow_tracker.self_describing_json.SelfDescribingJson object at 0x7b40ebf17aa0>]}
[0m22:14:21.571880 [info ] [Thread-2 (]: 20 of 22 OK created sql incremental model RAW.fact_transactions ................ [[32mSUCCESS 1[0m in 0.81s]
[0m22:14:21.572273 [debug] [Thread-2 (]: Finished running node model.dbt_snowflake_trans.fact_transactions
[0m22:14:21.942107 [debug] [Thread-4 (]: SQL status: SUCCESS 1 in 0.466 seconds
[0m22:14:21.945690 [debug] [Thread-4 (]: Sending event: {'category': 'dbt', 'action': 'run_model', 'label': '25aa4a15-ff95-4b7b-8b36-e4da5671e06d', 'context': [<snowplow_tracker.self_describing_json.SelfDescribingJson object at 0x7b4108176600>]}
[0m22:14:21.946382 [info ] [Thread-4 (]: 22 of 22 OK created sql table model RAW.dim_accounts ........................... [[32mSUCCESS 1[0m in 0.48s]
[0m22:14:21.946937 [debug] [Thread-3 (]: SQL status: SUCCESS 1 in 0.473 seconds
[0m22:14:21.947338 [debug] [Thread-4 (]: Finished running node model.dbt_snowflake_trans.dim_accounts
[0m22:14:21.948653 [debug] [Thread-3 (]: Sending event: {'category': 'dbt', 'action': 'run_model', 'label': '25aa4a15-ff95-4b7b-8b36-e4da5671e06d', 'context': [<snowplow_tracker.self_describing_json.SelfDescribingJson object at 0x7b410aae4d40>]}
[0m22:14:21.949114 [info ] [Thread-3 (]: 21 of 22 OK created sql table model RAW.dim_customers .......................... [[32mSUCCESS 1[0m in 0.49s]
[0m22:14:21.949553 [debug] [Thread-3 (]: Finished running node model.dbt_snowflake_trans.dim_customers
[0m22:14:21.950589 [debug] [MainThread]: Connection 'master' was properly closed.
[0m22:14:21.950847 [debug] [MainThread]: Connection 'model.dbt_snowflake_trans.fact_transactions' was left open.
[0m22:14:21.951074 [debug] [MainThread]: On model.dbt_snowflake_trans.fact_transactions: Close
[0m22:14:22.140164 [debug] [MainThread]: Connection 'snapshot.dbt_snowflake_trans.snp_accounts' was left open.
[0m22:14:22.141175 [debug] [MainThread]: On snapshot.dbt_snowflake_trans.snp_accounts: Close
[0m22:14:22.311944 [debug] [MainThread]: Connection 'model.dbt_snowflake_trans.dim_customers' was left open.
[0m22:14:22.313070 [debug] [MainThread]: On model.dbt_snowflake_trans.dim_customers: Close
[0m22:14:22.480073 [debug] [MainThread]: Connection 'model.dbt_snowflake_trans.dim_accounts' was left open.
[0m22:14:22.481118 [debug] [MainThread]: On model.dbt_snowflake_trans.dim_accounts: Close
[0m22:14:22.649592 [info ] [MainThread]: 
[0m22:14:22.650809 [info ] [MainThread]: Finished running 3 dynamic table models, 1 incremental model, 2 snapshots, 2 table models, 14 data tests in 0 hours 0 minutes and 5.15 seconds (5.15s).
[0m22:14:22.656473 [debug] [MainThread]: Command end result
[0m22:14:22.678278 [debug] [MainThread]: Wrote artifact WritableManifest to /home/phuoc19/Projects/end_to_end_aws/dbt_snowflake_trans/target/manifest.json
[0m22:14:22.679373 [debug] [MainThread]: Wrote artifact SemanticManifest to /home/phuoc19/Projects/end_to_end_aws/dbt_snowflake_trans/target/semantic_manifest.json
[0m22:14:22.683843 [debug] [MainThread]: Wrote artifact RunExecutionResult to /home/phuoc19/Projects/end_to_end_aws/dbt_snowflake_trans/target/run_results.json
[0m22:14:22.684103 [info ] [MainThread]: 
[0m22:14:22.684358 [info ] [MainThread]: [32mCompleted successfully[0m
[0m22:14:22.684578 [info ] [MainThread]: 
[0m22:14:22.684791 [info ] [MainThread]: Done. PASS=22 WARN=0 ERROR=0 SKIP=0 NO-OP=0 TOTAL=22
[0m22:14:22.685406 [debug] [MainThread]: Resource report: {"command_name": "build", "command_success": true, "command_wall_clock_time": 5.9780717, "process_in_blocks": "0", "process_kernel_time": 0.187158, "process_mem_max_rss": "200084", "process_out_blocks": "2904", "process_user_time": 4.010385}
[0m22:14:22.685714 [debug] [MainThread]: Command `dbt build` succeeded at 22:14:22.685650 after 5.98 seconds
[0m22:14:22.685957 [debug] [MainThread]: Sending event: {'category': 'dbt', 'action': 'invocation', 'label': 'end', 'context': [<snowplow_tracker.self_describing_json.SelfDescribingJson object at 0x7b413a932c00>, <snowplow_tracker.self_describing_json.SelfDescribingJson object at 0x7b410811aa80>, <snowplow_tracker.self_describing_json.SelfDescribingJson object at 0x7b413a5fec00>]}
[0m22:14:22.686211 [debug] [MainThread]: Flushing usage events
[0m22:14:24.179415 [debug] [MainThread]: An error was encountered while trying to flush usage events
[0m22:30:31.857946 [debug] [MainThread]: Sending event: {'category': 'dbt', 'action': 'invocation', 'label': 'start', 'context': [<snowplow_tracker.self_describing_json.SelfDescribingJson object at 0x7385c232dee0>, <snowplow_tracker.self_describing_json.SelfDescribingJson object at 0x7385c2663a40>, <snowplow_tracker.self_describing_json.SelfDescribingJson object at 0x7385c2175340>]}


============================== 22:30:31.860294 | 9380952a-15a4-4122-bad4-aef5707220da ==============================
[0m22:30:31.860294 [info ] [MainThread]: Running with dbt=1.11.0-b4
[0m22:30:31.860679 [debug] [MainThread]: running dbt with arguments {'empty': 'False', 'profiles_dir': '/home/phuoc19/.dbt', 'partial_parse': 'True', 'log_format': 'default', 'target_path': 'None', 'send_anonymous_usage_stats': 'True', 'cache_selected_only': 'False', 'version_check': 'True', 'log_path': '/home/phuoc19/Projects/end_to_end_aws/dbt_snowflake_trans/logs', 'warn_error_options': 'WarnErrorOptionsV2(error=[], warn=[], silence=[])', 'write_json': 'True', 'log_cache_events': 'False', 'printer_width': '80', 'invocation_command': 'dbt build --full-refresh', 'introspect': 'True', 'debug': 'False', 'static_parser': 'True', 'use_colors': 'True', 'warn_error': 'None', 'fail_fast': 'False', 'quiet': 'False', 'no_print': 'None', 'use_experimental_parser': 'False', 'indirect_selection': 'eager'}
[0m22:30:32.164756 [debug] [MainThread]: Snowflake adapter: Setting snowflake.connector to ERROR (file logging only)
[0m22:30:32.165099 [debug] [MainThread]: Snowflake adapter: Setting botocore to ERROR (file logging only)
[0m22:30:32.165346 [debug] [MainThread]: Snowflake adapter: Setting boto3 to ERROR (file logging only)
[0m22:30:32.289062 [debug] [MainThread]: Sending event: {'category': 'dbt', 'action': 'project_id', 'label': '9380952a-15a4-4122-bad4-aef5707220da', 'context': [<snowplow_tracker.self_describing_json.SelfDescribingJson object at 0x738593678b60>]}
[0m22:30:32.336298 [debug] [MainThread]: Sending event: {'category': 'dbt', 'action': 'adapter_info', 'label': '9380952a-15a4-4122-bad4-aef5707220da', 'context': [<snowplow_tracker.self_describing_json.SelfDescribingJson object at 0x7385bdda12b0>]}
[0m22:30:32.336868 [info ] [MainThread]: Registered adapter: snowflake=1.10.3
[0m22:30:32.396017 [debug] [MainThread]: checksum: 57e51233fb2305050a86c940b93938a4d3a51a7b95f45f76840a20ffa12695aa, vars: {}, profile: , target: , version: 1.11.0b4
[0m22:30:32.484532 [debug] [MainThread]: Partial parsing enabled: 0 files deleted, 0 files added, 0 files changed.
[0m22:30:32.484833 [debug] [MainThread]: Partial parsing enabled, no changes found, skipping parsing
[0m22:30:32.488623 [warn ] [MainThread]: [[33mWARNING[0m]: Configuration paths exist in your dbt_project.yml file which do not apply to any resources.
There are 1 unused configuration paths:
- models.dbt_snowflake_trans.example
[0m22:30:32.524823 [debug] [MainThread]: Sending event: {'category': 'dbt', 'action': 'load_project', 'label': '9380952a-15a4-4122-bad4-aef5707220da', 'context': [<snowplow_tracker.self_describing_json.SelfDescribingJson object at 0x7385bdd88740>]}
[0m22:30:32.588966 [debug] [MainThread]: Wrote artifact WritableManifest to /home/phuoc19/Projects/end_to_end_aws/dbt_snowflake_trans/target/manifest.json
[0m22:30:32.590109 [debug] [MainThread]: Wrote artifact SemanticManifest to /home/phuoc19/Projects/end_to_end_aws/dbt_snowflake_trans/target/semantic_manifest.json
[0m22:30:32.606864 [debug] [MainThread]: Sending event: {'category': 'dbt', 'action': 'resource_counts', 'label': '9380952a-15a4-4122-bad4-aef5707220da', 'context': [<snowplow_tracker.self_describing_json.SelfDescribingJson object at 0x73859311c9e0>]}
[0m22:30:32.607197 [info ] [MainThread]: Found 6 models, 2 snapshots, 14 data tests, 3 sources, 494 macros
[0m22:30:32.609106 [info ] [MainThread]: 
[0m22:30:32.609389 [info ] [MainThread]: Concurrency: 4 threads (target='dev')
[0m22:30:32.609612 [info ] [MainThread]: 
[0m22:30:32.609958 [debug] [MainThread]: Acquiring new snowflake connection 'master'
[0m22:30:32.613459 [debug] [ThreadPool]: Acquiring new snowflake connection 'list_E2E_DB'
[0m22:30:32.620352 [debug] [ThreadPool]: Acquiring new snowflake connection 'list_E2E_DB'
[0m22:30:32.624247 [debug] [ThreadPool]: Acquiring new snowflake connection 'list_E2E_DB'
[0m22:30:32.639612 [debug] [ThreadPool]: Using snowflake connection "list_E2E_DB"
[0m22:30:32.639958 [debug] [ThreadPool]: Using snowflake connection "list_E2E_DB"
[0m22:30:32.640354 [debug] [ThreadPool]: Using snowflake connection "list_E2E_DB"
[0m22:30:32.640666 [debug] [ThreadPool]: On list_E2E_DB: show terse schemas in database E2E_DB
    limit 10000
/* {"app": "dbt", "dbt_version": "1.11.0b4", "profile_name": "dbt_snowflake_trans", "target_name": "dev", "connection_name": "list_E2E_DB"} */
[0m22:30:32.640929 [debug] [ThreadPool]: On list_E2E_DB: show terse schemas in database E2E_DB
    limit 10000
/* {"app": "dbt", "dbt_version": "1.11.0b4", "profile_name": "dbt_snowflake_trans", "target_name": "dev", "connection_name": "list_E2E_DB"} */
[0m22:30:32.641206 [debug] [ThreadPool]: On list_E2E_DB: show terse schemas in database E2E_DB
    limit 10000
/* {"app": "dbt", "dbt_version": "1.11.0b4", "profile_name": "dbt_snowflake_trans", "target_name": "dev", "connection_name": "list_E2E_DB"} */
[0m22:30:32.641503 [debug] [ThreadPool]: Opening a new connection, currently in state init
[0m22:30:32.641721 [debug] [ThreadPool]: Opening a new connection, currently in state init
[0m22:30:32.641992 [debug] [ThreadPool]: Opening a new connection, currently in state init
[0m22:30:33.817426 [debug] [ThreadPool]: SQL status: SUCCESS 6 in 1.175 seconds
[0m22:30:33.820925 [debug] [ThreadPool]: SQL status: SUCCESS 6 in 1.179 seconds
[0m22:30:33.821500 [debug] [ThreadPool]: SQL status: SUCCESS 6 in 1.180 seconds
[0m22:30:33.824906 [debug] [ThreadPool]: Re-using an available connection from the pool (formerly list_E2E_DB, now create_E2E_DB_RAW_ANALYTICS)
[0m22:30:33.825611 [debug] [ThreadPool]: Creating schema "database: "E2E_DB"
schema: "RAW_ANALYTICS"
"
[0m22:30:33.831692 [debug] [ThreadPool]: Using snowflake connection "create_E2E_DB_RAW_ANALYTICS"
[0m22:30:33.832193 [debug] [ThreadPool]: On create_E2E_DB_RAW_ANALYTICS: create schema if not exists E2E_DB.RAW_ANALYTICS
/* {"app": "dbt", "dbt_version": "1.11.0b4", "profile_name": "dbt_snowflake_trans", "target_name": "dev", "connection_name": "create_E2E_DB_RAW_ANALYTICS"} */
[0m22:30:33.930092 [debug] [ThreadPool]: SQL status: SUCCESS 1 in 0.097 seconds
[0m22:30:33.935496 [debug] [ThreadPool]: Re-using an available connection from the pool (formerly create_E2E_DB_RAW_ANALYTICS, now list_E2E_DB_SNAPSHOTS)
[0m22:30:33.947312 [debug] [ThreadPool]: Re-using an available connection from the pool (formerly list_E2E_DB, now list_E2E_DB_RAW_ANALYTICS)
[0m22:30:33.964065 [debug] [ThreadPool]: Re-using an available connection from the pool (formerly list_E2E_DB, now list_E2E_DB_RAW)
[0m22:30:33.965065 [debug] [ThreadPool]: Using snowflake connection "list_E2E_DB_SNAPSHOTS"
[0m22:30:33.966442 [debug] [ThreadPool]: Using snowflake connection "list_E2E_DB_RAW_ANALYTICS"
[0m22:30:33.970017 [debug] [ThreadPool]: Using snowflake connection "list_E2E_DB_RAW"
[0m22:30:33.970577 [debug] [ThreadPool]: On list_E2E_DB_SNAPSHOTS: show objects in E2E_DB.SNAPSHOTS
    limit 10000
    

/* {"app": "dbt", "dbt_version": "1.11.0b4", "profile_name": "dbt_snowflake_trans", "target_name": "dev", "connection_name": "list_E2E_DB_SNAPSHOTS"} */;
[0m22:30:33.970897 [debug] [ThreadPool]: On list_E2E_DB_RAW_ANALYTICS: show objects in E2E_DB.RAW_ANALYTICS
    limit 10000
    

/* {"app": "dbt", "dbt_version": "1.11.0b4", "profile_name": "dbt_snowflake_trans", "target_name": "dev", "connection_name": "list_E2E_DB_RAW_ANALYTICS"} */;
[0m22:30:33.971291 [debug] [ThreadPool]: On list_E2E_DB_RAW: show objects in E2E_DB.RAW
    limit 10000
    

/* {"app": "dbt", "dbt_version": "1.11.0b4", "profile_name": "dbt_snowflake_trans", "target_name": "dev", "connection_name": "list_E2E_DB_RAW"} */;
[0m22:30:34.059099 [debug] [ThreadPool]: SQL status: SUCCESS 0 in 0.087 seconds
[0m22:30:34.065549 [debug] [ThreadPool]: SQL status: SUCCESS 2 in 0.094 seconds
[0m22:30:34.080010 [debug] [ThreadPool]: SQL status: SUCCESS 7 in 0.106 seconds
[0m22:30:34.084855 [debug] [MainThread]: Sending event: {'category': 'dbt', 'action': 'runnable_timing', 'label': '9380952a-15a4-4122-bad4-aef5707220da', 'context': [<snowplow_tracker.self_describing_json.SelfDescribingJson object at 0x738593731a90>]}
[0m22:30:34.088862 [debug] [Thread-1 (]: Began running node model.dbt_snowflake_trans.stg_accounts
[0m22:30:34.089675 [debug] [Thread-2 (]: Began running node model.dbt_snowflake_trans.stg_customers
[0m22:30:34.090624 [debug] [Thread-3 (]: Began running node model.dbt_snowflake_trans.stg_transactions
[0m22:30:34.091670 [info ] [Thread-1 (]: 1 of 22 START sql dynamic_table model RAW.stg_accounts ......................... [RUN]
[0m22:30:34.092712 [info ] [Thread-2 (]: 2 of 22 START sql dynamic_table model RAW.stg_customers ........................ [RUN]
[0m22:30:34.093707 [info ] [Thread-3 (]: 3 of 22 START sql dynamic_table model RAW.stg_transactions ..................... [RUN]
[0m22:30:34.094550 [debug] [Thread-1 (]: Re-using an available connection from the pool (formerly list_E2E_DB_RAW, now model.dbt_snowflake_trans.stg_accounts)
[0m22:30:34.095368 [debug] [Thread-2 (]: Re-using an available connection from the pool (formerly list_E2E_DB_SNAPSHOTS, now model.dbt_snowflake_trans.stg_customers)
[0m22:30:34.096476 [debug] [Thread-3 (]: Re-using an available connection from the pool (formerly list_E2E_DB_RAW_ANALYTICS, now model.dbt_snowflake_trans.stg_transactions)
[0m22:30:34.097258 [debug] [Thread-1 (]: Began compiling node model.dbt_snowflake_trans.stg_accounts
[0m22:30:34.098148 [debug] [Thread-2 (]: Began compiling node model.dbt_snowflake_trans.stg_customers
[0m22:30:34.099163 [debug] [Thread-3 (]: Began compiling node model.dbt_snowflake_trans.stg_transactions
[0m22:30:34.122373 [debug] [Thread-1 (]: Writing injected SQL for node "model.dbt_snowflake_trans.stg_accounts"
[0m22:30:34.131365 [debug] [Thread-3 (]: Writing injected SQL for node "model.dbt_snowflake_trans.stg_transactions"
[0m22:30:34.135013 [debug] [Thread-2 (]: Writing injected SQL for node "model.dbt_snowflake_trans.stg_customers"
[0m22:30:34.136040 [debug] [Thread-1 (]: Began executing node model.dbt_snowflake_trans.stg_accounts
[0m22:30:34.137270 [debug] [Thread-3 (]: Began executing node model.dbt_snowflake_trans.stg_transactions
[0m22:30:34.159576 [debug] [Thread-2 (]: Began executing node model.dbt_snowflake_trans.stg_customers
[0m22:30:34.193586 [debug] [Thread-3 (]: Applying REPLACE to: "E2E_DB"."RAW"."STG_TRANSACTIONS"
[0m22:30:34.196162 [debug] [Thread-2 (]: Applying REPLACE to: "E2E_DB"."RAW"."STG_CUSTOMERS"
[0m22:30:34.198240 [debug] [Thread-1 (]: Applying REPLACE to: "E2E_DB"."RAW"."STG_ACCOUNTS"
[0m22:30:34.211347 [debug] [Thread-2 (]: Writing runtime sql for node "model.dbt_snowflake_trans.stg_customers"
[0m22:30:34.212532 [debug] [Thread-3 (]: Writing runtime sql for node "model.dbt_snowflake_trans.stg_transactions"
[0m22:30:34.213220 [debug] [Thread-1 (]: Writing runtime sql for node "model.dbt_snowflake_trans.stg_accounts"
[0m22:30:34.215230 [debug] [Thread-2 (]: Using snowflake connection "model.dbt_snowflake_trans.stg_customers"
[0m22:30:34.216280 [debug] [Thread-3 (]: Using snowflake connection "model.dbt_snowflake_trans.stg_transactions"
[0m22:30:34.216599 [debug] [Thread-2 (]: On model.dbt_snowflake_trans.stg_customers: create or replace dynamic table E2E_DB.RAW.stg_customers
    target_lag = '1 minute'
    warehouse = E2E_WH
    refresh_mode = AUTO

    initialize = ON_CREATE

    

    

    as (
        

WITH source AS (
    SELECT * FROM E2E_DB.RAW.CUSTOMERS_LANDING
),

parsed AS (
    SELECT
        PAYLOAD:id::INT AS customer_id,
        PAYLOAD:first_name::VARCHAR(50) AS first_name,
        PAYLOAD:last_name::VARCHAR(50) AS last_name,
        PAYLOAD:email::VARCHAR(100) AS email,
        
        -- Metadata
        PAYLOAD:__op::CHAR(1) AS dml_operation, 
        TO_TIMESTAMP_NTZ(PAYLOAD:__source_ts_ms::NUMBER, 3) AS source_timestamp,
        LOAD_TIME
    FROM source
)

SELECT 
    customer_id,
    first_name,
    last_name,
    email,
    source_timestamp as last_updated_at,
    current_timestamp() as staging_loaded_at -- Để biết DT chạy lúc nào
FROM parsed
-- Dùng QUALIFY để lọc dòng mới nhất ngay trong 1 câu lệnh (Gọn hơn CTE)
QUALIFY ROW_NUMBER() OVER (
    PARTITION BY customer_id 
    ORDER BY source_timestamp DESC, LOAD_TIME DESC
) = 1
-- Logic: Lọc bỏ dòng Delete sau khi đã xếp hạng
AND dml_operation != 'd'
    )
/* {"app": "dbt", "dbt_version": "1.11.0b4", "profile_name": "dbt_snowflake_trans", "target_name": "dev", "node_id": "model.dbt_snowflake_trans.stg_customers"} */
[0m22:30:34.217485 [debug] [Thread-1 (]: Using snowflake connection "model.dbt_snowflake_trans.stg_accounts"
[0m22:30:34.217762 [debug] [Thread-3 (]: On model.dbt_snowflake_trans.stg_transactions: create or replace dynamic table E2E_DB.RAW.stg_transactions
    target_lag = '1 minute'
    warehouse = E2E_WH
    refresh_mode = AUTO

    initialize = ON_CREATE

    

    

    as (
        

WITH source AS (
    SELECT * FROM E2E_DB.RAW.TRANSACTIONS_LANDING
),

parsed AS (
    SELECT
        PAYLOAD:id::INT AS transaction_id,
        PAYLOAD:account_id::INT AS account_id,
        PAYLOAD:txn_type::VARCHAR(20) AS txn_type,
        TRY_CAST(PAYLOAD:amount::VARCHAR AS DECIMAL(15, 2)) AS amount,
        PAYLOAD:related_account_id::INT AS related_account_id,
        PAYLOAD:status::VARCHAR(20) AS status,
        TRY_TO_TIMESTAMP(PAYLOAD:created_at::VARCHAR) AS created_at,
        
        -- Metadata
        PAYLOAD:__op::CHAR(1) AS dml_operation,
        TO_TIMESTAMP_NTZ(PAYLOAD:__source_ts_ms::NUMBER, 3) AS source_timestamp,
        LOAD_TIME
    FROM source
)

SELECT 
    transaction_id,
    account_id,
    txn_type,
    amount,
    related_account_id,
    status,
    created_at,
    source_timestamp as processed_at,
    current_timestamp() as staging_loaded_at
FROM parsed
QUALIFY ROW_NUMBER() OVER (
    PARTITION BY transaction_id 
    ORDER BY source_timestamp DESC, LOAD_TIME DESC
) = 1
AND dml_operation != 'd'
    )
/* {"app": "dbt", "dbt_version": "1.11.0b4", "profile_name": "dbt_snowflake_trans", "target_name": "dev", "node_id": "model.dbt_snowflake_trans.stg_transactions"} */
[0m22:30:34.218335 [debug] [Thread-1 (]: On model.dbt_snowflake_trans.stg_accounts: create or replace dynamic table E2E_DB.RAW.stg_accounts
    target_lag = '1 minute'
    warehouse = E2E_WH
    refresh_mode = AUTO

    initialize = ON_CREATE

    

    

    as (
        

WITH source AS (
    SELECT * FROM E2E_DB.RAW.ACCOUNTS_LANDING
),

parsed AS (
    SELECT
        PAYLOAD:id::INT AS account_id,
        PAYLOAD:customer_id::INT AS customer_id,
        PAYLOAD:account_type::VARCHAR(20) AS account_type,
        TRY_CAST(PAYLOAD:balance::VARCHAR AS DECIMAL(15, 2)) AS balance,
        PAYLOAD:currency::VARCHAR(3) AS currency,
        
        -- Metadata
        PAYLOAD:__op::CHAR(1) AS dml_operation,
        TO_TIMESTAMP_NTZ(PAYLOAD:__source_ts_ms::NUMBER, 3) AS source_timestamp,
        LOAD_TIME
    FROM source
)

SELECT 
    account_id,
    customer_id,
    account_type,
    balance,
    currency,
    source_timestamp as last_updated_at,
    current_timestamp() as staging_loaded_at
FROM parsed
QUALIFY ROW_NUMBER() OVER (
    PARTITION BY account_id 
    ORDER BY source_timestamp DESC, LOAD_TIME DESC
) = 1
AND dml_operation != 'd'
    )
/* {"app": "dbt", "dbt_version": "1.11.0b4", "profile_name": "dbt_snowflake_trans", "target_name": "dev", "node_id": "model.dbt_snowflake_trans.stg_accounts"} */
[0m22:30:35.326094 [debug] [Thread-2 (]: SQL status: SUCCESS 1 in 1.108 seconds
[0m22:30:35.328585 [debug] [Thread-1 (]: SQL status: SUCCESS 1 in 1.108 seconds
[0m22:30:35.330649 [debug] [Thread-3 (]: SQL status: SUCCESS 1 in 1.112 seconds
[0m22:30:35.365856 [debug] [Thread-1 (]: Sending event: {'category': 'dbt', 'action': 'run_model', 'label': '9380952a-15a4-4122-bad4-aef5707220da', 'context': [<snowplow_tracker.self_describing_json.SelfDescribingJson object at 0x7385c234c200>]}
[0m22:30:35.366610 [debug] [Thread-2 (]: Sending event: {'category': 'dbt', 'action': 'run_model', 'label': '9380952a-15a4-4122-bad4-aef5707220da', 'context': [<snowplow_tracker.self_describing_json.SelfDescribingJson object at 0x7385913dfbc0>]}
[0m22:30:35.369267 [debug] [Thread-3 (]: Sending event: {'category': 'dbt', 'action': 'run_model', 'label': '9380952a-15a4-4122-bad4-aef5707220da', 'context': [<snowplow_tracker.self_describing_json.SelfDescribingJson object at 0x7385901e9be0>]}
[0m22:30:35.370116 [info ] [Thread-1 (]: 1 of 22 OK created sql dynamic_table model RAW.stg_accounts .................... [[32mSUCCESS 1[0m in 1.27s]
[0m22:30:35.370803 [info ] [Thread-2 (]: 2 of 22 OK created sql dynamic_table model RAW.stg_customers ................... [[32mSUCCESS 1[0m in 1.27s]
[0m22:30:35.371763 [info ] [Thread-3 (]: 3 of 22 OK created sql dynamic_table model RAW.stg_transactions ................ [[32mSUCCESS 1[0m in 1.27s]
[0m22:30:35.372655 [debug] [Thread-1 (]: Finished running node model.dbt_snowflake_trans.stg_accounts
[0m22:30:35.373404 [debug] [Thread-2 (]: Finished running node model.dbt_snowflake_trans.stg_customers
[0m22:30:35.374308 [debug] [Thread-3 (]: Finished running node model.dbt_snowflake_trans.stg_transactions
[0m22:30:35.375440 [debug] [Thread-3 (]: Began running node test.dbt_snowflake_trans.accepted_values_stg_accounts_account_type__SAVINGS__CHECKING.1bf6c16db4
[0m22:30:35.376225 [debug] [Thread-4 (]: Began running node test.dbt_snowflake_trans.not_null_stg_accounts_account_id.182dfbc108
[0m22:30:35.376931 [info ] [Thread-3 (]: 4 of 22 START test accepted_values_stg_accounts_account_type__SAVINGS__CHECKING  [RUN]
[0m22:30:35.377447 [debug] [Thread-1 (]: Began running node test.dbt_snowflake_trans.not_null_stg_accounts_customer_id.0b54f014a3
[0m22:30:35.378167 [debug] [Thread-2 (]: Began running node test.dbt_snowflake_trans.not_null_stg_customers_customer_id.e2cfb1f9aa
[0m22:30:35.378908 [info ] [Thread-4 (]: 5 of 22 START test not_null_stg_accounts_account_id ............................ [RUN]
[0m22:30:35.379814 [debug] [Thread-3 (]: Re-using an available connection from the pool (formerly model.dbt_snowflake_trans.stg_transactions, now test.dbt_snowflake_trans.accepted_values_stg_accounts_account_type__SAVINGS__CHECKING.1bf6c16db4)
[0m22:30:35.380734 [info ] [Thread-1 (]: 6 of 22 START test not_null_stg_accounts_customer_id ........................... [RUN]
[0m22:30:35.381391 [info ] [Thread-2 (]: 7 of 22 START test not_null_stg_customers_customer_id .......................... [RUN]
[0m22:30:35.382165 [debug] [Thread-4 (]: Acquiring new snowflake connection 'test.dbt_snowflake_trans.not_null_stg_accounts_account_id.182dfbc108'
[0m22:30:35.382753 [debug] [Thread-3 (]: Began compiling node test.dbt_snowflake_trans.accepted_values_stg_accounts_account_type__SAVINGS__CHECKING.1bf6c16db4
[0m22:30:35.383381 [debug] [Thread-1 (]: Re-using an available connection from the pool (formerly model.dbt_snowflake_trans.stg_accounts, now test.dbt_snowflake_trans.not_null_stg_accounts_customer_id.0b54f014a3)
[0m22:30:35.384038 [debug] [Thread-2 (]: Re-using an available connection from the pool (formerly model.dbt_snowflake_trans.stg_customers, now test.dbt_snowflake_trans.not_null_stg_customers_customer_id.e2cfb1f9aa)
[0m22:30:35.384582 [debug] [Thread-4 (]: Began compiling node test.dbt_snowflake_trans.not_null_stg_accounts_account_id.182dfbc108
[0m22:30:35.400649 [debug] [Thread-1 (]: Began compiling node test.dbt_snowflake_trans.not_null_stg_accounts_customer_id.0b54f014a3
[0m22:30:35.405144 [debug] [Thread-3 (]: Writing injected SQL for node "test.dbt_snowflake_trans.accepted_values_stg_accounts_account_type__SAVINGS__CHECKING.1bf6c16db4"
[0m22:30:35.405647 [debug] [Thread-2 (]: Began compiling node test.dbt_snowflake_trans.not_null_stg_customers_customer_id.e2cfb1f9aa
[0m22:30:35.415286 [debug] [Thread-4 (]: Writing injected SQL for node "test.dbt_snowflake_trans.not_null_stg_accounts_account_id.182dfbc108"
[0m22:30:35.420043 [debug] [Thread-1 (]: Writing injected SQL for node "test.dbt_snowflake_trans.not_null_stg_accounts_customer_id.0b54f014a3"
[0m22:30:35.426894 [debug] [Thread-2 (]: Writing injected SQL for node "test.dbt_snowflake_trans.not_null_stg_customers_customer_id.e2cfb1f9aa"
[0m22:30:35.427775 [debug] [Thread-3 (]: Began executing node test.dbt_snowflake_trans.accepted_values_stg_accounts_account_type__SAVINGS__CHECKING.1bf6c16db4
[0m22:30:35.428986 [debug] [Thread-4 (]: Began executing node test.dbt_snowflake_trans.not_null_stg_accounts_account_id.182dfbc108
[0m22:30:35.429906 [debug] [Thread-1 (]: Began executing node test.dbt_snowflake_trans.not_null_stg_accounts_customer_id.0b54f014a3
[0m22:30:35.445791 [debug] [Thread-2 (]: Began executing node test.dbt_snowflake_trans.not_null_stg_customers_customer_id.e2cfb1f9aa
[0m22:30:35.449634 [debug] [Thread-3 (]: Writing runtime sql for node "test.dbt_snowflake_trans.accepted_values_stg_accounts_account_type__SAVINGS__CHECKING.1bf6c16db4"
[0m22:30:35.451236 [debug] [Thread-4 (]: Writing runtime sql for node "test.dbt_snowflake_trans.not_null_stg_accounts_account_id.182dfbc108"
[0m22:30:35.452821 [debug] [Thread-1 (]: Writing runtime sql for node "test.dbt_snowflake_trans.not_null_stg_accounts_customer_id.0b54f014a3"
[0m22:30:35.455158 [debug] [Thread-2 (]: Writing runtime sql for node "test.dbt_snowflake_trans.not_null_stg_customers_customer_id.e2cfb1f9aa"
[0m22:30:35.455962 [debug] [Thread-3 (]: Using snowflake connection "test.dbt_snowflake_trans.accepted_values_stg_accounts_account_type__SAVINGS__CHECKING.1bf6c16db4"
[0m22:30:35.456716 [debug] [Thread-4 (]: Using snowflake connection "test.dbt_snowflake_trans.not_null_stg_accounts_account_id.182dfbc108"
[0m22:30:35.457214 [debug] [Thread-1 (]: Using snowflake connection "test.dbt_snowflake_trans.not_null_stg_accounts_customer_id.0b54f014a3"
[0m22:30:35.457547 [debug] [Thread-3 (]: On test.dbt_snowflake_trans.accepted_values_stg_accounts_account_type__SAVINGS__CHECKING.1bf6c16db4: select
      count(*) as failures,
      count(*) != 0 as should_warn,
      count(*) != 0 as should_error
    from (
      
    
  
    
    

with all_values as (

    select
        account_type as value_field,
        count(*) as n_records

    from E2E_DB.RAW.stg_accounts
    group by account_type

)

select *
from all_values
where value_field not in (
    'SAVINGS','CHECKING'
)



  
  
      
    ) dbt_internal_test
/* {"app": "dbt", "dbt_version": "1.11.0b4", "profile_name": "dbt_snowflake_trans", "target_name": "dev", "node_id": "test.dbt_snowflake_trans.accepted_values_stg_accounts_account_type__SAVINGS__CHECKING.1bf6c16db4"} */
[0m22:30:35.457951 [debug] [Thread-4 (]: On test.dbt_snowflake_trans.not_null_stg_accounts_account_id.182dfbc108: select
      count(*) as failures,
      count(*) != 0 as should_warn,
      count(*) != 0 as should_error
    from (
      
    
  
    
    



select account_id
from E2E_DB.RAW.stg_accounts
where account_id is null



  
  
      
    ) dbt_internal_test
/* {"app": "dbt", "dbt_version": "1.11.0b4", "profile_name": "dbt_snowflake_trans", "target_name": "dev", "node_id": "test.dbt_snowflake_trans.not_null_stg_accounts_account_id.182dfbc108"} */
[0m22:30:35.458497 [debug] [Thread-2 (]: Using snowflake connection "test.dbt_snowflake_trans.not_null_stg_customers_customer_id.e2cfb1f9aa"
[0m22:30:35.458870 [debug] [Thread-1 (]: On test.dbt_snowflake_trans.not_null_stg_accounts_customer_id.0b54f014a3: select
      count(*) as failures,
      count(*) != 0 as should_warn,
      count(*) != 0 as should_error
    from (
      
    
  
    
    



select customer_id
from E2E_DB.RAW.stg_accounts
where customer_id is null



  
  
      
    ) dbt_internal_test
/* {"app": "dbt", "dbt_version": "1.11.0b4", "profile_name": "dbt_snowflake_trans", "target_name": "dev", "node_id": "test.dbt_snowflake_trans.not_null_stg_accounts_customer_id.0b54f014a3"} */
[0m22:30:35.459403 [debug] [Thread-4 (]: Opening a new connection, currently in state init
[0m22:30:35.459939 [debug] [Thread-2 (]: On test.dbt_snowflake_trans.not_null_stg_customers_customer_id.e2cfb1f9aa: select
      count(*) as failures,
      count(*) != 0 as should_warn,
      count(*) != 0 as should_error
    from (
      
    
  
    
    



select customer_id
from E2E_DB.RAW.stg_customers
where customer_id is null



  
  
      
    ) dbt_internal_test
/* {"app": "dbt", "dbt_version": "1.11.0b4", "profile_name": "dbt_snowflake_trans", "target_name": "dev", "node_id": "test.dbt_snowflake_trans.not_null_stg_customers_customer_id.e2cfb1f9aa"} */
[0m22:30:35.618051 [debug] [Thread-2 (]: SQL status: SUCCESS 1 in 0.155 seconds
[0m22:30:35.625420 [info ] [Thread-2 (]: 7 of 22 PASS not_null_stg_customers_customer_id ................................ [[32mPASS[0m in 0.24s]
[0m22:30:35.626325 [debug] [Thread-2 (]: Finished running node test.dbt_snowflake_trans.not_null_stg_customers_customer_id.e2cfb1f9aa
[0m22:30:35.626894 [debug] [Thread-2 (]: Began running node test.dbt_snowflake_trans.not_null_stg_customers_email.d7cf761533
[0m22:30:35.628373 [info ] [Thread-2 (]: 8 of 22 START test not_null_stg_customers_email ................................ [RUN]
[0m22:30:35.630063 [debug] [Thread-1 (]: SQL status: SUCCESS 1 in 0.169 seconds
[0m22:30:35.631184 [debug] [Thread-3 (]: SQL status: SUCCESS 1 in 0.172 seconds
[0m22:30:35.632028 [debug] [Thread-2 (]: Re-using an available connection from the pool (formerly test.dbt_snowflake_trans.not_null_stg_customers_customer_id.e2cfb1f9aa, now test.dbt_snowflake_trans.not_null_stg_customers_email.d7cf761533)
[0m22:30:35.635923 [info ] [Thread-1 (]: 6 of 22 PASS not_null_stg_accounts_customer_id ................................. [[32mPASS[0m in 0.25s]
[0m22:30:35.640998 [info ] [Thread-3 (]: 4 of 22 PASS accepted_values_stg_accounts_account_type__SAVINGS__CHECKING ...... [[32mPASS[0m in 0.26s]
[0m22:30:35.642730 [debug] [Thread-2 (]: Began compiling node test.dbt_snowflake_trans.not_null_stg_customers_email.d7cf761533
[0m22:30:35.645092 [debug] [Thread-1 (]: Finished running node test.dbt_snowflake_trans.not_null_stg_accounts_customer_id.0b54f014a3
[0m22:30:35.647580 [debug] [Thread-3 (]: Finished running node test.dbt_snowflake_trans.accepted_values_stg_accounts_account_type__SAVINGS__CHECKING.1bf6c16db4
[0m22:30:35.666053 [debug] [Thread-1 (]: Began running node test.dbt_snowflake_trans.relationships_stg_accounts_customer_id__customer_id__ref_stg_customers_.5f49160326
[0m22:30:35.670879 [debug] [Thread-2 (]: Writing injected SQL for node "test.dbt_snowflake_trans.not_null_stg_customers_email.d7cf761533"
[0m22:30:35.671861 [debug] [Thread-3 (]: Began running node test.dbt_snowflake_trans.unique_stg_accounts_account_id.cdf6252c79
[0m22:30:35.672967 [info ] [Thread-1 (]: 9 of 22 START test relationships_stg_accounts_customer_id__customer_id__ref_stg_customers_  [RUN]
[0m22:30:35.674092 [info ] [Thread-3 (]: 10 of 22 START test unique_stg_accounts_account_id ............................. [RUN]
[0m22:30:35.675054 [debug] [Thread-1 (]: Re-using an available connection from the pool (formerly test.dbt_snowflake_trans.not_null_stg_accounts_customer_id.0b54f014a3, now test.dbt_snowflake_trans.relationships_stg_accounts_customer_id__customer_id__ref_stg_customers_.5f49160326)
[0m22:30:35.675885 [debug] [Thread-2 (]: Began executing node test.dbt_snowflake_trans.not_null_stg_customers_email.d7cf761533
[0m22:30:35.676551 [debug] [Thread-3 (]: Re-using an available connection from the pool (formerly test.dbt_snowflake_trans.accepted_values_stg_accounts_account_type__SAVINGS__CHECKING.1bf6c16db4, now test.dbt_snowflake_trans.unique_stg_accounts_account_id.cdf6252c79)
[0m22:30:35.677313 [debug] [Thread-1 (]: Began compiling node test.dbt_snowflake_trans.relationships_stg_accounts_customer_id__customer_id__ref_stg_customers_.5f49160326
[0m22:30:35.681434 [debug] [Thread-2 (]: Writing runtime sql for node "test.dbt_snowflake_trans.not_null_stg_customers_email.d7cf761533"
[0m22:30:35.682330 [debug] [Thread-3 (]: Began compiling node test.dbt_snowflake_trans.unique_stg_accounts_account_id.cdf6252c79
[0m22:30:35.702195 [debug] [Thread-1 (]: Writing injected SQL for node "test.dbt_snowflake_trans.relationships_stg_accounts_customer_id__customer_id__ref_stg_customers_.5f49160326"
[0m22:30:35.708640 [debug] [Thread-3 (]: Writing injected SQL for node "test.dbt_snowflake_trans.unique_stg_accounts_account_id.cdf6252c79"
[0m22:30:35.709229 [debug] [Thread-2 (]: Using snowflake connection "test.dbt_snowflake_trans.not_null_stg_customers_email.d7cf761533"
[0m22:30:35.709743 [debug] [Thread-1 (]: Began executing node test.dbt_snowflake_trans.relationships_stg_accounts_customer_id__customer_id__ref_stg_customers_.5f49160326
[0m22:30:35.710028 [debug] [Thread-2 (]: On test.dbt_snowflake_trans.not_null_stg_customers_email.d7cf761533: select
      count(*) as failures,
      count(*) != 0 as should_warn,
      count(*) != 0 as should_error
    from (
      
    
  
    
    



select email
from E2E_DB.RAW.stg_customers
where email is null



  
  
      
    ) dbt_internal_test
/* {"app": "dbt", "dbt_version": "1.11.0b4", "profile_name": "dbt_snowflake_trans", "target_name": "dev", "node_id": "test.dbt_snowflake_trans.not_null_stg_customers_email.d7cf761533"} */
[0m22:30:35.710473 [debug] [Thread-3 (]: Began executing node test.dbt_snowflake_trans.unique_stg_accounts_account_id.cdf6252c79
[0m22:30:35.712063 [debug] [Thread-1 (]: Writing runtime sql for node "test.dbt_snowflake_trans.relationships_stg_accounts_customer_id__customer_id__ref_stg_customers_.5f49160326"
[0m22:30:35.714706 [debug] [Thread-3 (]: Writing runtime sql for node "test.dbt_snowflake_trans.unique_stg_accounts_account_id.cdf6252c79"
[0m22:30:35.715739 [debug] [Thread-3 (]: Using snowflake connection "test.dbt_snowflake_trans.unique_stg_accounts_account_id.cdf6252c79"
[0m22:30:35.716501 [debug] [Thread-1 (]: Using snowflake connection "test.dbt_snowflake_trans.relationships_stg_accounts_customer_id__customer_id__ref_stg_customers_.5f49160326"
[0m22:30:35.716954 [debug] [Thread-3 (]: On test.dbt_snowflake_trans.unique_stg_accounts_account_id.cdf6252c79: select
      count(*) as failures,
      count(*) != 0 as should_warn,
      count(*) != 0 as should_error
    from (
      
    
  
    
    

select
    account_id as unique_field,
    count(*) as n_records

from E2E_DB.RAW.stg_accounts
where account_id is not null
group by account_id
having count(*) > 1



  
  
      
    ) dbt_internal_test
/* {"app": "dbt", "dbt_version": "1.11.0b4", "profile_name": "dbt_snowflake_trans", "target_name": "dev", "node_id": "test.dbt_snowflake_trans.unique_stg_accounts_account_id.cdf6252c79"} */
[0m22:30:35.717373 [debug] [Thread-1 (]: On test.dbt_snowflake_trans.relationships_stg_accounts_customer_id__customer_id__ref_stg_customers_.5f49160326: select
      count(*) as failures,
      count(*) != 0 as should_warn,
      count(*) != 0 as should_error
    from (
      
    
  
    
    

with child as (
    select customer_id as from_field
    from E2E_DB.RAW.stg_accounts
    where customer_id is not null
),

parent as (
    select customer_id as to_field
    from E2E_DB.RAW.stg_customers
)

select
    from_field

from child
left join parent
    on child.from_field = parent.to_field

where parent.to_field is null



  
  
      
    ) dbt_internal_test
/* {"app": "dbt", "dbt_version": "1.11.0b4", "profile_name": "dbt_snowflake_trans", "target_name": "dev", "node_id": "test.dbt_snowflake_trans.relationships_stg_accounts_customer_id__customer_id__ref_stg_customers_.5f49160326"} */
[0m22:30:35.823193 [debug] [Thread-2 (]: SQL status: SUCCESS 1 in 0.110 seconds
[0m22:30:35.827562 [info ] [Thread-2 (]: 8 of 22 PASS not_null_stg_customers_email ...................................... [[32mPASS[0m in 0.20s]
[0m22:30:35.828672 [debug] [Thread-2 (]: Finished running node test.dbt_snowflake_trans.not_null_stg_customers_email.d7cf761533
[0m22:30:35.829353 [debug] [Thread-2 (]: Began running node test.dbt_snowflake_trans.unique_stg_customers_customer_id.c7614daada
[0m22:30:35.829944 [info ] [Thread-2 (]: 11 of 22 START test unique_stg_customers_customer_id ........................... [RUN]
[0m22:30:35.830993 [debug] [Thread-2 (]: Re-using an available connection from the pool (formerly test.dbt_snowflake_trans.not_null_stg_customers_email.d7cf761533, now test.dbt_snowflake_trans.unique_stg_customers_customer_id.c7614daada)
[0m22:30:35.831627 [debug] [Thread-2 (]: Began compiling node test.dbt_snowflake_trans.unique_stg_customers_customer_id.c7614daada
[0m22:30:35.838068 [debug] [Thread-2 (]: Writing injected SQL for node "test.dbt_snowflake_trans.unique_stg_customers_customer_id.c7614daada"
[0m22:30:35.839303 [debug] [Thread-2 (]: Began executing node test.dbt_snowflake_trans.unique_stg_customers_customer_id.c7614daada
[0m22:30:35.844355 [debug] [Thread-2 (]: Writing runtime sql for node "test.dbt_snowflake_trans.unique_stg_customers_customer_id.c7614daada"
[0m22:30:35.845286 [debug] [Thread-3 (]: SQL status: SUCCESS 1 in 0.127 seconds
[0m22:30:35.849650 [info ] [Thread-3 (]: 10 of 22 PASS unique_stg_accounts_account_id ................................... [[32mPASS[0m in 0.17s]
[0m22:30:35.851057 [debug] [Thread-3 (]: Finished running node test.dbt_snowflake_trans.unique_stg_accounts_account_id.cdf6252c79
[0m22:30:35.852002 [debug] [Thread-3 (]: Began running node test.dbt_snowflake_trans.unique_stg_customers_email.1ebcb2333e
[0m22:30:35.853323 [info ] [Thread-3 (]: 12 of 22 START test unique_stg_customers_email ................................. [RUN]
[0m22:30:35.854997 [debug] [Thread-2 (]: Using snowflake connection "test.dbt_snowflake_trans.unique_stg_customers_customer_id.c7614daada"
[0m22:30:35.855900 [debug] [Thread-3 (]: Re-using an available connection from the pool (formerly test.dbt_snowflake_trans.unique_stg_accounts_account_id.cdf6252c79, now test.dbt_snowflake_trans.unique_stg_customers_email.1ebcb2333e)
[0m22:30:35.857095 [debug] [Thread-2 (]: On test.dbt_snowflake_trans.unique_stg_customers_customer_id.c7614daada: select
      count(*) as failures,
      count(*) != 0 as should_warn,
      count(*) != 0 as should_error
    from (
      
    
  
    
    

select
    customer_id as unique_field,
    count(*) as n_records

from E2E_DB.RAW.stg_customers
where customer_id is not null
group by customer_id
having count(*) > 1



  
  
      
    ) dbt_internal_test
/* {"app": "dbt", "dbt_version": "1.11.0b4", "profile_name": "dbt_snowflake_trans", "target_name": "dev", "node_id": "test.dbt_snowflake_trans.unique_stg_customers_customer_id.c7614daada"} */
[0m22:30:35.858484 [debug] [Thread-3 (]: Began compiling node test.dbt_snowflake_trans.unique_stg_customers_email.1ebcb2333e
[0m22:30:35.867123 [debug] [Thread-3 (]: Writing injected SQL for node "test.dbt_snowflake_trans.unique_stg_customers_email.1ebcb2333e"
[0m22:30:35.868259 [debug] [Thread-3 (]: Began executing node test.dbt_snowflake_trans.unique_stg_customers_email.1ebcb2333e
[0m22:30:35.870284 [debug] [Thread-3 (]: Writing runtime sql for node "test.dbt_snowflake_trans.unique_stg_customers_email.1ebcb2333e"
[0m22:30:35.870958 [debug] [Thread-3 (]: Using snowflake connection "test.dbt_snowflake_trans.unique_stg_customers_email.1ebcb2333e"
[0m22:30:35.871238 [debug] [Thread-3 (]: On test.dbt_snowflake_trans.unique_stg_customers_email.1ebcb2333e: select
      count(*) as failures,
      count(*) != 0 as should_warn,
      count(*) != 0 as should_error
    from (
      
    
  
    
    

select
    email as unique_field,
    count(*) as n_records

from E2E_DB.RAW.stg_customers
where email is not null
group by email
having count(*) > 1



  
  
      
    ) dbt_internal_test
/* {"app": "dbt", "dbt_version": "1.11.0b4", "profile_name": "dbt_snowflake_trans", "target_name": "dev", "node_id": "test.dbt_snowflake_trans.unique_stg_customers_email.1ebcb2333e"} */
[0m22:30:35.873581 [debug] [Thread-1 (]: SQL status: SUCCESS 1 in 0.155 seconds
[0m22:30:35.875219 [info ] [Thread-1 (]: 9 of 22 PASS relationships_stg_accounts_customer_id__customer_id__ref_stg_customers_  [[32mPASS[0m in 0.20s]
[0m22:30:35.875660 [debug] [Thread-1 (]: Finished running node test.dbt_snowflake_trans.relationships_stg_accounts_customer_id__customer_id__ref_stg_customers_.5f49160326
[0m22:30:35.875962 [debug] [Thread-1 (]: Began running node test.dbt_snowflake_trans.accepted_values_stg_transactions_txn_type__DEPOSIT__WITHDRAWAL__TRANSFER.ee9aed38b8
[0m22:30:35.876491 [debug] [Thread-4 (]: SQL status: SUCCESS 1 in 0.417 seconds
[0m22:30:35.876929 [info ] [Thread-1 (]: 13 of 22 START test accepted_values_stg_transactions_txn_type__DEPOSIT__WITHDRAWAL__TRANSFER  [RUN]
[0m22:30:35.878588 [info ] [Thread-4 (]: 5 of 22 PASS not_null_stg_accounts_account_id .................................. [[32mPASS[0m in 0.50s]
[0m22:30:35.879066 [debug] [Thread-1 (]: Re-using an available connection from the pool (formerly test.dbt_snowflake_trans.relationships_stg_accounts_customer_id__customer_id__ref_stg_customers_.5f49160326, now test.dbt_snowflake_trans.accepted_values_stg_transactions_txn_type__DEPOSIT__WITHDRAWAL__TRANSFER.ee9aed38b8)
[0m22:30:35.879653 [debug] [Thread-4 (]: Finished running node test.dbt_snowflake_trans.not_null_stg_accounts_account_id.182dfbc108
[0m22:30:35.880108 [debug] [Thread-1 (]: Began compiling node test.dbt_snowflake_trans.accepted_values_stg_transactions_txn_type__DEPOSIT__WITHDRAWAL__TRANSFER.ee9aed38b8
[0m22:30:35.880611 [debug] [Thread-4 (]: Began running node test.dbt_snowflake_trans.not_null_stg_transactions_account_id.a7d212da1d
[0m22:30:35.887008 [debug] [Thread-1 (]: Writing injected SQL for node "test.dbt_snowflake_trans.accepted_values_stg_transactions_txn_type__DEPOSIT__WITHDRAWAL__TRANSFER.ee9aed38b8"
[0m22:30:35.887419 [info ] [Thread-4 (]: 14 of 22 START test not_null_stg_transactions_account_id ....................... [RUN]
[0m22:30:35.887838 [debug] [Thread-4 (]: Re-using an available connection from the pool (formerly test.dbt_snowflake_trans.not_null_stg_accounts_account_id.182dfbc108, now test.dbt_snowflake_trans.not_null_stg_transactions_account_id.a7d212da1d)
[0m22:30:35.888122 [debug] [Thread-4 (]: Began compiling node test.dbt_snowflake_trans.not_null_stg_transactions_account_id.a7d212da1d
[0m22:30:35.891043 [debug] [Thread-4 (]: Writing injected SQL for node "test.dbt_snowflake_trans.not_null_stg_transactions_account_id.a7d212da1d"
[0m22:30:35.891457 [debug] [Thread-1 (]: Began executing node test.dbt_snowflake_trans.accepted_values_stg_transactions_txn_type__DEPOSIT__WITHDRAWAL__TRANSFER.ee9aed38b8
[0m22:30:35.894024 [debug] [Thread-1 (]: Writing runtime sql for node "test.dbt_snowflake_trans.accepted_values_stg_transactions_txn_type__DEPOSIT__WITHDRAWAL__TRANSFER.ee9aed38b8"
[0m22:30:35.894558 [debug] [Thread-4 (]: Began executing node test.dbt_snowflake_trans.not_null_stg_transactions_account_id.a7d212da1d
[0m22:30:35.896705 [debug] [Thread-4 (]: Writing runtime sql for node "test.dbt_snowflake_trans.not_null_stg_transactions_account_id.a7d212da1d"
[0m22:30:35.897593 [debug] [Thread-1 (]: Using snowflake connection "test.dbt_snowflake_trans.accepted_values_stg_transactions_txn_type__DEPOSIT__WITHDRAWAL__TRANSFER.ee9aed38b8"
[0m22:30:35.898059 [debug] [Thread-1 (]: On test.dbt_snowflake_trans.accepted_values_stg_transactions_txn_type__DEPOSIT__WITHDRAWAL__TRANSFER.ee9aed38b8: select
      count(*) as failures,
      count(*) != 0 as should_warn,
      count(*) != 0 as should_error
    from (
      
    
  
    
    

with all_values as (

    select
        txn_type as value_field,
        count(*) as n_records

    from E2E_DB.RAW.stg_transactions
    group by txn_type

)

select *
from all_values
where value_field not in (
    'DEPOSIT','WITHDRAWAL','TRANSFER'
)



  
  
      
    ) dbt_internal_test
/* {"app": "dbt", "dbt_version": "1.11.0b4", "profile_name": "dbt_snowflake_trans", "target_name": "dev", "node_id": "test.dbt_snowflake_trans.accepted_values_stg_transactions_txn_type__DEPOSIT__WITHDRAWAL__TRANSFER.ee9aed38b8"} */
[0m22:30:35.899240 [debug] [Thread-4 (]: Using snowflake connection "test.dbt_snowflake_trans.not_null_stg_transactions_account_id.a7d212da1d"
[0m22:30:35.900217 [debug] [Thread-4 (]: On test.dbt_snowflake_trans.not_null_stg_transactions_account_id.a7d212da1d: select
      count(*) as failures,
      count(*) != 0 as should_warn,
      count(*) != 0 as should_error
    from (
      
    
  
    
    



select account_id
from E2E_DB.RAW.stg_transactions
where account_id is null



  
  
      
    ) dbt_internal_test
/* {"app": "dbt", "dbt_version": "1.11.0b4", "profile_name": "dbt_snowflake_trans", "target_name": "dev", "node_id": "test.dbt_snowflake_trans.not_null_stg_transactions_account_id.a7d212da1d"} */
[0m22:30:35.988977 [debug] [Thread-3 (]: SQL status: SUCCESS 1 in 0.117 seconds
[0m22:30:35.993156 [info ] [Thread-3 (]: 12 of 22 PASS unique_stg_customers_email ....................................... [[32mPASS[0m in 0.14s]
[0m22:30:35.994206 [debug] [Thread-3 (]: Finished running node test.dbt_snowflake_trans.unique_stg_customers_email.1ebcb2333e
[0m22:30:35.994881 [debug] [Thread-3 (]: Began running node test.dbt_snowflake_trans.not_null_stg_transactions_transaction_id.1d00a8e2e4
[0m22:30:35.996267 [info ] [Thread-3 (]: 15 of 22 START test not_null_stg_transactions_transaction_id ................... [RUN]
[0m22:30:35.997546 [debug] [Thread-2 (]: SQL status: SUCCESS 1 in 0.138 seconds
[0m22:30:35.998332 [debug] [Thread-3 (]: Re-using an available connection from the pool (formerly test.dbt_snowflake_trans.unique_stg_customers_email.1ebcb2333e, now test.dbt_snowflake_trans.not_null_stg_transactions_transaction_id.1d00a8e2e4)
[0m22:30:36.001980 [info ] [Thread-2 (]: 11 of 22 PASS unique_stg_customers_customer_id ................................. [[32mPASS[0m in 0.17s]
[0m22:30:36.003202 [debug] [Thread-3 (]: Began compiling node test.dbt_snowflake_trans.not_null_stg_transactions_transaction_id.1d00a8e2e4
[0m22:30:36.004726 [debug] [Thread-2 (]: Finished running node test.dbt_snowflake_trans.unique_stg_customers_customer_id.c7614daada
[0m22:30:36.014230 [debug] [Thread-3 (]: Writing injected SQL for node "test.dbt_snowflake_trans.not_null_stg_transactions_transaction_id.1d00a8e2e4"
[0m22:30:36.014979 [debug] [Thread-2 (]: Began running node test.dbt_snowflake_trans.relationships_stg_transactions_account_id__account_id__ref_stg_accounts_.c0d3771e54
[0m22:30:36.016059 [info ] [Thread-2 (]: 16 of 22 START test relationships_stg_transactions_account_id__account_id__ref_stg_accounts_  [RUN]
[0m22:30:36.016854 [debug] [Thread-2 (]: Re-using an available connection from the pool (formerly test.dbt_snowflake_trans.unique_stg_customers_customer_id.c7614daada, now test.dbt_snowflake_trans.relationships_stg_transactions_account_id__account_id__ref_stg_accounts_.c0d3771e54)
[0m22:30:36.017690 [debug] [Thread-3 (]: Began executing node test.dbt_snowflake_trans.not_null_stg_transactions_transaction_id.1d00a8e2e4
[0m22:30:36.018312 [debug] [Thread-2 (]: Began compiling node test.dbt_snowflake_trans.relationships_stg_transactions_account_id__account_id__ref_stg_accounts_.c0d3771e54
[0m22:30:36.021685 [debug] [Thread-3 (]: Writing runtime sql for node "test.dbt_snowflake_trans.not_null_stg_transactions_transaction_id.1d00a8e2e4"
[0m22:30:36.029273 [debug] [Thread-2 (]: Writing injected SQL for node "test.dbt_snowflake_trans.relationships_stg_transactions_account_id__account_id__ref_stg_accounts_.c0d3771e54"
[0m22:30:36.030171 [debug] [Thread-3 (]: Using snowflake connection "test.dbt_snowflake_trans.not_null_stg_transactions_transaction_id.1d00a8e2e4"
[0m22:30:36.030551 [debug] [Thread-3 (]: On test.dbt_snowflake_trans.not_null_stg_transactions_transaction_id.1d00a8e2e4: select
      count(*) as failures,
      count(*) != 0 as should_warn,
      count(*) != 0 as should_error
    from (
      
    
  
    
    



select transaction_id
from E2E_DB.RAW.stg_transactions
where transaction_id is null



  
  
      
    ) dbt_internal_test
/* {"app": "dbt", "dbt_version": "1.11.0b4", "profile_name": "dbt_snowflake_trans", "target_name": "dev", "node_id": "test.dbt_snowflake_trans.not_null_stg_transactions_transaction_id.1d00a8e2e4"} */
[0m22:30:36.031272 [debug] [Thread-2 (]: Began executing node test.dbt_snowflake_trans.relationships_stg_transactions_account_id__account_id__ref_stg_accounts_.c0d3771e54
[0m22:30:36.034547 [debug] [Thread-2 (]: Writing runtime sql for node "test.dbt_snowflake_trans.relationships_stg_transactions_account_id__account_id__ref_stg_accounts_.c0d3771e54"
[0m22:30:36.035689 [debug] [Thread-2 (]: Using snowflake connection "test.dbt_snowflake_trans.relationships_stg_transactions_account_id__account_id__ref_stg_accounts_.c0d3771e54"
[0m22:30:36.036009 [debug] [Thread-2 (]: On test.dbt_snowflake_trans.relationships_stg_transactions_account_id__account_id__ref_stg_accounts_.c0d3771e54: select
      count(*) as failures,
      count(*) != 0 as should_warn,
      count(*) != 0 as should_error
    from (
      
    
  
    
    

with child as (
    select account_id as from_field
    from E2E_DB.RAW.stg_transactions
    where account_id is not null
),

parent as (
    select account_id as to_field
    from E2E_DB.RAW.stg_accounts
)

select
    from_field

from child
left join parent
    on child.from_field = parent.to_field

where parent.to_field is null



  
  
      
    ) dbt_internal_test
/* {"app": "dbt", "dbt_version": "1.11.0b4", "profile_name": "dbt_snowflake_trans", "target_name": "dev", "node_id": "test.dbt_snowflake_trans.relationships_stg_transactions_account_id__account_id__ref_stg_accounts_.c0d3771e54"} */
[0m22:30:36.047502 [debug] [Thread-4 (]: SQL status: SUCCESS 1 in 0.147 seconds
[0m22:30:36.050782 [info ] [Thread-4 (]: 14 of 22 PASS not_null_stg_transactions_account_id ............................. [[32mPASS[0m in 0.16s]
[0m22:30:36.052060 [debug] [Thread-4 (]: Finished running node test.dbt_snowflake_trans.not_null_stg_transactions_account_id.a7d212da1d
[0m22:30:36.052875 [debug] [Thread-4 (]: Began running node test.dbt_snowflake_trans.unique_stg_transactions_transaction_id.ee9a78a396
[0m22:30:36.053648 [info ] [Thread-4 (]: 17 of 22 START test unique_stg_transactions_transaction_id ..................... [RUN]
[0m22:30:36.054379 [debug] [Thread-4 (]: Re-using an available connection from the pool (formerly test.dbt_snowflake_trans.not_null_stg_transactions_account_id.a7d212da1d, now test.dbt_snowflake_trans.unique_stg_transactions_transaction_id.ee9a78a396)
[0m22:30:36.054973 [debug] [Thread-4 (]: Began compiling node test.dbt_snowflake_trans.unique_stg_transactions_transaction_id.ee9a78a396
[0m22:30:36.060468 [debug] [Thread-4 (]: Writing injected SQL for node "test.dbt_snowflake_trans.unique_stg_transactions_transaction_id.ee9a78a396"
[0m22:30:36.061114 [debug] [Thread-4 (]: Began executing node test.dbt_snowflake_trans.unique_stg_transactions_transaction_id.ee9a78a396
[0m22:30:36.063311 [debug] [Thread-4 (]: Writing runtime sql for node "test.dbt_snowflake_trans.unique_stg_transactions_transaction_id.ee9a78a396"
[0m22:30:36.064048 [debug] [Thread-4 (]: Using snowflake connection "test.dbt_snowflake_trans.unique_stg_transactions_transaction_id.ee9a78a396"
[0m22:30:36.064378 [debug] [Thread-4 (]: On test.dbt_snowflake_trans.unique_stg_transactions_transaction_id.ee9a78a396: select
      count(*) as failures,
      count(*) != 0 as should_warn,
      count(*) != 0 as should_error
    from (
      
    
  
    
    

select
    transaction_id as unique_field,
    count(*) as n_records

from E2E_DB.RAW.stg_transactions
where transaction_id is not null
group by transaction_id
having count(*) > 1



  
  
      
    ) dbt_internal_test
/* {"app": "dbt", "dbt_version": "1.11.0b4", "profile_name": "dbt_snowflake_trans", "target_name": "dev", "node_id": "test.dbt_snowflake_trans.unique_stg_transactions_transaction_id.ee9a78a396"} */
[0m22:30:36.069141 [debug] [Thread-1 (]: SQL status: SUCCESS 1 in 0.171 seconds
[0m22:30:36.070780 [info ] [Thread-1 (]: 13 of 22 PASS accepted_values_stg_transactions_txn_type__DEPOSIT__WITHDRAWAL__TRANSFER  [[32mPASS[0m in 0.19s]
[0m22:30:36.071346 [debug] [Thread-1 (]: Finished running node test.dbt_snowflake_trans.accepted_values_stg_transactions_txn_type__DEPOSIT__WITHDRAWAL__TRANSFER.ee9aed38b8
[0m22:30:36.071743 [debug] [Thread-1 (]: Began running node snapshot.dbt_snowflake_trans.snp_accounts
[0m22:30:36.072268 [info ] [Thread-1 (]: 18 of 22 START snapshot SNAPSHOTS.snp_accounts ................................. [RUN]
[0m22:30:36.072717 [debug] [Thread-1 (]: Re-using an available connection from the pool (formerly test.dbt_snowflake_trans.accepted_values_stg_transactions_txn_type__DEPOSIT__WITHDRAWAL__TRANSFER.ee9aed38b8, now snapshot.dbt_snowflake_trans.snp_accounts)
[0m22:30:36.073111 [debug] [Thread-1 (]: Began compiling node snapshot.dbt_snowflake_trans.snp_accounts
[0m22:30:36.075788 [debug] [Thread-1 (]: Began executing node snapshot.dbt_snowflake_trans.snp_accounts
[0m22:30:36.104471 [debug] [Thread-1 (]: Using snowflake connection "snapshot.dbt_snowflake_trans.snp_accounts"
[0m22:30:36.104800 [debug] [Thread-1 (]: On snapshot.dbt_snowflake_trans.snp_accounts: describe table "E2E_DB"."SNAPSHOTS"."SNP_ACCOUNTS"
/* {"app": "dbt", "dbt_version": "1.11.0b4", "profile_name": "dbt_snowflake_trans", "target_name": "dev", "node_id": "snapshot.dbt_snowflake_trans.snp_accounts"} */
[0m22:30:36.862416 [debug] [Thread-3 (]: SQL status: SUCCESS 1 in 0.831 seconds
[0m22:30:36.864257 [debug] [Thread-4 (]: SQL status: SUCCESS 1 in 0.799 seconds
[0m22:30:36.868515 [debug] [Thread-2 (]: SQL status: SUCCESS 1 in 0.832 seconds
[0m22:30:36.867423 [info ] [Thread-3 (]: 15 of 22 PASS not_null_stg_transactions_transaction_id ......................... [[32mPASS[0m in 0.87s]
[0m22:30:36.869870 [debug] [Thread-1 (]: SQL status: SUCCESS 11 in 0.765 seconds
[0m22:30:36.872921 [info ] [Thread-4 (]: 17 of 22 PASS unique_stg_transactions_transaction_id ........................... [[32mPASS[0m in 0.82s]
[0m22:30:36.876540 [info ] [Thread-2 (]: 16 of 22 PASS relationships_stg_transactions_account_id__account_id__ref_stg_accounts_  [[32mPASS[0m in 0.86s]
[0m22:30:36.878133 [debug] [Thread-3 (]: Finished running node test.dbt_snowflake_trans.not_null_stg_transactions_transaction_id.1d00a8e2e4
[0m22:30:36.889725 [debug] [Thread-4 (]: Finished running node test.dbt_snowflake_trans.unique_stg_transactions_transaction_id.ee9a78a396
[0m22:30:36.909914 [debug] [Thread-2 (]: Finished running node test.dbt_snowflake_trans.relationships_stg_transactions_account_id__account_id__ref_stg_accounts_.c0d3771e54
[0m22:30:36.930138 [debug] [Thread-3 (]: Began running node snapshot.dbt_snowflake_trans.snp_customers
[0m22:30:36.933369 [debug] [Thread-1 (]: Using snowflake connection "snapshot.dbt_snowflake_trans.snp_accounts"
[0m22:30:36.934056 [info ] [Thread-3 (]: 19 of 22 START snapshot SNAPSHOTS.snp_customers ................................ [RUN]
[0m22:30:36.934549 [debug] [Thread-1 (]: On snapshot.dbt_snowflake_trans.snp_accounts: create or replace temporary table "E2E_DB"."SNAPSHOTS"."SNP_ACCOUNTS__dbt_tmp"
as (
    
    
    with snapshot_query as (

        



SELECT * FROM E2E_DB.RAW.stg_accounts


    ),

    snapshotted_data as (

        select *, 
    
        account_id as dbt_unique_key
    

        from "E2E_DB"."SNAPSHOTS"."SNP_ACCOUNTS"
        where
            
                dbt_valid_to is null
            

    ),

    insertions_source_data as (

        select *, 
    
        account_id as dbt_unique_key
    
,
            last_updated_at as dbt_updated_at,
            last_updated_at as dbt_valid_from,
            
  
  coalesce(nullif(last_updated_at, last_updated_at), null)
  as dbt_valid_to
,
            md5(coalesce(cast(account_id as varchar ), '')
         || '|' || coalesce(cast(last_updated_at as varchar ), '')
        ) as dbt_scd_id

        from snapshot_query
    ),

    updates_source_data as (

        select *, 
    
        account_id as dbt_unique_key
    
,
            last_updated_at as dbt_updated_at,
            last_updated_at as dbt_valid_from,
            last_updated_at as dbt_valid_to

        from snapshot_query
    ),

    insertions as (

        select
            'insert' as dbt_change_type,
            source_data.*

        from insertions_source_data as source_data
        left outer join snapshotted_data
            on 
    
        snapshotted_data.dbt_unique_key = source_data.dbt_unique_key
    

            where 
    
        snapshotted_data.dbt_unique_key is null
    

            or (
    
        snapshotted_data.dbt_unique_key is not null
    
 and (
               (snapshotted_data.dbt_valid_from < source_data.last_updated_at)
            )

        )

    ),

    updates as (

        select
            'update' as dbt_change_type,
            source_data.*,
            snapshotted_data.dbt_scd_id

        from updates_source_data as source_data
        join snapshotted_data
            on 
    
        snapshotted_data.dbt_unique_key = source_data.dbt_unique_key
    

        where (
            (snapshotted_data.dbt_valid_from < source_data.last_updated_at)
        )
    )

    select * from insertions
    union all
    select * from updates

    )

/* {"app": "dbt", "dbt_version": "1.11.0b4", "profile_name": "dbt_snowflake_trans", "target_name": "dev", "node_id": "snapshot.dbt_snowflake_trans.snp_accounts"} */;
[0m22:30:36.934888 [debug] [Thread-4 (]: Began running node model.dbt_snowflake_trans.fact_transactions
[0m22:30:36.935180 [debug] [Thread-3 (]: Re-using an available connection from the pool (formerly test.dbt_snowflake_trans.not_null_stg_transactions_transaction_id.1d00a8e2e4, now snapshot.dbt_snowflake_trans.snp_customers)
[0m22:30:36.935744 [info ] [Thread-4 (]: 20 of 22 START sql incremental model RAW_ANALYTICS.fact_transactions ........... [RUN]
[0m22:30:36.936662 [debug] [Thread-3 (]: Began compiling node snapshot.dbt_snowflake_trans.snp_customers
[0m22:30:36.937040 [debug] [Thread-4 (]: Re-using an available connection from the pool (formerly test.dbt_snowflake_trans.unique_stg_transactions_transaction_id.ee9a78a396, now model.dbt_snowflake_trans.fact_transactions)
[0m22:30:36.939076 [debug] [Thread-3 (]: Began executing node snapshot.dbt_snowflake_trans.snp_customers
[0m22:30:36.939405 [debug] [Thread-4 (]: Began compiling node model.dbt_snowflake_trans.fact_transactions
[0m22:30:36.943100 [debug] [Thread-3 (]: Using snowflake connection "snapshot.dbt_snowflake_trans.snp_customers"
[0m22:30:36.948143 [debug] [Thread-4 (]: Writing injected SQL for node "model.dbt_snowflake_trans.fact_transactions"
[0m22:30:36.948504 [debug] [Thread-3 (]: On snapshot.dbt_snowflake_trans.snp_customers: describe table "E2E_DB"."SNAPSHOTS"."SNP_CUSTOMERS"
/* {"app": "dbt", "dbt_version": "1.11.0b4", "profile_name": "dbt_snowflake_trans", "target_name": "dev", "node_id": "snapshot.dbt_snowflake_trans.snp_customers"} */
[0m22:30:36.949559 [debug] [Thread-4 (]: Began executing node model.dbt_snowflake_trans.fact_transactions
[0m22:30:36.975098 [debug] [Thread-4 (]: Writing runtime sql for node "model.dbt_snowflake_trans.fact_transactions"
[0m22:30:36.975972 [debug] [Thread-4 (]: Using snowflake connection "model.dbt_snowflake_trans.fact_transactions"
[0m22:30:36.976265 [debug] [Thread-4 (]: On model.dbt_snowflake_trans.fact_transactions: create or replace transient table E2E_DB.RAW_ANALYTICS.fact_transactions
    
    
    
    as (

WITH transactions AS (
    SELECT * FROM E2E_DB.RAW.stg_transactions
    
    -- LOGIC INCREMENTAL:
    -- Chỉ lấy các giao dịch có thời gian xử lý (processed_at) LỚN HƠN 
    -- thời gian max hiện có trong bảng đích (this).
    
),

-- Join thêm thông tin Account để lấy Customer ID (Denormalization)
accounts AS (
    SELECT account_id, customer_id FROM E2E_DB.RAW.stg_accounts
)

SELECT
    t.transaction_id,
    t.account_id,
    a.customer_id, 
    
    t.txn_type,
    t.status,
    t.amount,
    
    -- Tách Date Dimension (Ngày/Tháng/Năm) phục vụ Partitioning hoặc Filter nhanh
    DATE(t.created_at) AS transaction_date_key,
    YEAR(t.created_at) AS transaction_year,
    MONTH(t.created_at) AS transaction_month,
    
    t.created_at AS transaction_timestamp,
    t.processed_at, -- Cột mốc để chạy incremental
    current_timestamp() AS dwh_load_at

FROM transactions t
LEFT JOIN accounts a ON t.account_id = a.account_id
    )

/* {"app": "dbt", "dbt_version": "1.11.0b4", "profile_name": "dbt_snowflake_trans", "target_name": "dev", "node_id": "model.dbt_snowflake_trans.fact_transactions"} */;
[0m22:30:37.048890 [debug] [Thread-3 (]: SQL status: SUCCESS 10 in 0.100 seconds
[0m22:30:37.054831 [debug] [Thread-3 (]: Using snowflake connection "snapshot.dbt_snowflake_trans.snp_customers"
[0m22:30:37.055147 [debug] [Thread-3 (]: On snapshot.dbt_snowflake_trans.snp_customers: create or replace temporary table "E2E_DB"."SNAPSHOTS"."SNP_CUSTOMERS__dbt_tmp"
as (
    
    
    with snapshot_query as (

        




SELECT * FROM E2E_DB.RAW.stg_customers


    ),

    snapshotted_data as (

        select *, 
    
        customer_id as dbt_unique_key
    

        from "E2E_DB"."SNAPSHOTS"."SNP_CUSTOMERS"
        where
            
                dbt_valid_to is null
            

    ),

    insertions_source_data as (

        select *, 
    
        customer_id as dbt_unique_key
    
,
            last_updated_at as dbt_updated_at,
            last_updated_at as dbt_valid_from,
            
  
  coalesce(nullif(last_updated_at, last_updated_at), null)
  as dbt_valid_to
,
            md5(coalesce(cast(customer_id as varchar ), '')
         || '|' || coalesce(cast(last_updated_at as varchar ), '')
        ) as dbt_scd_id

        from snapshot_query
    ),

    updates_source_data as (

        select *, 
    
        customer_id as dbt_unique_key
    
,
            last_updated_at as dbt_updated_at,
            last_updated_at as dbt_valid_from,
            last_updated_at as dbt_valid_to

        from snapshot_query
    ),

    insertions as (

        select
            'insert' as dbt_change_type,
            source_data.*

        from insertions_source_data as source_data
        left outer join snapshotted_data
            on 
    
        snapshotted_data.dbt_unique_key = source_data.dbt_unique_key
    

            where 
    
        snapshotted_data.dbt_unique_key is null
    

            or (
    
        snapshotted_data.dbt_unique_key is not null
    
 and (
               (snapshotted_data.dbt_valid_from < source_data.last_updated_at)
            )

        )

    ),

    updates as (

        select
            'update' as dbt_change_type,
            source_data.*,
            snapshotted_data.dbt_scd_id

        from updates_source_data as source_data
        join snapshotted_data
            on 
    
        snapshotted_data.dbt_unique_key = source_data.dbt_unique_key
    

        where (
            (snapshotted_data.dbt_valid_from < source_data.last_updated_at)
        )
    )

    select * from insertions
    union all
    select * from updates

    )

/* {"app": "dbt", "dbt_version": "1.11.0b4", "profile_name": "dbt_snowflake_trans", "target_name": "dev", "node_id": "snapshot.dbt_snowflake_trans.snp_customers"} */;
[0m22:30:37.472858 [debug] [Thread-1 (]: SQL status: SUCCESS 1 in 0.537 seconds
[0m22:30:37.475338 [debug] [Thread-3 (]: SQL status: SUCCESS 1 in 0.420 seconds
[0m22:30:37.479848 [debug] [Thread-1 (]: Using snowflake connection "snapshot.dbt_snowflake_trans.snp_accounts"
[0m22:30:37.483467 [debug] [Thread-3 (]: Using snowflake connection "snapshot.dbt_snowflake_trans.snp_customers"
[0m22:30:37.484304 [debug] [Thread-1 (]: On snapshot.dbt_snowflake_trans.snp_accounts: describe table "E2E_DB"."SNAPSHOTS"."SNP_ACCOUNTS__dbt_tmp"
/* {"app": "dbt", "dbt_version": "1.11.0b4", "profile_name": "dbt_snowflake_trans", "target_name": "dev", "node_id": "snapshot.dbt_snowflake_trans.snp_accounts"} */
[0m22:30:37.485162 [debug] [Thread-3 (]: On snapshot.dbt_snowflake_trans.snp_customers: describe table "E2E_DB"."SNAPSHOTS"."SNP_CUSTOMERS__dbt_tmp"
/* {"app": "dbt", "dbt_version": "1.11.0b4", "profile_name": "dbt_snowflake_trans", "target_name": "dev", "node_id": "snapshot.dbt_snowflake_trans.snp_customers"} */
[0m22:30:37.491063 [debug] [Thread-4 (]: SQL status: SUCCESS 1 in 0.514 seconds
[0m22:30:37.501634 [debug] [Thread-4 (]: Applying DROP to: E2E_DB.RAW_ANALYTICS.fact_transactions__dbt_tmp
[0m22:30:37.507081 [debug] [Thread-4 (]: Using snowflake connection "model.dbt_snowflake_trans.fact_transactions"
[0m22:30:37.507363 [debug] [Thread-4 (]: On model.dbt_snowflake_trans.fact_transactions: drop table if exists E2E_DB.RAW_ANALYTICS.fact_transactions__dbt_tmp cascade
/* {"app": "dbt", "dbt_version": "1.11.0b4", "profile_name": "dbt_snowflake_trans", "target_name": "dev", "node_id": "model.dbt_snowflake_trans.fact_transactions"} */
[0m22:30:37.576561 [debug] [Thread-3 (]: SQL status: SUCCESS 12 in 0.088 seconds
[0m22:30:37.582234 [debug] [Thread-3 (]: Using snowflake connection "snapshot.dbt_snowflake_trans.snp_customers"
[0m22:30:37.582517 [debug] [Thread-3 (]: On snapshot.dbt_snowflake_trans.snp_customers: describe table "E2E_DB"."SNAPSHOTS"."SNP_CUSTOMERS"
/* {"app": "dbt", "dbt_version": "1.11.0b4", "profile_name": "dbt_snowflake_trans", "target_name": "dev", "node_id": "snapshot.dbt_snowflake_trans.snp_customers"} */
[0m22:30:37.584167 [debug] [Thread-1 (]: SQL status: SUCCESS 13 in 0.098 seconds
[0m22:30:37.588227 [debug] [Thread-1 (]: Using snowflake connection "snapshot.dbt_snowflake_trans.snp_accounts"
[0m22:30:37.589522 [debug] [Thread-1 (]: On snapshot.dbt_snowflake_trans.snp_accounts: describe table "E2E_DB"."SNAPSHOTS"."SNP_ACCOUNTS"
/* {"app": "dbt", "dbt_version": "1.11.0b4", "profile_name": "dbt_snowflake_trans", "target_name": "dev", "node_id": "snapshot.dbt_snowflake_trans.snp_accounts"} */
[0m22:30:37.591278 [debug] [Thread-4 (]: SQL status: SUCCESS 1 in 0.084 seconds
[0m22:30:37.595175 [debug] [Thread-4 (]: Sending event: {'category': 'dbt', 'action': 'run_model', 'label': '9380952a-15a4-4122-bad4-aef5707220da', 'context': [<snowplow_tracker.self_describing_json.SelfDescribingJson object at 0x7385901e9c40>]}
[0m22:30:37.596087 [info ] [Thread-4 (]: 20 of 22 OK created sql incremental model RAW_ANALYTICS.fact_transactions ...... [[32mSUCCESS 1[0m in 0.66s]
[0m22:30:37.596983 [debug] [Thread-4 (]: Finished running node model.dbt_snowflake_trans.fact_transactions
[0m22:30:37.665628 [debug] [Thread-3 (]: SQL status: SUCCESS 10 in 0.083 seconds
[0m22:30:37.672116 [debug] [Thread-3 (]: Using snowflake connection "snapshot.dbt_snowflake_trans.snp_customers"
[0m22:30:37.672754 [debug] [Thread-3 (]: On snapshot.dbt_snowflake_trans.snp_customers: describe table "E2E_DB"."SNAPSHOTS"."SNP_CUSTOMERS__dbt_tmp"
/* {"app": "dbt", "dbt_version": "1.11.0b4", "profile_name": "dbt_snowflake_trans", "target_name": "dev", "node_id": "snapshot.dbt_snowflake_trans.snp_customers"} */
[0m22:30:37.697530 [debug] [Thread-1 (]: SQL status: SUCCESS 11 in 0.107 seconds
[0m22:30:37.701904 [debug] [Thread-1 (]: Using snowflake connection "snapshot.dbt_snowflake_trans.snp_accounts"
[0m22:30:37.702177 [debug] [Thread-1 (]: On snapshot.dbt_snowflake_trans.snp_accounts: describe table "E2E_DB"."SNAPSHOTS"."SNP_ACCOUNTS__dbt_tmp"
/* {"app": "dbt", "dbt_version": "1.11.0b4", "profile_name": "dbt_snowflake_trans", "target_name": "dev", "node_id": "snapshot.dbt_snowflake_trans.snp_accounts"} */
[0m22:30:37.757921 [debug] [Thread-3 (]: SQL status: SUCCESS 12 in 0.084 seconds
[0m22:30:37.764236 [debug] [Thread-3 (]: Using snowflake connection "snapshot.dbt_snowflake_trans.snp_customers"
[0m22:30:37.764893 [debug] [Thread-3 (]: On snapshot.dbt_snowflake_trans.snp_customers: describe table "E2E_DB"."SNAPSHOTS"."SNP_CUSTOMERS"
/* {"app": "dbt", "dbt_version": "1.11.0b4", "profile_name": "dbt_snowflake_trans", "target_name": "dev", "node_id": "snapshot.dbt_snowflake_trans.snp_customers"} */
[0m22:30:37.791193 [debug] [Thread-1 (]: SQL status: SUCCESS 13 in 0.089 seconds
[0m22:30:37.796892 [debug] [Thread-1 (]: Using snowflake connection "snapshot.dbt_snowflake_trans.snp_accounts"
[0m22:30:37.797478 [debug] [Thread-1 (]: On snapshot.dbt_snowflake_trans.snp_accounts: describe table "E2E_DB"."SNAPSHOTS"."SNP_ACCOUNTS"
/* {"app": "dbt", "dbt_version": "1.11.0b4", "profile_name": "dbt_snowflake_trans", "target_name": "dev", "node_id": "snapshot.dbt_snowflake_trans.snp_accounts"} */
[0m22:30:37.850956 [debug] [Thread-3 (]: SQL status: SUCCESS 10 in 0.085 seconds
[0m22:30:37.862228 [debug] [Thread-3 (]: Using snowflake connection "snapshot.dbt_snowflake_trans.snp_customers"
[0m22:30:37.862794 [debug] [Thread-3 (]: On snapshot.dbt_snowflake_trans.snp_customers: describe table "E2E_DB"."SNAPSHOTS"."SNP_CUSTOMERS__dbt_tmp"
/* {"app": "dbt", "dbt_version": "1.11.0b4", "profile_name": "dbt_snowflake_trans", "target_name": "dev", "node_id": "snapshot.dbt_snowflake_trans.snp_customers"} */
[0m22:30:37.889825 [debug] [Thread-1 (]: SQL status: SUCCESS 11 in 0.092 seconds
[0m22:30:37.894589 [debug] [Thread-1 (]: Using snowflake connection "snapshot.dbt_snowflake_trans.snp_accounts"
[0m22:30:37.894861 [debug] [Thread-1 (]: On snapshot.dbt_snowflake_trans.snp_accounts: describe table "E2E_DB"."SNAPSHOTS"."SNP_ACCOUNTS__dbt_tmp"
/* {"app": "dbt", "dbt_version": "1.11.0b4", "profile_name": "dbt_snowflake_trans", "target_name": "dev", "node_id": "snapshot.dbt_snowflake_trans.snp_accounts"} */
[0m22:30:37.939169 [debug] [Thread-3 (]: SQL status: SUCCESS 12 in 0.076 seconds
[0m22:30:37.962461 [debug] [Thread-3 (]: Using snowflake connection "snapshot.dbt_snowflake_trans.snp_customers"
[0m22:30:37.962814 [debug] [Thread-3 (]: On snapshot.dbt_snowflake_trans.snp_customers: select * from (
        
    
    with snapshot_query as (

        




SELECT * FROM E2E_DB.RAW.stg_customers


    ),

    snapshotted_data as (

        select *, 
    
        customer_id as dbt_unique_key
    

        from "E2E_DB"."SNAPSHOTS"."SNP_CUSTOMERS"
        where
            
                dbt_valid_to is null
            

    ),

    insertions_source_data as (

        select *, 
    
        customer_id as dbt_unique_key
    
,
            last_updated_at as dbt_updated_at,
            last_updated_at as dbt_valid_from,
            
  
  coalesce(nullif(last_updated_at, last_updated_at), null)
  as dbt_valid_to
,
            md5(coalesce(cast(customer_id as varchar ), '')
         || '|' || coalesce(cast(last_updated_at as varchar ), '')
        ) as dbt_scd_id

        from snapshot_query
    ),

    updates_source_data as (

        select *, 
    
        customer_id as dbt_unique_key
    
,
            last_updated_at as dbt_updated_at,
            last_updated_at as dbt_valid_from,
            last_updated_at as dbt_valid_to

        from snapshot_query
    ),

    insertions as (

        select
            'insert' as dbt_change_type,
            source_data.*

        from insertions_source_data as source_data
        left outer join snapshotted_data
            on 
    
        snapshotted_data.dbt_unique_key = source_data.dbt_unique_key
    

            where 
    
        snapshotted_data.dbt_unique_key is null
    

            or (
    
        snapshotted_data.dbt_unique_key is not null
    
 and (
               (snapshotted_data.dbt_valid_from < source_data.last_updated_at)
            )

        )

    ),

    updates as (

        select
            'update' as dbt_change_type,
            source_data.*,
            snapshotted_data.dbt_scd_id

        from updates_source_data as source_data
        join snapshotted_data
            on 
    
        snapshotted_data.dbt_unique_key = source_data.dbt_unique_key
    

        where (
            (snapshotted_data.dbt_valid_from < source_data.last_updated_at)
        )
    )

    select * from insertions
    union all
    select * from updates

    ) as __dbt_sbq
    where false
    limit 0
/* {"app": "dbt", "dbt_version": "1.11.0b4", "profile_name": "dbt_snowflake_trans", "target_name": "dev", "node_id": "snapshot.dbt_snowflake_trans.snp_customers"} */
/* {"app": "dbt", "dbt_version": "1.11.0b4", "profile_name": "dbt_snowflake_trans", "target_name": "dev", "node_id": "snapshot.dbt_snowflake_trans.snp_customers"} */
[0m22:30:38.008486 [debug] [Thread-1 (]: SQL status: SUCCESS 13 in 0.113 seconds
[0m22:30:38.015994 [debug] [Thread-1 (]: Using snowflake connection "snapshot.dbt_snowflake_trans.snp_accounts"
[0m22:30:38.016696 [debug] [Thread-1 (]: On snapshot.dbt_snowflake_trans.snp_accounts: select * from (
        
    
    with snapshot_query as (

        



SELECT * FROM E2E_DB.RAW.stg_accounts


    ),

    snapshotted_data as (

        select *, 
    
        account_id as dbt_unique_key
    

        from "E2E_DB"."SNAPSHOTS"."SNP_ACCOUNTS"
        where
            
                dbt_valid_to is null
            

    ),

    insertions_source_data as (

        select *, 
    
        account_id as dbt_unique_key
    
,
            last_updated_at as dbt_updated_at,
            last_updated_at as dbt_valid_from,
            
  
  coalesce(nullif(last_updated_at, last_updated_at), null)
  as dbt_valid_to
,
            md5(coalesce(cast(account_id as varchar ), '')
         || '|' || coalesce(cast(last_updated_at as varchar ), '')
        ) as dbt_scd_id

        from snapshot_query
    ),

    updates_source_data as (

        select *, 
    
        account_id as dbt_unique_key
    
,
            last_updated_at as dbt_updated_at,
            last_updated_at as dbt_valid_from,
            last_updated_at as dbt_valid_to

        from snapshot_query
    ),

    insertions as (

        select
            'insert' as dbt_change_type,
            source_data.*

        from insertions_source_data as source_data
        left outer join snapshotted_data
            on 
    
        snapshotted_data.dbt_unique_key = source_data.dbt_unique_key
    

            where 
    
        snapshotted_data.dbt_unique_key is null
    

            or (
    
        snapshotted_data.dbt_unique_key is not null
    
 and (
               (snapshotted_data.dbt_valid_from < source_data.last_updated_at)
            )

        )

    ),

    updates as (

        select
            'update' as dbt_change_type,
            source_data.*,
            snapshotted_data.dbt_scd_id

        from updates_source_data as source_data
        join snapshotted_data
            on 
    
        snapshotted_data.dbt_unique_key = source_data.dbt_unique_key
    

        where (
            (snapshotted_data.dbt_valid_from < source_data.last_updated_at)
        )
    )

    select * from insertions
    union all
    select * from updates

    ) as __dbt_sbq
    where false
    limit 0
/* {"app": "dbt", "dbt_version": "1.11.0b4", "profile_name": "dbt_snowflake_trans", "target_name": "dev", "node_id": "snapshot.dbt_snowflake_trans.snp_accounts"} */
/* {"app": "dbt", "dbt_version": "1.11.0b4", "profile_name": "dbt_snowflake_trans", "target_name": "dev", "node_id": "snapshot.dbt_snowflake_trans.snp_accounts"} */
[0m22:30:38.117041 [debug] [Thread-3 (]: SQL status: SUCCESS 0 in 0.154 seconds
[0m22:30:38.126148 [debug] [Thread-3 (]: Using snowflake connection "snapshot.dbt_snowflake_trans.snp_customers"
[0m22:30:38.126740 [debug] [Thread-3 (]: On snapshot.dbt_snowflake_trans.snp_customers: select * from (
        select to_timestamp_ntz(convert_timezone('UTC', current_timestamp())) as dbt_snapshot_time
    ) as __dbt_sbq
    where false
    limit 0
/* {"app": "dbt", "dbt_version": "1.11.0b4", "profile_name": "dbt_snowflake_trans", "target_name": "dev", "node_id": "snapshot.dbt_snowflake_trans.snp_customers"} */
/* {"app": "dbt", "dbt_version": "1.11.0b4", "profile_name": "dbt_snowflake_trans", "target_name": "dev", "node_id": "snapshot.dbt_snowflake_trans.snp_customers"} */
[0m22:30:38.159539 [debug] [Thread-1 (]: SQL status: SUCCESS 0 in 0.142 seconds
[0m22:30:38.162278 [debug] [Thread-1 (]: Using snowflake connection "snapshot.dbt_snowflake_trans.snp_accounts"
[0m22:30:38.163145 [debug] [Thread-1 (]: On snapshot.dbt_snowflake_trans.snp_accounts: select * from (
        select to_timestamp_ntz(convert_timezone('UTC', current_timestamp())) as dbt_snapshot_time
    ) as __dbt_sbq
    where false
    limit 0
/* {"app": "dbt", "dbt_version": "1.11.0b4", "profile_name": "dbt_snowflake_trans", "target_name": "dev", "node_id": "snapshot.dbt_snowflake_trans.snp_accounts"} */
/* {"app": "dbt", "dbt_version": "1.11.0b4", "profile_name": "dbt_snowflake_trans", "target_name": "dev", "node_id": "snapshot.dbt_snowflake_trans.snp_accounts"} */
[0m22:30:38.212884 [debug] [Thread-3 (]: SQL status: SUCCESS 0 in 0.085 seconds
[0m22:30:38.214336 [debug] [Thread-3 (]: Writing runtime sql for node "snapshot.dbt_snowflake_trans.snp_customers"
[0m22:30:38.216581 [debug] [Thread-3 (]: Using snowflake connection "snapshot.dbt_snowflake_trans.snp_customers"
[0m22:30:38.217288 [debug] [Thread-3 (]: On snapshot.dbt_snowflake_trans.snp_customers: BEGIN
/* {"app": "dbt", "dbt_version": "1.11.0b4", "profile_name": "dbt_snowflake_trans", "target_name": "dev", "node_id": "snapshot.dbt_snowflake_trans.snp_customers"} */
[0m22:30:38.253524 [debug] [Thread-1 (]: SQL status: SUCCESS 0 in 0.090 seconds
[0m22:30:38.254833 [debug] [Thread-1 (]: Writing runtime sql for node "snapshot.dbt_snowflake_trans.snp_accounts"
[0m22:30:38.256956 [debug] [Thread-1 (]: Using snowflake connection "snapshot.dbt_snowflake_trans.snp_accounts"
[0m22:30:38.257681 [debug] [Thread-1 (]: On snapshot.dbt_snowflake_trans.snp_accounts: BEGIN
/* {"app": "dbt", "dbt_version": "1.11.0b4", "profile_name": "dbt_snowflake_trans", "target_name": "dev", "node_id": "snapshot.dbt_snowflake_trans.snp_accounts"} */
[0m22:30:38.310570 [debug] [Thread-3 (]: SQL status: SUCCESS 1 in 0.093 seconds
[0m22:30:38.311308 [debug] [Thread-3 (]: Using snowflake connection "snapshot.dbt_snowflake_trans.snp_customers"
[0m22:30:38.311934 [debug] [Thread-3 (]: On snapshot.dbt_snowflake_trans.snp_customers: merge into "E2E_DB"."SNAPSHOTS"."SNP_CUSTOMERS" as DBT_INTERNAL_DEST
    using "E2E_DB"."SNAPSHOTS"."SNP_CUSTOMERS__dbt_tmp" as DBT_INTERNAL_SOURCE
    on DBT_INTERNAL_SOURCE.dbt_scd_id = DBT_INTERNAL_DEST.dbt_scd_id

    when matched
     
       and DBT_INTERNAL_DEST.dbt_valid_to is null
     
     and DBT_INTERNAL_SOURCE.dbt_change_type in ('update', 'delete')
        then update
        set dbt_valid_to = DBT_INTERNAL_SOURCE.dbt_valid_to

    when not matched
     and DBT_INTERNAL_SOURCE.dbt_change_type = 'insert'
        then insert ("CUSTOMER_ID", "FIRST_NAME", "LAST_NAME", "EMAIL", "LAST_UPDATED_AT", "STAGING_LOADED_AT", "DBT_UPDATED_AT", "DBT_VALID_FROM", "DBT_VALID_TO", "DBT_SCD_ID")
        values ("CUSTOMER_ID", "FIRST_NAME", "LAST_NAME", "EMAIL", "LAST_UPDATED_AT", "STAGING_LOADED_AT", "DBT_UPDATED_AT", "DBT_VALID_FROM", "DBT_VALID_TO", "DBT_SCD_ID")


/* {"app": "dbt", "dbt_version": "1.11.0b4", "profile_name": "dbt_snowflake_trans", "target_name": "dev", "node_id": "snapshot.dbt_snowflake_trans.snp_customers"} */;
[0m22:30:38.368076 [debug] [Thread-1 (]: SQL status: SUCCESS 1 in 0.110 seconds
[0m22:30:38.369298 [debug] [Thread-1 (]: Using snowflake connection "snapshot.dbt_snowflake_trans.snp_accounts"
[0m22:30:38.370250 [debug] [Thread-1 (]: On snapshot.dbt_snowflake_trans.snp_accounts: merge into "E2E_DB"."SNAPSHOTS"."SNP_ACCOUNTS" as DBT_INTERNAL_DEST
    using "E2E_DB"."SNAPSHOTS"."SNP_ACCOUNTS__dbt_tmp" as DBT_INTERNAL_SOURCE
    on DBT_INTERNAL_SOURCE.dbt_scd_id = DBT_INTERNAL_DEST.dbt_scd_id

    when matched
     
       and DBT_INTERNAL_DEST.dbt_valid_to is null
     
     and DBT_INTERNAL_SOURCE.dbt_change_type in ('update', 'delete')
        then update
        set dbt_valid_to = DBT_INTERNAL_SOURCE.dbt_valid_to

    when not matched
     and DBT_INTERNAL_SOURCE.dbt_change_type = 'insert'
        then insert ("ACCOUNT_ID", "CUSTOMER_ID", "ACCOUNT_TYPE", "BALANCE", "CURRENCY", "LAST_UPDATED_AT", "STAGING_LOADED_AT", "DBT_UPDATED_AT", "DBT_VALID_FROM", "DBT_VALID_TO", "DBT_SCD_ID")
        values ("ACCOUNT_ID", "CUSTOMER_ID", "ACCOUNT_TYPE", "BALANCE", "CURRENCY", "LAST_UPDATED_AT", "STAGING_LOADED_AT", "DBT_UPDATED_AT", "DBT_VALID_FROM", "DBT_VALID_TO", "DBT_SCD_ID")


/* {"app": "dbt", "dbt_version": "1.11.0b4", "profile_name": "dbt_snowflake_trans", "target_name": "dev", "node_id": "snapshot.dbt_snowflake_trans.snp_accounts"} */;
[0m22:30:38.654838 [debug] [Thread-3 (]: SQL status: SUCCESS 0 in 0.342 seconds
[0m22:30:38.656069 [debug] [Thread-3 (]: Using snowflake connection "snapshot.dbt_snowflake_trans.snp_customers"
[0m22:30:38.656932 [debug] [Thread-3 (]: On snapshot.dbt_snowflake_trans.snp_customers: COMMIT
/* {"app": "dbt", "dbt_version": "1.11.0b4", "profile_name": "dbt_snowflake_trans", "target_name": "dev", "node_id": "snapshot.dbt_snowflake_trans.snp_customers"} */
[0m22:30:38.747079 [debug] [Thread-1 (]: SQL status: SUCCESS 0 in 0.376 seconds
[0m22:30:38.748377 [debug] [Thread-1 (]: Using snowflake connection "snapshot.dbt_snowflake_trans.snp_accounts"
[0m22:30:38.749241 [debug] [Thread-1 (]: On snapshot.dbt_snowflake_trans.snp_accounts: COMMIT
/* {"app": "dbt", "dbt_version": "1.11.0b4", "profile_name": "dbt_snowflake_trans", "target_name": "dev", "node_id": "snapshot.dbt_snowflake_trans.snp_accounts"} */
[0m22:30:38.850104 [debug] [Thread-3 (]: SQL status: SUCCESS 1 in 0.192 seconds
[0m22:30:38.858347 [debug] [Thread-3 (]: Sending event: {'category': 'dbt', 'action': 'run_model', 'label': '9380952a-15a4-4122-bad4-aef5707220da', 'context': [<snowplow_tracker.self_describing_json.SelfDescribingJson object at 0x73857afaafc0>]}
[0m22:30:38.859556 [info ] [Thread-3 (]: 19 of 22 OK snapshotted SNAPSHOTS.snp_customers ................................ [[32mSUCCESS 0[0m in 1.92s]
[0m22:30:38.860432 [debug] [Thread-3 (]: Finished running node snapshot.dbt_snowflake_trans.snp_customers
[0m22:30:38.861761 [debug] [Thread-2 (]: Began running node model.dbt_snowflake_trans.dim_customers
[0m22:30:38.862570 [info ] [Thread-2 (]: 21 of 22 START sql table model RAW_ANALYTICS.dim_customers ..................... [RUN]
[0m22:30:38.863261 [debug] [Thread-2 (]: Re-using an available connection from the pool (formerly test.dbt_snowflake_trans.relationships_stg_transactions_account_id__account_id__ref_stg_accounts_.c0d3771e54, now model.dbt_snowflake_trans.dim_customers)
[0m22:30:38.863833 [debug] [Thread-2 (]: Began compiling node model.dbt_snowflake_trans.dim_customers
[0m22:30:38.869438 [debug] [Thread-2 (]: Writing injected SQL for node "model.dbt_snowflake_trans.dim_customers"
[0m22:30:38.869842 [debug] [Thread-2 (]: Began executing node model.dbt_snowflake_trans.dim_customers
[0m22:30:38.875808 [debug] [Thread-2 (]: Writing runtime sql for node "model.dbt_snowflake_trans.dim_customers"
[0m22:30:38.876506 [debug] [Thread-2 (]: Using snowflake connection "model.dbt_snowflake_trans.dim_customers"
[0m22:30:38.876785 [debug] [Thread-2 (]: On model.dbt_snowflake_trans.dim_customers: create or replace transient table E2E_DB.RAW_ANALYTICS.dim_customers
    
    
    
    as (

WITH snapshot_source AS (
    -- Đọc từ bảng Snapshot thay vì Staging
    SELECT * FROM E2E_DB.SNAPSHOTS.snp_customers
)

SELECT
    customer_id,
    CONCAT(first_name, ' ', last_name) AS full_name,
    first_name,
    last_name,
    email,
    
    -- Các cột của Snapshot
    dbt_valid_from AS valid_from,
    dbt_valid_to   AS valid_to,
    
    last_updated_at,
    current_timestamp() AS dwh_load_at

FROM snapshot_source
    )

/* {"app": "dbt", "dbt_version": "1.11.0b4", "profile_name": "dbt_snowflake_trans", "target_name": "dev", "node_id": "model.dbt_snowflake_trans.dim_customers"} */;
[0m22:30:38.936663 [debug] [Thread-1 (]: SQL status: SUCCESS 1 in 0.186 seconds
[0m22:30:38.941814 [debug] [Thread-1 (]: Sending event: {'category': 'dbt', 'action': 'run_model', 'label': '9380952a-15a4-4122-bad4-aef5707220da', 'context': [<snowplow_tracker.self_describing_json.SelfDescribingJson object at 0x7385913dede0>]}
[0m22:30:38.943130 [info ] [Thread-1 (]: 18 of 22 OK snapshotted SNAPSHOTS.snp_accounts ................................. [[32mSUCCESS 0[0m in 2.87s]
[0m22:30:38.944045 [debug] [Thread-1 (]: Finished running node snapshot.dbt_snowflake_trans.snp_accounts
[0m22:30:38.945031 [debug] [Thread-3 (]: Began running node model.dbt_snowflake_trans.dim_accounts
[0m22:30:38.945728 [info ] [Thread-3 (]: 22 of 22 START sql table model RAW_ANALYTICS.dim_accounts ...................... [RUN]
[0m22:30:38.946300 [debug] [Thread-3 (]: Re-using an available connection from the pool (formerly snapshot.dbt_snowflake_trans.snp_customers, now model.dbt_snowflake_trans.dim_accounts)
[0m22:30:38.946797 [debug] [Thread-3 (]: Began compiling node model.dbt_snowflake_trans.dim_accounts
[0m22:30:38.951086 [debug] [Thread-3 (]: Writing injected SQL for node "model.dbt_snowflake_trans.dim_accounts"
[0m22:30:38.951882 [debug] [Thread-3 (]: Began executing node model.dbt_snowflake_trans.dim_accounts
[0m22:30:38.954563 [debug] [Thread-3 (]: Writing runtime sql for node "model.dbt_snowflake_trans.dim_accounts"
[0m22:30:38.955567 [debug] [Thread-3 (]: Using snowflake connection "model.dbt_snowflake_trans.dim_accounts"
[0m22:30:38.955933 [debug] [Thread-3 (]: On model.dbt_snowflake_trans.dim_accounts: create or replace transient table E2E_DB.RAW_ANALYTICS.dim_accounts
    
    
    
    as (

WITH snapshot_source AS (
    SELECT * FROM E2E_DB.SNAPSHOTS.snp_accounts
)

SELECT
    account_id,
    customer_id,
    account_type,
    balance,
    currency,
    
    -- Business Logic vẫn giữ nguyên
    CASE 
        WHEN balance >= 5000 THEN 'VIP'
        WHEN balance >= 1000 THEN 'GOLD'
        ELSE 'STANDARD'
    END AS customer_segment,
    
    -- Cột lịch sử
    dbt_valid_from AS valid_from,
    dbt_valid_to   AS valid_to,
    
    last_updated_at,
    current_timestamp() AS dwh_load_at

FROM snapshot_source
    )

/* {"app": "dbt", "dbt_version": "1.11.0b4", "profile_name": "dbt_snowflake_trans", "target_name": "dev", "node_id": "model.dbt_snowflake_trans.dim_accounts"} */;
[0m22:30:39.421047 [debug] [Thread-2 (]: SQL status: SUCCESS 1 in 0.544 seconds
[0m22:30:39.422846 [debug] [Thread-3 (]: SQL status: SUCCESS 1 in 0.466 seconds
[0m22:30:39.426490 [debug] [Thread-2 (]: Sending event: {'category': 'dbt', 'action': 'run_model', 'label': '9380952a-15a4-4122-bad4-aef5707220da', 'context': [<snowplow_tracker.self_describing_json.SelfDescribingJson object at 0x73859011de80>]}
[0m22:30:39.428099 [debug] [Thread-3 (]: Sending event: {'category': 'dbt', 'action': 'run_model', 'label': '9380952a-15a4-4122-bad4-aef5707220da', 'context': [<snowplow_tracker.self_describing_json.SelfDescribingJson object at 0x73857afe0800>]}
[0m22:30:39.428715 [info ] [Thread-2 (]: 21 of 22 OK created sql table model RAW_ANALYTICS.dim_customers ................ [[32mSUCCESS 1[0m in 0.56s]
[0m22:30:39.429288 [info ] [Thread-3 (]: 22 of 22 OK created sql table model RAW_ANALYTICS.dim_accounts ................. [[32mSUCCESS 1[0m in 0.48s]
[0m22:30:39.429835 [debug] [Thread-2 (]: Finished running node model.dbt_snowflake_trans.dim_customers
[0m22:30:39.430568 [debug] [Thread-3 (]: Finished running node model.dbt_snowflake_trans.dim_accounts
[0m22:30:39.432470 [debug] [MainThread]: Connection 'master' was properly closed.
[0m22:30:39.433168 [debug] [MainThread]: Connection 'snapshot.dbt_snowflake_trans.snp_accounts' was left open.
[0m22:30:39.433788 [debug] [MainThread]: On snapshot.dbt_snowflake_trans.snp_accounts: Close
[0m22:30:39.647792 [debug] [MainThread]: Connection 'model.dbt_snowflake_trans.dim_customers' was left open.
[0m22:30:39.648869 [debug] [MainThread]: On model.dbt_snowflake_trans.dim_customers: Close
[0m22:30:39.781062 [debug] [MainThread]: Connection 'model.dbt_snowflake_trans.dim_accounts' was left open.
[0m22:30:39.781859 [debug] [MainThread]: On model.dbt_snowflake_trans.dim_accounts: Close
[0m22:30:39.916579 [debug] [MainThread]: Connection 'model.dbt_snowflake_trans.fact_transactions' was left open.
[0m22:30:39.917396 [debug] [MainThread]: On model.dbt_snowflake_trans.fact_transactions: Close
[0m22:30:40.047015 [info ] [MainThread]: 
[0m22:30:40.048030 [info ] [MainThread]: Finished running 3 dynamic table models, 1 incremental model, 2 snapshots, 2 table models, 14 data tests in 0 hours 0 minutes and 7.44 seconds (7.44s).
[0m22:30:40.052496 [debug] [MainThread]: Command end result
[0m22:30:40.067168 [debug] [MainThread]: Wrote artifact WritableManifest to /home/phuoc19/Projects/end_to_end_aws/dbt_snowflake_trans/target/manifest.json
[0m22:30:40.068274 [debug] [MainThread]: Wrote artifact SemanticManifest to /home/phuoc19/Projects/end_to_end_aws/dbt_snowflake_trans/target/semantic_manifest.json
[0m22:30:40.073105 [debug] [MainThread]: Wrote artifact RunExecutionResult to /home/phuoc19/Projects/end_to_end_aws/dbt_snowflake_trans/target/run_results.json
[0m22:30:40.073363 [info ] [MainThread]: 
[0m22:30:40.073627 [info ] [MainThread]: [32mCompleted successfully[0m
[0m22:30:40.073840 [info ] [MainThread]: 
[0m22:30:40.074056 [info ] [MainThread]: Done. PASS=22 WARN=0 ERROR=0 SKIP=0 NO-OP=0 TOTAL=22
[0m22:30:40.074666 [debug] [MainThread]: Resource report: {"command_name": "build", "command_success": true, "command_wall_clock_time": 8.255482, "process_in_blocks": "0", "process_kernel_time": 0.21064, "process_mem_max_rss": "201472", "process_out_blocks": "2944", "process_user_time": 4.369277}
[0m22:30:40.074976 [debug] [MainThread]: Command `dbt build` succeeded at 22:30:40.074909 after 8.26 seconds
[0m22:30:40.075217 [debug] [MainThread]: Sending event: {'category': 'dbt', 'action': 'invocation', 'label': 'end', 'context': [<snowplow_tracker.self_describing_json.SelfDescribingJson object at 0x7385c2174c20>, <snowplow_tracker.self_describing_json.SelfDescribingJson object at 0x7385930f5460>, <snowplow_tracker.self_describing_json.SelfDescribingJson object at 0x7385c1ddfd40>]}
[0m22:30:40.075484 [debug] [MainThread]: Flushing usage events
[0m22:30:42.079381 [debug] [MainThread]: An error was encountered while trying to flush usage events
[0m19:37:03.909698 [debug] [MainThread]: Sending event: {'category': 'dbt', 'action': 'invocation', 'label': 'start', 'context': [<snowplow_tracker.self_describing_json.SelfDescribingJson object at 0x76a17fee2090>, <snowplow_tracker.self_describing_json.SelfDescribingJson object at 0x76a17dc2e450>, <snowplow_tracker.self_describing_json.SelfDescribingJson object at 0x76a17dc2eff0>]}


============================== 19:37:03.913040 | 1d6ed9f5-347d-4f6e-a30a-9d0f01a86ad6 ==============================
[0m19:37:03.913040 [info ] [MainThread]: Running with dbt=1.11.0-b4
[0m19:37:03.913600 [debug] [MainThread]: running dbt with arguments {'invocation_command': 'dbt ', 'log_format': 'default', 'static_parser': 'True', 'log_path': '/home/phuoc19/Projects/end_to_end_aws/dbt_snowflake_trans/logs', 'write_json': 'True', 'profiles_dir': '/home/phuoc19/.dbt', 'version_check': 'True', 'debug': 'False', 'empty': 'None', 'fail_fast': 'False', 'warn_error': 'None', 'use_experimental_parser': 'False', 'target_path': 'None', 'send_anonymous_usage_stats': 'True', 'introspect': 'True', 'indirect_selection': 'eager', 'no_print': 'None', 'log_cache_events': 'False', 'cache_selected_only': 'False', 'use_colors': 'True', 'quiet': 'False', 'warn_error_options': 'WarnErrorOptionsV2(error=[], warn=[], silence=[])', 'partial_parse': 'True', 'printer_width': '80'}
[0m19:37:03.998821 [debug] [MainThread]: Sending event: {'category': 'dbt', 'action': 'project_id', 'label': '1d6ed9f5-347d-4f6e-a30a-9d0f01a86ad6', 'context': [<snowplow_tracker.self_describing_json.SelfDescribingJson object at 0x76a17fcc6de0>]}
[0m19:37:04.008309 [info ] [MainThread]: Warning: No packages were found in packages.yml
[0m19:37:04.008920 [info ] [MainThread]: Warning: No packages were found in packages.yml
[0m19:37:04.009871 [debug] [MainThread]: Resource report: {"command_name": "deps", "command_success": true, "command_wall_clock_time": 0.14668289, "process_in_blocks": "424", "process_kernel_time": 0.072001, "process_mem_max_rss": "102256", "process_out_blocks": "16", "process_user_time": 1.043019}
[0m19:37:04.010267 [debug] [MainThread]: Command `cli deps` succeeded at 19:37:04.010185 after 0.15 seconds
[0m19:37:04.010539 [debug] [MainThread]: Sending event: {'category': 'dbt', 'action': 'invocation', 'label': 'end', 'context': [<snowplow_tracker.self_describing_json.SelfDescribingJson object at 0x76a17d484440>, <snowplow_tracker.self_describing_json.SelfDescribingJson object at 0x76a17e3eaf60>, <snowplow_tracker.self_describing_json.SelfDescribingJson object at 0x76a1817b38c0>]}
[0m19:37:04.010820 [debug] [MainThread]: Flushing usage events
[0m19:37:05.415971 [debug] [MainThread]: An error was encountered while trying to flush usage events
[0m16:07:29.796072 [debug] [MainThread]: Sending event: {'category': 'dbt', 'action': 'invocation', 'label': 'start', 'context': [<snowplow_tracker.self_describing_json.SelfDescribingJson object at 0x73ecf323da60>, <snowplow_tracker.self_describing_json.SelfDescribingJson object at 0x73ecf5351fd0>, <snowplow_tracker.self_describing_json.SelfDescribingJson object at 0x73ecf5393c80>]}


============================== 16:07:29.799852 | b7d56adb-4161-4d19-9bef-de0f498b02b8 ==============================
[0m16:07:29.799852 [info ] [MainThread]: Running with dbt=1.11.0-b4
[0m16:07:29.800317 [debug] [MainThread]: running dbt with arguments {'warn_error_options': 'WarnErrorOptionsV2(error=[], warn=[], silence=[])', 'use_experimental_parser': 'False', 'log_format': 'default', 'static_parser': 'True', 'use_colors': 'True', 'log_path': '/home/phuoc19/Projects/end_to_end_aws/dbt_snowflake_trans/logs', 'cache_selected_only': 'False', 'partial_parse': 'True', 'empty': 'None', 'write_json': 'True', 'profiles_dir': '/home/phuoc19/.dbt', 'no_print': 'None', 'quiet': 'False', 'target_path': 'None', 'printer_width': '80', 'warn_error': 'None', 'introspect': 'True', 'debug': 'False', 'version_check': 'True', 'indirect_selection': 'eager', 'fail_fast': 'False', 'invocation_command': 'dbt ', 'log_cache_events': 'False', 'send_anonymous_usage_stats': 'True'}
[0m16:07:29.894146 [debug] [MainThread]: Sending event: {'category': 'dbt', 'action': 'project_id', 'label': 'b7d56adb-4161-4d19-9bef-de0f498b02b8', 'context': [<snowplow_tracker.self_describing_json.SelfDescribingJson object at 0x73ecf510ed20>]}
[0m16:07:29.903973 [info ] [MainThread]: Warning: No packages were found in packages.yml
[0m16:07:29.904643 [info ] [MainThread]: Warning: No packages were found in packages.yml
[0m16:07:29.905575 [debug] [MainThread]: Resource report: {"command_name": "deps", "command_success": true, "command_wall_clock_time": 0.1578009, "process_in_blocks": "424", "process_kernel_time": 0.081866, "process_mem_max_rss": "102276", "process_out_blocks": "16", "process_user_time": 1.068258}
[0m16:07:29.905946 [debug] [MainThread]: Command `cli deps` succeeded at 16:07:29.905865 after 0.16 seconds
[0m16:07:29.906221 [debug] [MainThread]: Sending event: {'category': 'dbt', 'action': 'invocation', 'label': 'end', 'context': [<snowplow_tracker.self_describing_json.SelfDescribingJson object at 0x73ecf2eb73e0>, <snowplow_tracker.self_describing_json.SelfDescribingJson object at 0x73ecf26d2450>, <snowplow_tracker.self_describing_json.SelfDescribingJson object at 0x73ecf33a8410>]}
[0m16:07:29.906493 [debug] [MainThread]: Flushing usage events
[0m16:07:41.972385 [debug] [MainThread]: An error was encountered while trying to flush usage events
[0m12:14:36.123774 [debug] [MainThread]: Sending event: {'category': 'dbt', 'action': 'invocation', 'label': 'start', 'context': [<snowplow_tracker.self_describing_json.SelfDescribingJson object at 0x7a88245615b0>, <snowplow_tracker.self_describing_json.SelfDescribingJson object at 0x7a88237d8290>, <snowplow_tracker.self_describing_json.SelfDescribingJson object at 0x7a88241b59a0>]}


============================== 12:14:36.126846 | a443ef81-faab-4050-840c-5465a5b14ad5 ==============================
[0m12:14:36.126846 [info ] [MainThread]: Running with dbt=1.11.0-b4
[0m12:14:36.127624 [debug] [MainThread]: running dbt with arguments {'log_cache_events': 'False', 'indirect_selection': 'eager', 'use_colors': 'True', 'write_json': 'True', 'target_path': 'None', 'debug': 'False', 'log_format': 'default', 'introspect': 'True', 'quiet': 'False', 'log_path': '/home/phuoc19/Projects/end_to_end_aws/dbt_snowflake_trans/logs', 'empty': 'None', 'printer_width': '80', 'use_experimental_parser': 'False', 'no_print': 'None', 'profiles_dir': '/home/phuoc19/.dbt', 'send_anonymous_usage_stats': 'True', 'warn_error_options': 'WarnErrorOptionsV2(error=[], warn=[], silence=[])', 'version_check': 'True', 'cache_selected_only': 'False', 'partial_parse': 'True', 'invocation_command': 'dbt ', 'warn_error': 'None', 'static_parser': 'True', 'fail_fast': 'False'}
[0m12:14:36.212494 [debug] [MainThread]: Sending event: {'category': 'dbt', 'action': 'project_id', 'label': 'a443ef81-faab-4050-840c-5465a5b14ad5', 'context': [<snowplow_tracker.self_describing_json.SelfDescribingJson object at 0x7a8825fd2c30>]}
[0m12:14:36.221429 [info ] [MainThread]: Warning: No packages were found in packages.yml
[0m12:14:36.222053 [info ] [MainThread]: Warning: No packages were found in packages.yml
[0m12:14:36.222986 [debug] [MainThread]: Resource report: {"command_name": "deps", "command_success": true, "command_wall_clock_time": 0.1463097, "process_in_blocks": "424", "process_kernel_time": 0.084903, "process_mem_max_rss": "102204", "process_out_blocks": "8", "process_user_time": 1.02683}
[0m12:14:36.223362 [debug] [MainThread]: Command `cli deps` succeeded at 12:14:36.223288 after 0.15 seconds
[0m12:14:36.223622 [debug] [MainThread]: Sending event: {'category': 'dbt', 'action': 'invocation', 'label': 'end', 'context': [<snowplow_tracker.self_describing_json.SelfDescribingJson object at 0x7a8824221c10>, <snowplow_tracker.self_describing_json.SelfDescribingJson object at 0x7a8823771dc0>, <snowplow_tracker.self_describing_json.SelfDescribingJson object at 0x7a8823e985f0>]}
[0m12:14:36.223910 [debug] [MainThread]: Flushing usage events
[0m12:14:38.414028 [debug] [MainThread]: An error was encountered while trying to flush usage events
[0m13:04:49.774883 [debug] [MainThread]: Sending event: {'category': 'dbt', 'action': 'invocation', 'label': 'start', 'context': [<snowplow_tracker.self_describing_json.SelfDescribingJson object at 0x7812e1360bf0>, <snowplow_tracker.self_describing_json.SelfDescribingJson object at 0x7812e1001eb0>, <snowplow_tracker.self_describing_json.SelfDescribingJson object at 0x7812e15d1100>]}


============================== 13:04:49.777765 | 71d3d4d5-22da-4d8b-ae2c-1213cafd3b42 ==============================
[0m13:04:49.777765 [info ] [MainThread]: Running with dbt=1.11.0-b4
[0m13:04:49.778222 [debug] [MainThread]: running dbt with arguments {'indirect_selection': 'eager', 'printer_width': '80', 'warn_error': 'None', 'empty': 'None', 'cache_selected_only': 'False', 'introspect': 'True', 'warn_error_options': 'WarnErrorOptionsV2(error=[], warn=[], silence=[])', 'static_parser': 'True', 'profiles_dir': '/home/phuoc19/.dbt', 'use_experimental_parser': 'False', 'partial_parse': 'True', 'log_path': '/home/phuoc19/Projects/end_to_end_aws/dbt_snowflake_trans/logs', 'send_anonymous_usage_stats': 'True', 'no_print': 'None', 'write_json': 'True', 'log_format': 'default', 'debug': 'False', 'quiet': 'False', 'use_colors': 'True', 'target_path': 'None', 'version_check': 'True', 'log_cache_events': 'False', 'invocation_command': 'dbt ', 'fail_fast': 'False'}
[0m13:04:49.862092 [debug] [MainThread]: Sending event: {'category': 'dbt', 'action': 'project_id', 'label': '71d3d4d5-22da-4d8b-ae2c-1213cafd3b42', 'context': [<snowplow_tracker.self_describing_json.SelfDescribingJson object at 0x7812e12b63c0>]}
[0m13:04:49.869672 [info ] [MainThread]: Warning: No packages were found in packages.yml
[0m13:04:49.870318 [info ] [MainThread]: Warning: No packages were found in packages.yml
[0m13:04:49.871023 [debug] [MainThread]: Resource report: {"command_name": "deps", "command_success": true, "command_wall_clock_time": 0.13758565, "process_in_blocks": "0", "process_kernel_time": 0.080833, "process_mem_max_rss": "102232", "process_out_blocks": "16", "process_user_time": 1.090751}
[0m13:04:49.871366 [debug] [MainThread]: Command `cli deps` succeeded at 13:04:49.871295 after 0.14 seconds
[0m13:04:49.871618 [debug] [MainThread]: Sending event: {'category': 'dbt', 'action': 'invocation', 'label': 'end', 'context': [<snowplow_tracker.self_describing_json.SelfDescribingJson object at 0x7812e1219c40>, <snowplow_tracker.self_describing_json.SelfDescribingJson object at 0x7812e121b3b0>, <snowplow_tracker.self_describing_json.SelfDescribingJson object at 0x7812e06cf5f0>]}
[0m13:04:49.871887 [debug] [MainThread]: Flushing usage events
[0m13:04:51.201082 [debug] [MainThread]: An error was encountered while trying to flush usage events
[0m09:59:03.109324 [debug] [MainThread]: Sending event: {'category': 'dbt', 'action': 'invocation', 'label': 'start', 'context': [<snowplow_tracker.self_describing_json.SelfDescribingJson object at 0x73e7224ffce0>, <snowplow_tracker.self_describing_json.SelfDescribingJson object at 0x73e721ff5160>, <snowplow_tracker.self_describing_json.SelfDescribingJson object at 0x73e7238c7800>]}


============================== 09:59:03.111857 | 2fb12660-b1b6-44f8-848a-9856fb67caae ==============================
[0m09:59:03.111857 [info ] [MainThread]: Running with dbt=1.11.0-b4
[0m09:59:03.112260 [debug] [MainThread]: running dbt with arguments {'invocation_command': 'dbt ', 'write_json': 'True', 'static_parser': 'True', 'log_format': 'default', 'cache_selected_only': 'False', 'quiet': 'False', 'indirect_selection': 'eager', 'debug': 'False', 'warn_error_options': 'WarnErrorOptionsV2(error=[], warn=[], silence=[])', 'introspect': 'True', 'target_path': 'None', 'printer_width': '80', 'fail_fast': 'False', 'log_path': '/home/phuoc19/Projects/end_to_end_aws/dbt_snowflake_trans/logs', 'version_check': 'True', 'use_colors': 'True', 'use_experimental_parser': 'False', 'log_cache_events': 'False', 'profiles_dir': '/home/phuoc19/.dbt', 'partial_parse': 'True', 'send_anonymous_usage_stats': 'True', 'warn_error': 'None', 'no_print': 'None', 'empty': 'None'}
[0m09:59:03.195023 [debug] [MainThread]: Sending event: {'category': 'dbt', 'action': 'project_id', 'label': '2fb12660-b1b6-44f8-848a-9856fb67caae', 'context': [<snowplow_tracker.self_describing_json.SelfDescribingJson object at 0x73e7238c7800>]}
[0m09:59:03.204180 [info ] [MainThread]: Warning: No packages were found in packages.yml
[0m09:59:03.204814 [info ] [MainThread]: Warning: No packages were found in packages.yml
[0m09:59:03.205783 [debug] [MainThread]: Resource report: {"command_name": "deps", "command_success": true, "command_wall_clock_time": 0.14299636, "process_in_blocks": "408", "process_kernel_time": 0.079717, "process_mem_max_rss": "102340", "process_out_blocks": "16", "process_user_time": 1.015404}
[0m09:59:03.206136 [debug] [MainThread]: Command `cli deps` succeeded at 09:59:03.206062 after 0.14 seconds
[0m09:59:03.206402 [debug] [MainThread]: Sending event: {'category': 'dbt', 'action': 'invocation', 'label': 'end', 'context': [<snowplow_tracker.self_describing_json.SelfDescribingJson object at 0x73e724672cc0>, <snowplow_tracker.self_describing_json.SelfDescribingJson object at 0x73e726733a70>, <snowplow_tracker.self_describing_json.SelfDescribingJson object at 0x73e722b186e0>]}
[0m09:59:03.206684 [debug] [MainThread]: Flushing usage events
[0m09:59:04.390114 [debug] [MainThread]: An error was encountered while trying to flush usage events
